carrier,year,month,scheduled,cancelled,diverted,flown,on_time,late15,arr_delay_sum,arr_delay_pos_sum,dep_delay_sum,crs_elapsed_sum,actual_elapsed_sum,padding_sum,padding_flights,padding_block_sum,cause_flights,cause_late_aircraft_sum,cause_carrier_sum,cause_nas_sum,cause_weather_sum,cause_security_sum,cause_arr_delay_sum
9E,2018,1,18234,1113,32,17089,13955,3134,54075.0,277718.0,203883.0,1949918.0,1800110.0,451094.10000000166,18191,2082891.0,3134,88424.0,79376.0,58544.0,39907.0,1.0,266252.0
9E,2018,2,17375,421,58,16896,13695,3201,83808.0,289230.0,218779.0,1924461.0,1789490.0,416020.80000000255,17339,1978094.0,3201,107602.0,80740.0,61596.0,27308.0,0.0,277246.0
9E,2018,3,21272,1533,30,19709,16127,3582,65997.0,247746.0,165294.0,2098640.0,1999343.0,437843.0999999995,21211,2275281.0,3582,89258.0,79839.0,50740.0,8399.0,297.0,228533.0
9E,2018,4,20901,541,60,20300,16323,3977,137374.0,331184.0,236597.0,2149921.0,2050698.0,425905.1999999999,20861,2213392.0,3977,137367.0,76396.0,80842.0,19771.0,55.0,314431.0
9E,2018,5,20130,221,46,19863,16622,3241,42900.0,263774.0,173158.0,2155211.0,2024953.0,414240.3000000003,20034,2176136.0,3241,86840.0,72655.0,67458.0,21827.0,14.0,248794.0
9E,2018,6,21948,148,61,21739,17821,3918,90732.0,318213.0,232048.0,2382809.0,2241493.0,473208.7000000006,21882,2400525.0,3918,119172.0,79695.0,81007.0,21199.0,88.0,301161.0
9E,2018,7,21462,657,59,20746,16634,4112,152873.0,365067.0,266042.0,2264257.0,2151088.0,460701.8000000004,21442,2349388.0,4112,135196.0,68447.0,120929.0,25077.0,2.0,349651.0
9E,2018,8,22820,1118,47,21655,17052,4603,226302.0,438438.0,331785.0,2347758.0,2242275.0,486770.0999999991,22797,2489778.0,4603,153849.0,93761.0,147867.0,26019.0,116.0,421612.0
9E,2018,9,19676,143,39,19494,16197,3297,53396.0,260435.0,149707.0,2134072.0,2037761.0,395734.9000000003,19621,2147503.0,3297,90065.0,55757.0,86607.0,13707.0,0.0,246136.0
9E,2018,10,20943,89,35,20819,17441,3378,22368.0,225961.0,112686.0,2281006.0,2190688.0,406937.29999999935,20907,2291362.0,3378,85763.0,52770.0,61393.0,7946.0,62.0,207934.0
9E,2018,11,19499,255,38,19206,15068,4138,112868.0,299685.0,199910.0,2110263.0,2023221.0,421104.4999999982,19385,2133445.0,4138,122101.0,68297.0,76074.0,16751.0,199.0,283422.0
9E,2018,12,20690,116,55,20519,17149,3370,13922.0,285574.0,201599.0,2311943.0,2124266.0,500619.9000000003,20570,2313811.0,3370,119827.0,78042.0,52067.0,21721.0,229.0,271886.0
9E,2019,1,20198,341,36,19821,15808,4013,85806.0,327419.0,227881.0,2224769.0,2082694.0,485582.2000000002,20175,2262776.0,4013,135321.0,65980.0,87678.0,24785.0,21.0,313785.0
9E,2019,2,18305,632,40,17633,13952,3681,76916.0,290930.0,208397.0,1985046.0,1853565.0,440400.60000000114,18294,2062413.0,3681,119727.0,71166.0,63038.0,24409.0,105.0,278445.0
9E,2019,3,22377,186,38,22153,18720,3433,27762.0,276050.0,177535.0,2400579.0,2250806.0,471132.6999999995,22305,2417890.0,3433,117443.0,73553.0,54994.0,14473.0,44.0,260507.0
9E,2019,4,21030,385,63,20582,16591,3991,133985.0,345581.0,249704.0,2244735.0,2129016.0,422616.7000000009,21010,2294976.0,3991,144502.0,85752.0,84423.0,16298.0,31.0,331006.0
9E,2019,5,21074,214,30,20830,17696,3134,11217.0,245791.0,149963.0,2235754.0,2097008.0,426631.29999999853,21014,2258075.0,3134,88850.0,57172.0,76000.0,10524.0,0.0,232546.0
9E,2019,6,21882,563,83,21236,15804,5432,325498.0,522910.0,445770.0,2261869.0,2141597.0,458925.5000000009,21809,2324834.0,5432,232257.0,124483.0,117237.0,33529.0,48.0,507554.0
9E,2019,7,22312,758,50,21504,17349,4155,161512.0,402474.0,319174.0,2275433.0,2117771.0,473864.69999999984,22239,2364317.0,4155,147873.0,100902.0,105923.0,33930.0,114.0,388742.0
9E,2019,8,23338,667,48,22623,18501,4122,100705.0,349402.0,248163.0,2398236.0,2250778.0,496010.3999999991,23258,2477078.0,4122,125743.0,88995.0,101727.0,17567.0,51.0,334083.0
9E,2019,9,20912,112,31,20769,18404,2365,-85488.0,181594.0,71771.0,2170455.0,2013196.0,412717.5000000003,20874,2182565.0,2365,60417.0,46414.0,55856.0,8430.0,16.0,171133.0
9E,2019,10,21516,113,28,21375,17898,3477,-1460.0,238210.0,133894.0,2282600.0,2147246.0,439999.0999999985,21448,2292250.0,3477,91933.0,51859.0,73080.0,6776.0,40.0,223688.0
9E,2019,11,20823,40,23,20760,18278,2482,-84445.0,182251.0,91326.0,2215454.0,2039683.0,448782.0000000002,20679,2206127.0,2482,70441.0,60642.0,35147.0,4143.0,27.0,170400.0
9E,2019,12,23365,246,57,23062,19097,3965,21147.0,319606.0,235656.0,2530749.0,2316240.0,554217.5000000047,23206,2546203.0,3965,126776.0,81530.0,73966.0,22658.0,150.0,305080.0
9E,2020,1,23068,76,37,22955,20440,2515,-141296.0,208586.0,107302.0,2476414.0,2227816.0,540380.4000000007,23025,2483186.0,2515,72418.0,64238.0,39587.0,20890.0,63.0,197196.0
9E,2020,2,21623,81,44,21498,18090,3408,-14665.0,278725.0,184437.0,2313728.0,2114626.0,503799.9999999992,21571,2321498.0,3408,122443.0,66874.0,61141.0,15416.0,23.0,265897.0
9E,2020,3,25996,3438,21,22537,20931,1606,-277021.0,110833.0,-9012.0,2387798.0,2119789.0,579082.9000000006,25671,2705948.0,1606,34257.0,45697.0,17961.0,3812.0,35.0,101762.0
9E,2020,4,6283,1916,3,4364,4083,281,-34354.0,19078.0,-15562.0,350012.0,331220.0,67277.79999999997,6239,520803.0,281,1567.0,10687.0,2979.0,1056.0,0.0,16289.0
9E,2020,5,7423,860,1,6562,6312,250,-54196.0,20450.0,-23746.0,547247.0,516797.0,67982.89999999998,7393,611306.0,250,972.0,13155.0,1702.0,1109.0,29.0,16967.0
9E,2020,6,9155,143,7,9005,8617,388,-74632.0,32468.0,-23461.0,752988.0,701817.0,94341.90000000002,9152,764752.0,388,2967.0,20672.0,3522.0,1348.0,67.0,28576.0
9E,2020,7,16292,17,28,16247,15014,1233,-68242.0,83494.0,-13949.0,1339037.0,1284744.0,162832.59999999907,16279,1341579.0,1233,13765.0,34485.0,18916.0,6415.0,317.0,73898.0
9E,2020,8,17899,169,27,17703,16401,1302,-117150.0,101148.0,14321.0,1548822.0,1417351.0,248043.09999999963,17899,1567801.0,1302,23582.0,46677.0,14539.0,9085.0,78.0,93961.0
9E,2020,9,18929,46,4,18879,18260,619,-189912.0,43918.0,-48241.0,1626441.0,1484770.0,240860.6,18927,1630186.0,619,5359.0,26242.0,4077.0,1790.0,92.0,37560.0
9E,2020,10,21639,28,22,21589,20365,1224,-157821.0,90826.0,-14495.0,1879849.0,1736523.0,289720.7999999981,21639,1884253.0,1224,17071.0,44971.0,13330.0,5806.0,36.0,81214.0
9E,2020,11,21081,2,21,21058,20045,1013,-215268.0,64472.0,-41829.0,1893045.0,1719606.0,334915.69999999856,21071,1894267.0,1013,11801.0,27980.0,14354.0,2551.0,50.0,56736.0
9E,2020,12,22010,166,26,21818,19923,1895,-97369.0,140998.0,33743.0,1991099.0,1859987.0,322581.5000000009,21988,2009221.0,1895,29976.0,61305.0,24968.0,10256.0,98.0,126603.0
9E,2021,1,19501,23,25,19453,18069,1384,-149132.0,123228.0,30221.0,1811301.0,1631948.0,350688.9999999993,19440,1810835.0,1384,28268.0,41965.0,19833.0,23656.0,81.0,113803.0
9E,2021,2,17360,524,28,16808,15386,1422,-105130.0,124760.0,43755.0,1554819.0,1405934.0,325501.600000001,17338,1610753.0,1422,30081.0,33600.0,19870.0,31920.0,91.0,115562.0
9E,2021,3,21394,0,24,21370,20248,1122,-229037.0,77244.0,-18720.0,1923334.0,1713017.0,381810.300000002,21391,1925329.0,1122,15618.0,33874.0,14838.0,4550.0,70.0,68950.0
9E,2021,4,22560,0,21,22539,21511,1028,-266326.0,75928.0,-12363.0,2058746.0,1804783.0,418595.59999999934,22556,2060097.0,1028,15900.0,37157.0,9068.0,6396.0,51.0,68572.0
9E,2021,5,24103,13,22,24068,22311,1757,-159876.0,144311.0,62534.0,2176638.0,1954228.0,398342.9999999993,23865,2154371.0,1757,49102.0,53108.0,21288.0,9948.0,333.0,133779.0
9E,2021,6,25214,38,58,25118,22312,2806,-75302.0,220013.0,147112.0,2335514.0,2113100.0,436724.39999999927,25068,2328877.0,2806,65850.0,84869.0,35741.0,19633.0,90.0,206183.0
9E,2021,7,25057,112,81,24864,22089,2775,-54711.0,231537.0,153046.0,2333180.0,2125423.0,443540.10000000097,24934,2339250.0,2775,65095.0,79068.0,49947.0,22104.0,193.0,216407.0
9E,2021,8,23060,66,60,22934,20324,2610,-27259.0,201065.0,109799.0,2082105.0,1945047.0,347080.7000000009,23035,2090570.0,2610,55233.0,74302.0,38066.0,17237.0,210.0,185048.0
9E,2021,9,21946,80,16,21850,20339,1511,-93500.0,122179.0,29174.0,1945878.0,1823204.0,291261.00000000093,21782,1940817.0,1511,25750.0,45058.0,28745.0,8564.0,194.0,108311.0
9E,2021,10,23482,0,33,23449,21495,1954,-99283.0,142947.0,49186.0,2158430.0,2009961.0,352540.09999999806,23417,2157034.0,1954,38756.0,58757.0,19916.0,8993.0,53.0,126475.0
9E,2021,11,21149,15,21,21113,19190,1923,-109997.0,121395.0,26798.0,2044900.0,1908105.0,366799.0999999984,21044,2037722.0,1923,29187.0,47320.0,23419.0,5306.0,254.0,105486.0
9E,2021,12,21876,115,33,21728,19367,2361,-69176.0,186640.0,94159.0,2160572.0,1997237.0,414844.2999999996,21736,2158526.0,2361,49780.0,61002.0,30892.0,29010.0,96.0,170780.0
9E,2022,1,21644,1346,39,20259,16982,3277,40199.0,267638.0,164285.0,2009723.0,1885637.0,425838.299999999,21595,2154576.0,3277,78910.0,93528.0,47759.0,31192.0,159.0,251548.0
9E,2022,2,18940,771,22,18147,15291,2856,38860.0,243101.0,156010.0,1816820.0,1699670.0,371961.0999999981,18880,1895701.0,2856,81364.0,67040.0,50344.0,31099.0,111.0,229958.0
9E,2022,3,21308,341,61,20906,17414,3492,89526.0,283781.0,175028.0,2041323.0,1955821.0,367016.50000000116,21244,2077482.0,3492,95722.0,74983.0,71122.0,23816.0,181.0,265824.0
9E,2022,4,20235,209,27,19999,17192,2807,15423.0,211443.0,118375.0,1966812.0,1863860.0,343845.2999999996,20153,1984759.0,2807,66892.0,68674.0,50032.0,9898.0,139.0,195635.0
9E,2022,5,20379,624,35,19720,16516,3204,108139.0,283716.0,195061.0,1943934.0,1857012.0,346043.2000000009,20268,2007310.0,3204,73971.0,99997.0,77485.0,15364.0,21.0,266838.0
9E,2022,6,19874,1413,56,18405,15231,3174,123230.0,308379.0,239538.0,1835037.0,1718729.0,372544.10000000446,19796,1993227.0,3174,94365.0,107620.0,75165.0,18069.0,0.0,295219.0
9E,2022,7,20166,1117,78,18971,15311,3660,139858.0,324446.0,246746.0,1912171.0,1805283.0,391300.4000000039,20141,2049219.0,3660,102406.0,122018.0,70060.0,15618.0,231.0,310333.0
9E,2022,8,19893,1017,26,18850,15550,3300,94502.0,283818.0,196959.0,1890900.0,1788443.0,384245.80000000173,19758,2000441.0,3300,73905.0,95329.0,82327.0,18032.0,73.0,269666.0
9E,2022,9,17960,200,17,17743,15535,2208,-35214.0,180208.0,98300.0,1832907.0,1699393.0,362480.29999999783,17871,1848277.0,2208,64433.0,53946.0,41341.0,9474.0,0.0,169194.0
9E,2022,10,18091,302,46,17743,15050,2693,27301.0,230192.0,151680.0,1843237.0,1718858.0,370977.29999999894,18015,1873925.0,2693,80125.0,62186.0,65335.0,10676.0,38.0,218360.0
9E,2022,11,16791,270,53,16468,13608,2860,56062.0,213633.0,119749.0,1676124.0,1612437.0,325849.3999999992,16555,1687195.0,2860,68019.0,53231.0,64203.0,13019.0,23.0,198495.0
9E,2022,12,16660,592,32,16036,13094,2942,63682.0,238280.0,173760.0,1691512.0,1581434.0,373748.1000000008,15968,1686070.0,2942,64779.0,74373.0,51539.0,33945.0,162.0,224798.0
9E,2023,1,16926,249,40,16637,13063,3574,119862.0,288642.0,201436.0,1696912.0,1615338.0,343485.79999999993,16068,1646742.0,3574,99638.0,79795.0,64925.0,29651.0,84.0,274093.0
9E,2023,2,14633,356,14,14263,12387,1876,-40884.0,145259.0,80238.0,1476271.0,1355149.0,316580.0999999991,13720,1427353.0,1876,45657.0,42255.0,34277.0,13209.0,0.0,135398.0
9E,2023,3,16941,232,31,16678,14199,2479,2796.0,182663.0,101656.0,1719309.0,1620449.0,347641.2999999993,15973,1651258.0,2479,54854.0,54785.0,43490.0,15274.0,201.0,168604.0
9E,2023,4,15572,113,37,15422,13124,2298,16268.0,182734.0,111304.0,1563273.0,1468237.0,297352.19999999984,14456,1478759.0,2298,70796.0,43261.0,46980.0,10228.0,105.0,171370.0
9E,2023,5,16005,16,13,15976,14731,1245,-131234.0,82420.0,18501.0,1661418.0,1511683.0,329147.9000000006,14927,1562692.0,1245,22136.0,34074.0,12095.0,5398.0,41.0,73744.0
9E,2023,6,17307,894,50,16363,13693,2670,36197.0,221148.0,165012.0,1682847.0,1554032.0,368784.599999998,16497,1710475.0,2670,69743.0,62816.0,63244.0,14194.0,120.0,210117.0
9E,2023,7,17633,1124,52,16457,13128,3329,125545.0,300067.0,242576.0,1685989.0,1568958.0,378356.2999999989,16837,1741098.0,3329,97232.0,79194.0,86693.0,25225.0,49.0,288393.0
9E,2023,8,18121,325,45,17751,14931,2820,30714.0,248886.0,184490.0,1858344.0,1704568.0,384440.09999999934,17302,1812332.0,2820,93293.0,80298.0,44959.0,18914.0,39.0,237503.0
9E,2023,9,17319,777,37,16505,13959,2546,36771.0,219670.0,149023.0,1677222.0,1564970.0,340949.8999999984,16474,1682920.0,2546,69312.0,64930.0,56562.0,17458.0,55.0,208317.0
9E,2023,10,17796,0,19,17777,16434,1343,-168471.0,99640.0,22757.0,1901840.0,1710612.0,387079.2999999992,16874,1809829.0,1343,31048.0,41673.0,11478.0,7333.0,0.0,91532.0
9E,2023,11,16379,0,5,16374,15033,1341,-162268.0,83768.0,10993.0,1784838.0,1611577.0,378498.4999999986,15526,1689446.0,1341,22437.0,37235.0,12886.0,2553.0,104.0,75215.0
9E,2023,12,16888,156,30,16702,14820,1882,-101934.0,155036.0,94769.0,1827617.0,1630914.0,397366.9999999996,16113,1762327.0,1882,52343.0,55407.0,23042.0,15119.0,251.0,146162.0
9E,2024,1,16972,706,47,16219,12448,3771,171352.0,352045.0,273135.0,1756671.0,1654888.0,358419.09999999835,16149,1744878.0,3771,138168.0,90471.0,64555.0,46799.0,73.0,340066.0
9E,2024,2,15656,233,31,15392,13804,1588,-99907.0,126069.0,48896.0,1716870.0,1568067.0,327921.9999999982,14797,1644128.0,1588,49823.0,38964.0,22241.0,6812.0,0.0,117840.0
9E,2024,3,17062,14,20,17028,14962,2066,-64543.0,150962.0,71432.0,1842558.0,1706583.0,349357.80000000115,16268,1755642.0,2066,53156.0,50614.0,28221.0,7781.0,115.0,139887.0
9E,2024,4,16964,158,28,16778,14669,2109,-37611.0,159282.0,76029.0,1790739.0,1677099.0,330868.2999999993,16159,1719991.0,2109,54154.0,50122.0,36615.0,7390.0,133.0,148414.0
9E,2024,5,16310,203,50,16057,13484,2573,50583.0,225992.0,146677.0,1714776.0,1618682.0,304796.29999999714,15432,1646614.0,2573,95118.0,49818.0,51726.0,17582.0,213.0,214457.0
9E,2024,6,16692,542,34,16116,12969,3147,88549.0,258559.0,184317.0,1718340.0,1622572.0,318971.40000000194,15667,1660043.0,3147,94832.0,77918.0,63746.0,10336.0,40.0,246872.0
9E,2024,7,17257,1390,71,15796,11237,4559,312117.0,449039.0,377130.0,1691122.0,1626109.0,338907.60000000114,16192,1720083.0,4559,192697.0,140512.0,89910.0,14366.0,71.0,437556.0
9E,2024,8,17102,1186,43,15873,12569,3304,130767.0,295046.0,204049.0,1683680.0,1610398.0,335483.70000000077,16106,1698969.0,3304,98774.0,79604.0,88336.0,17306.0,85.0,284105.0
9E,2024,9,15868,109,26,15733,14209,1524,-77888.0,119054.0,26441.0,1644211.0,1539882.0,297955.3000000001,15030,1546766.0,1524,40083.0,38764.0,21076.0,9724.0,27.0,109674.0
9E,2024,10,16841,0,8,16833,15507,1326,-119720.0,94507.0,394.0,1744978.0,1624864.0,312123.19999999984,15988,1630582.0,1326,26333.0,40789.0,15191.0,3230.0,31.0,85574.0
9E,2024,11,16019,4,18,15997,14448,1549,-100390.0,104803.0,12440.0,1686864.0,1574034.0,314380.49999999854,15157,1573643.0,1549,33471.0,33428.0,22843.0,5828.0,53.0,95623.0
9E,2024,12,17351,63,38,17250,13884,3366,74785.0,261573.0,186372.0,1837233.0,1725646.0,374127.69999999856,16482,1730872.0,3366,107327.0,70097.0,51482.0,19038.0,204.0,248148.0
AA,2015,1,44059,900,85,43074,33545,9529,299616.0,610295.0,454359.0,7499104.0,7344361.0,749433.6999999963,44015,7675368.0,9529,225852.0,203731.0,100460.0,24820.0,636.0,555499.0
AA,2015,2,39835,2554,101,37180,29255,7925,279973.0,549336.0,373789.0,6504346.0,6410530.0,680998.099999995,39802,6942768.0,7925,159419.0,166410.0,124060.0,51263.0,511.0,501663.0
AA,2015,3,45966,1428,98,44440,34675,9765,297463.0,627864.0,491647.0,7841182.0,7646998.0,821400.1999999997,45830,8067271.0,9765,220425.0,221901.0,108849.0,18417.0,412.0,570004.0
AA,2015,4,44770,354,237,44179,35445,8734,217881.0,610182.0,462481.0,7878243.0,7633643.0,928745.8000000212,44761,7973073.0,8734,216927.0,170301.0,127282.0,46744.0,403.0,561657.0
AA,2015,5,44710,884,215,43611,34994,8617,225638.0,620141.0,479090.0,7827463.0,7574011.0,924918.9000000067,44675,7991499.0,8617,210342.0,180196.0,121168.0,61860.0,444.0,574010.0
AA,2015,6,44360,539,207,43614,33807,9807,357243.0,712397.0,614770.0,7849972.0,7592445.0,877936.3999999972,44321,7971089.0,9807,269894.0,222632.0,136498.0,36383.0,605.0,666012.0
AA,2015,7,81434,562,222,80650,65170,15480,312151.0,987608.0,781391.0,13828348.0,13359108.0,1535336.0000000014,81342,13941575.0,15480,358271.0,300368.0,205446.0,37235.0,1610.0,902930.0
AA,2015,8,79748,790,250,78708,64260,14448,251386.0,941758.0,732100.0,13467178.0,12986464.0,1513602.6999999955,79697,13628288.0,14448,298607.0,319672.0,198959.0,43023.0,2538.0,862799.0
AA,2015,9,73379,353,138,72888,62814,10074,-104429.0,623136.0,360138.0,12183739.0,11719172.0,1434601.5000000023,73195,12213880.0,10074,176240.0,219156.0,132444.0,26235.0,1189.0,555264.0
AA,2015,10,77290,725,184,76381,66202,10179,-44372.0,666034.0,401752.0,12665158.0,12219034.0,1503718.4000000027,77236,12788148.0,10179,192382.0,220804.0,139994.0,34438.0,1074.0,588692.0
AA,2015,11,73871,552,187,73132,61828,11304,56504.0,727228.0,466780.0,12175402.0,11765126.0,1517527.6000000057,73663,12264653.0,11304,216298.0,226795.0,159511.0,39566.0,4324.0,646494.0
AA,2015,12,76562,1278,206,75078,60661,14417,311550.0,935931.0,674143.0,12767813.0,12405220.0,1488554.6999999878,76266,12961602.0,14417,288645.0,302028.0,205890.0,47436.0,2412.0,846411.0
AA,2016,1,75580,2720,124,72736,60292,12444,140691.0,777930.0,515308.0,12194504.0,11819887.0,1468666.7999999886,75459,12643764.0,12444,218133.0,292253.0,147387.0,36255.0,1440.0,695468.0
AA,2016,2,71440,1003,137,70300,59301,10999,62780.0,724400.0,410282.0,11775927.0,11428425.0,1388134.5999999957,71375,11923591.0,10999,212412.0,220116.0,187327.0,32547.0,1012.0,653414.0
AA,2016,3,79119,431,174,78514,63812,14702,280778.0,930715.0,598882.0,13282670.0,12964566.0,1549526.6000000185,78990,13354279.0,14702,313199.0,282436.0,210297.0,33287.0,3048.0,842267.0
AA,2016,4,74859,660,170,74029,62516,11513,137573.0,759042.0,429234.0,12427175.0,12135514.0,1383527.1000000113,74846,12549874.0,11513,229446.0,231551.0,179911.0,35443.0,1105.0,677456.0
AA,2016,5,78678,493,263,77922,63482,14440,391323.0,992773.0,646492.0,13052934.0,12797765.0,1451190.5000000112,78551,13147574.0,14440,311242.0,299722.0,222815.0,68842.0,1584.0,904205.0
AA,2016,6,79648,831,278,78539,57675,20864,1012411.0,1491591.0,1177927.0,13420122.0,13254606.0,1368494.7000000044,79548,13576903.0,20864,555533.0,454836.0,299463.0,81849.0,1890.0,1393571.0
AA,2016,7,81678,1432,334,79912,57721,22191,1130979.0,1624046.0,1307456.0,13719336.0,13542859.0,1399309.1999999988,81556,13980536.0,22191,604530.0,473587.0,357317.0,90892.0,2323.0,1528649.0
AA,2016,8,80241,1498,317,78426,57670,20756,985438.0,1492651.0,1159185.0,13299621.0,13125874.0,1414895.4000000001,80163,13580054.0,20756,517566.0,455494.0,339962.0,84790.0,4094.0,1401906.0
AA,2016,9,72460,243,114,72103,60121,11982,148749.0,753202.0,423315.0,11865100.0,11590534.0,1358509.9000000283,72440,11913505.0,11982,218627.0,233191.0,189906.0,32480.0,923.0,675127.0
AA,2016,10,75171,825,86,74260,63657,10603,-1611.0,627445.0,340433.0,12336049.0,11994005.0,1452250.8999999934,75153,12476730.0,10603,176503.0,207907.0,152090.0,6869.0,1061.0,544430.0
AA,2016,11,71819,181,87,71551,61344,10207,-121199.0,595302.0,300758.0,11985521.0,11563564.0,1471189.8000000035,71601,11990540.0,10207,175517.0,178474.0,154813.0,7950.0,1465.0,518219.0
AA,2016,12,73802,550,132,73120,58368,14752,415848.0,966997.0,680610.0,12577887.0,12313125.0,1450720.3000000145,73641,12677681.0,14752,327894.0,300622.0,204664.0,39547.0,1926.0,874653.0
AA,2017,1,73132,980,205,71947,57948,13999,237929.0,862284.0,531564.0,12251952.0,11958317.0,1495751.3999999939,73081,12455555.0,13999,262373.0,262291.0,215165.0,32928.0,2494.0,775251.0
AA,2017,2,67123,791,115,66217,57171,9046,-81405.0,575469.0,282048.0,11199069.0,10835616.0,1390655.5999999924,67082,11353731.0,9046,161090.0,189352.0,139540.0,15534.0,454.0,505970.0
AA,2017,3,78114,1225,134,76755,62642,14113,262198.0,895895.0,594970.0,13078895.0,12746123.0,1636868.6000000013,77972,13288966.0,14113,297770.0,280480.0,207236.0,17839.0,1536.0,804861.0
AA,2017,4,73656,745,142,72769,57950,14819,436772.0,1028578.0,701307.0,12295428.0,12030893.0,1475200.2000000044,73636,12425134.0,14819,367915.0,280228.0,272635.0,28976.0,1100.0,950854.0
AA,2017,5,77328,498,161,76669,61970,14699,327590.0,950342.0,633871.0,13009526.0,12703245.0,1555987.5000000226,77238,13103199.0,14699,313351.0,270284.0,264601.0,17832.0,1357.0,867425.0
AA,2017,6,77129,1294,241,75594,56451,19143,847592.0,1374141.0,1061242.0,13124700.0,12911050.0,1497381.4999999802,77017,13370047.0,19143,509330.0,361406.0,337484.0,75036.0,1836.0,1285092.0
AA,2017,7,79403,1506,330,77567,58040,19527,867689.0,1425318.0,1137632.0,13562547.0,13292604.0,1539169.500000005,79185,13833000.0,19527,527143.0,404061.0,313719.0,90966.0,3345.0,1339234.0
AA,2017,8,79269,994,236,78039,61568,16471,510286.0,1076725.0,745142.0,13444520.0,13209664.0,1491073.1999999925,79158,13625529.0,16471,361097.0,307719.0,266876.0,45074.0,2437.0,983203.0
AA,2017,9,72061,3328,113,68620,59686,8934,-42907.0,572668.0,279440.0,11402234.0,11079887.0,1349726.5000000014,72049,11980596.0,8934,159993.0,191177.0,128703.0,22351.0,1442.0,503666.0
AA,2017,10,75712,362,119,75231,64428,10803,74373.0,680610.0,379324.0,12494316.0,12189365.0,1420656.2999999993,75697,12571473.0,10803,201191.0,219471.0,160783.0,12016.0,1534.0,594995.0
AA,2017,11,69677,103,80,69494,61856,7638,-244720.0,465894.0,232802.0,11744382.0,11266860.0,1519652.0000000075,69514,11755175.0,7638,135721.0,167366.0,83816.0,5578.0,4339.0,396820.0
AA,2017,12,73744,312,116,73316,60482,12834,201820.0,844877.0,577410.0,12771003.0,12395413.0,1593635.3000000003,73495,12798475.0,12834,270496.0,265343.0,180593.0,43889.0,1260.0,761581.0
AA,2018,1,73598,1478,106,72014,60695,11319,30903.0,748535.0,494784.0,12529797.0,12065916.0,1686540.1999999916,73453,12770701.0,11319,231271.0,254933.0,151264.0,37252.0,1189.0,675909.0
AA,2018,2,68389,855,173,67361,55230,12131,135375.0,773925.0,492737.0,11627952.0,11270590.0,1580045.5999999885,68299,11772738.0,12131,248001.0,222586.0,196917.0,36389.0,798.0,704691.0
AA,2018,3,78208,2489,117,75602,64402,11200,-16166.0,692375.0,468265.0,13052805.0,12568374.0,1773353.399999991,78026,13449380.0,11200,225735.0,243550.0,122518.0,17616.0,1424.0,610843.0
AA,2018,4,74384,456,161,73767,62430,11337,38006.0,745591.0,487493.0,12640545.0,12191058.0,1646692.1000000024,74351,12732851.0,11337,242304.0,242185.0,158718.0,28982.0,812.0,673001.0
AA,2018,5,77957,966,240,76751,61279,15472,456674.0,1116095.0,859445.0,13139699.0,12736928.0,1628362.2000000132,77876,13318454.0,15472,410229.0,323080.0,247064.0,57843.0,773.0,1038989.0
AA,2018,6,78363,1397,254,76712,57787,18925,751692.0,1304102.0,1068538.0,13249862.0,12933016.0,1557671.699999992,78277,13496329.0,18925,499293.0,381238.0,249569.0,85504.0,1137.0,1216741.0
AA,2018,7,80736,1873,265,78598,56550,22048,1022704.0,1572740.0,1317777.0,13652226.0,13357153.0,1618384.1000000052,80722,14000798.0,22048,597944.0,446046.0,332175.0,104148.0,2277.0,1482590.0
AA,2018,8,80406,1417,297,78692,58316,20376,883355.0,1451561.0,1135155.0,13520777.0,13268977.0,1603225.399999998,80353,13789791.0,20376,511197.0,416681.0,346709.0,87430.0,1393.0,1363410.0
AA,2018,9,75129,1442,235,73452,58834,14618,429192.0,1040992.0,685804.0,12327084.0,12070472.0,1455952.4000000078,75071,12562284.0,14618,328853.0,309229.0,253623.0,63471.0,8805.0,963981.0
AA,2018,10,78963,676,195,78092,62258,15834,500094.0,1089852.0,758969.0,12964386.0,12705511.0,1530454.900000005,78953,13093287.0,15834,392378.0,323298.0,225072.0,52750.0,835.0,994333.0
AA,2018,11,74564,510,119,73935,60356,13579,364046.0,917560.0,624259.0,12272609.0,12012396.0,1535646.3,74233,12320806.0,13579,286119.0,297767.0,200162.0,36307.0,1216.0,821571.0
AA,2018,12,76121,1386,184,74551,60596,13955,290414.0,887599.0,597206.0,12643831.0,12337039.0,1527141.99999998,75966,12853665.0,13955,282640.0,274767.0,189665.0,41538.0,1788.0,790398.0
AA,2019,1,77017,1511,152,75354,61613,13741,247140.0,892755.0,580843.0,12650023.0,12316320.0,1607195.699999996,76854,12890449.0,13741,274148.0,270663.0,216248.0,42914.0,1603.0,805576.0
AA,2019,2,71059,860,167,70032,53829,16203,502450.0,1045865.0,755595.0,11767944.0,11514799.0,1507689.0999999982,70979,11925253.0,16203,366252.0,303360.0,250326.0,38317.0,1341.0,959596.0
AA,2019,3,80027,1719,86,78222,62642,15580,475428.0,1096359.0,865558.0,13210445.0,12820315.0,1673096.6000000103,79859,13473722.0,15580,436579.0,357541.0,173228.0,36076.0,1117.0,1004541.0
AA,2019,4,76765,2634,213,73918,58021,15897,588140.0,1179973.0,936644.0,12359012.0,12010508.0,1586995.099999998,76714,12790885.0,15897,428728.0,373600.0,238300.0,58039.0,1351.0,1100018.0
AA,2019,5,81666,2772,246,78648,57530,21118,1106529.0,1641240.0,1386139.0,13065572.0,12785962.0,1566433.8000000222,81482,13489780.0,21118,643959.0,455936.0,339010.0,110260.0,1079.0,1550244.0
AA,2019,6,80090,3671,351,76068,53703,22365,1163151.0,1665188.0,1443391.0,12813225.0,12532985.0,1571954.3999999901,80012,13454986.0,22365,646665.0,512086.0,330886.0,84518.0,3305.0,1577460.0
AA,2019,7,81801,2554,353,78894,60317,18577,794492.0,1454011.0,1273498.0,13351809.0,12872803.0,1648030.7999999898,81762,13829016.0,18577,562320.0,449424.0,272900.0,90248.0,1753.0,1376645.0
AA,2019,8,82689,1869,263,80557,61657,18900,745095.0,1419476.0,1177765.0,13565924.0,13133254.0,1676583.6999999988,82614,13898473.0,18900,530155.0,417206.0,309858.0,80021.0,3166.0,1340406.0
AA,2019,9,77663,1130,110,76423,64400,12023,120152.0,871622.0,605046.0,12477207.0,11992313.0,1523403.3000000238,77553,12650072.0,12023,305000.0,280990.0,196615.0,19779.0,1186.0,803570.0
AA,2019,10,81028,867,204,79957,65249,14708,338014.0,1026492.0,755792.0,13040209.0,12622431.0,1616021.1000000031,81005,13196407.0,14708,365324.0,323997.0,218240.0,34308.0,965.0,942834.0
AA,2019,11,77566,387,104,77075,65707,11368,51503.0,807281.0,557016.0,12797188.0,12291675.0,1694537.800000016,77114,12809580.0,11368,283323.0,297484.0,129217.0,18176.0,1070.0,729270.0
AA,2019,12,79405,177,134,79094,64477,14617,305632.0,996150.0,775772.0,13418798.0,12948658.0,1675211.4999999974,78766,13341913.0,14617,357265.0,321322.0,203348.0,23198.0,1361.0,906494.0
AA,2020,1,76276,685,119,75472,64124,11348,20610.0,818853.0,572805.0,12791599.0,12239404.0,1700486.699999984,76113,12884512.0,11348,274339.0,307687.0,133656.0,29139.0,1818.0,746639.0
AA,2020,2,72402,725,100,71577,60230,11347,84185.0,858292.0,626388.0,12095183.0,11552980.0,1630662.5000000203,72261,12184754.0,11347,289558.0,314045.0,160952.0,24147.0,1177.0,789879.0
AA,2020,3,80330,15282,95,64953,57193,7760,-280726.0,531127.0,174224.0,10983624.0,10528674.0,1699420.7000000014,80035,13375328.0,7760,158299.0,205294.0,105153.0,10841.0,562.0,480149.0
AA,2020,4,42362,16574,25,25763,24276,1487,-402684.0,105623.0,-80303.0,4237601.0,3915220.0,871372.6999999993,42291,6837483.0,1487,17882.0,64660.0,10306.0,3124.0,215.0,96187.0
AA,2020,5,21904,21,30,21853,20866,987,-328906.0,68471.0,-48449.0,3563143.0,3282686.0,438138.6999999993,21879,3564447.0,987,15194.0,34303.0,6497.0,3881.0,1022.0,60897.0
AA,2020,6,27054,8,56,26990,25203,1787,-230953.0,126275.0,-7649.0,4399165.0,4175861.0,443154.8999999965,27040,4409182.0,1787,23056.0,60249.0,16743.0,10068.0,271.0,110387.0
AA,2020,7,46161,307,137,45717,41312,4405,-198736.0,316696.0,44151.0,7437548.0,7194661.0,722792.5999999997,46146,7502410.0,4405,74222.0,119694.0,57441.0,29032.0,768.0,281157.0
AA,2020,8,46807,198,143,46466,42177,4289,-241652.0,276534.0,-7228.0,7398219.0,7163795.0,725631.3999999969,46771,7447442.0,4289,51214.0,102235.0,60183.0,25402.0,1738.0,240772.0
AA,2020,9,38890,169,90,38631,35161,3470,-187925.0,228645.0,41179.0,6201218.0,5972114.0,634840.299999997,38831,6229794.0,3470,39117.0,87461.0,51790.0,15455.0,1945.0,195768.0
AA,2020,10,40644,38,42,40564,35748,4816,-73081.0,318370.0,137185.0,6607253.0,6396987.0,706836.8999999955,40597,6616965.0,4816,79832.0,124503.0,57472.0,13139.0,1634.0,276580.0
AA,2020,11,38480,45,43,38392,34864,3528,-253549.0,239364.0,43467.0,6596631.0,6299615.0,838178.1000000008,38249,6548048.0,3528,50157.0,107406.0,40189.0,6151.0,1251.0,205154.0
AA,2020,12,38496,210,55,38231,33904,4327,-142561.0,314394.0,125702.0,6701980.0,6433717.0,821057.6999999858,38368,6722825.0,4327,66564.0,127147.0,68509.0,16071.0,560.0,278851.0
AA,2021,1,38226,258,62,37906,33979,3927,-230350.0,310155.0,122317.0,6632118.0,6279451.0,876137.1999999859,38147,6667273.0,3927,63297.0,115829.0,78123.0,24452.0,1096.0,282797.0
AA,2021,2,34256,2140,68,32048,27644,4404,-66490.0,355486.0,204144.0,5663737.0,5393103.0,811432.8999999979,34178,6020649.0,4404,75683.0,126419.0,69169.0,57584.0,1273.0,330128.0
AA,2021,3,47648,296,95,47257,42600,4657,-289925.0,374222.0,205295.0,8339043.0,7843823.0,1188742.9999999974,47350,8326628.0,4657,97473.0,156763.0,70630.0,15362.0,1739.0,341967.0
AA,2021,4,52305,336,75,51894,46125,5769,-259842.0,425558.0,248834.0,9015587.0,8506911.0,1233021.0999999875,52237,9071292.0,5769,114486.0,172380.0,78397.0,18915.0,3825.0,388003.0
AA,2021,5,61032,607,263,60162,51253,8909,82802.0,767789.0,597605.0,10509368.0,9994565.0,1318390.0000000033,60699,10538481.0,8909,241514.0,281557.0,134647.0,60163.0,2427.0,720308.0
AA,2021,6,70426,2400,262,67764,50173,17591,909724.0,1453344.0,1363949.0,11732114.0,11277889.0,1434643.8000000026,70319,12129878.0,17591,550123.0,526942.0,207486.0,92065.0,4635.0,1381251.0
AA,2021,7,72965,1223,360,71382,53447,17935,854985.0,1448665.0,1368094.0,12373607.0,11860498.0,1483210.8000000007,72893,12606993.0,17935,581457.0,517268.0,187685.0,85123.0,4547.0,1376080.0
AA,2021,8,73448,3551,390,69507,53157,16350,727255.0,1360535.0,1230203.0,11988687.0,11485739.0,1479436.2000000044,73215,12551780.0,16350,482686.0,514757.0,191941.0,104649.0,3675.0,1297708.0
AA,2021,9,67576,759,132,66685,57495,9190,-38136.0,715094.0,513790.0,11258108.0,10706182.0,1359694.199999986,67352,11337534.0,9190,250142.0,284358.0,98562.0,28440.0,2629.0,664131.0
AA,2021,10,73778,3106,147,70525,57226,13299,356552.0,1042547.0,913696.0,11838666.0,11281522.0,1530262.9999999679,73641,12332513.0,13299,382109.0,432892.0,135970.0,24701.0,3383.0,979055.0
AA,2021,11,72908,1347,106,71455,60286,11169,40115.0,801323.0,686597.0,12048337.0,11401855.0,1615979.7000000128,72361,12149427.0,11169,304145.0,355404.0,65305.0,8226.0,3185.0,736265.0
AA,2021,12,71824,455,130,71239,59661,11578,113010.0,844205.0,682374.0,12181510.0,11612146.0,1522649.4000000062,71457,12196898.0,11578,317044.0,336696.0,105294.0,12282.0,3577.0,774893.0
AA,2022,1,69400,2939,91,66370,56607,9763,-71403.0,766572.0,523473.0,11341226.0,10746350.0,1560792.8000000229,69330,11833630.0,9763,245968.0,341638.0,99241.0,28206.0,1733.0,716786.0
AA,2022,2,64867,5362,102,59403,46654,12749,502390.0,994937.0,758983.0,9808570.0,9551977.0,1154397.2999999966,64789,10658492.0,12749,310399.0,392979.0,161138.0,60842.0,2625.0,927983.0
AA,2022,3,71264,770,192,70302,57528,12774,318392.0,939869.0,694168.0,11760105.0,11384329.0,1366884.900000008,71076,11876539.0,12774,318260.0,344517.0,175142.0,25581.0,2533.0,866033.0
AA,2022,4,67177,1350,198,65629,52098,13531,510142.0,1049946.0,862457.0,10981002.0,10628687.0,1298405.6999999965,67125,11223391.0,13531,405587.0,360191.0,173427.0,38200.0,1938.0,979343.0
AA,2022,5,71652,1154,215,70283,54893,15390,634265.0,1189545.0,990037.0,11569176.0,11213404.0,1320871.8999999908,71530,11758056.0,15390,451018.0,403334.0,189886.0,68856.0,1212.0,1114306.0
AA,2022,6,74979,4713,285,69981,48104,21877,1366656.0,1792408.0,1635842.0,11440330.0,11171144.0,1247572.8000000129,74902,12226398.0,21877,717403.0,651688.0,235775.0,102471.0,2363.0,1709700.0
AA,2022,7,76614,2448,263,73903,52093,21810,1273988.0,1765845.0,1571567.0,12137735.0,11840156.0,1266222.000000014,76562,12552541.0,21810,764782.0,606730.0,220919.0,89805.0,2909.0,1685145.0
AA,2022,8,78327,3302,333,74692,55173,19519,1005428.0,1546309.0,1295435.0,12142864.0,11852857.0,1293980.8999999927,78158,12670267.0,19519,585473.0,534621.0,235488.0,108880.0,3314.0,1467776.0
AA,2022,9,72211,1303,163,70745,56923,13822,515413.0,1122761.0,887251.0,11376551.0,11004713.0,1234314.1999999965,72091,11567710.0,13822,438594.0,426693.0,141248.0,46163.0,1484.0,1054182.0
AA,2022,10,77601,578,148,76875,63307,13568,503984.0,1157502.0,916140.0,12283824.0,11871668.0,1376163.2000000014,77454,12365248.0,13568,486899.0,413362.0,140577.0,37965.0,2084.0,1080887.0
AA,2022,11,73904,801,150,72953,57574,15379,698703.0,1269859.0,1002429.0,11804765.0,11501039.0,1399162.100000002,73596,11894174.0,15379,535472.0,448246.0,162988.0,36787.0,1994.0,1185487.0
AA,2022,12,76149,1174,174,74801,54111,20690,1264847.0,1792780.0,1566276.0,12226304.0,11924875.0,1389123.4999999958,75524,12298292.0,20690,826539.0,594206.0,195220.0,84385.0,2879.0,1703229.0
AA,2023,1,74999,1417,128,73454,56763,16691,792354.0,1393185.0,1060414.0,11959360.0,11691300.0,1383282.0000000126,74463,12090240.0,16691,512505.0,445582.0,291922.0,56400.0,3567.0,1309976.0
AA,2023,2,71289,1447,110,69732,54608,15124,661797.0,1249837.0,994299.0,11384583.0,11052081.0,1331932.2999999984,70622,11505520.0,15124,549093.0,431323.0,147569.0,41282.0,3160.0,1172427.0
AA,2023,3,78705,859,216,77630,56820,20810,1215079.0,1750928.0,1440142.0,12597365.0,12372302.0,1431584.1999999823,77812,12578986.0,20810,787665.0,556169.0,247090.0,60977.0,2378.0,1654279.0
AA,2023,4,77039,1235,241,75563,56178,19385,1154345.0,1719192.0,1428838.0,12072112.0,11797619.0,1390877.500000013,76354,12166275.0,19385,771189.0,548035.0,242656.0,72156.0,2460.0,1636496.0
AA,2023,5,79782,401,223,79158,62656,16502,797375.0,1508641.0,1305830.0,12661684.0,12153229.0,1532237.3999999873,79017,12606219.0,16502,670904.0,546582.0,146486.0,65039.0,3585.0,1432596.0
AA,2023,6,80416,954,426,79036,54887,24149,1794177.0,2364463.0,2101231.0,12850728.0,12543674.0,1503693.300000017,79113,12830115.0,24149,1112779.0,723730.0,303839.0,138369.0,2794.0,2281511.0
AA,2023,7,83013,1346,290,81377,55422,25955,2033191.0,2610842.0,2400377.0,13233341.0,12866155.0,1516959.8000000077,81577,13218083.0,25955,1258371.0,848318.0,300200.0,118094.0,3188.0,2528171.0
AA,2023,8,85157,1198,266,83693,62415,21278,1480175.0,2254447.0,2061436.0,13629819.0,13048558.0,1639202.7000000034,83616,13549018.0,21278,1142854.0,764449.0,188922.0,82747.0,3844.0,2182816.0
AA,2023,9,76972,640,259,76073,60503,15570,655109.0,1376362.0,1111624.0,12427839.0,11971324.0,1568584.7000000044,75913,12374102.0,15570,589307.0,462599.0,190528.0,60740.0,2367.0,1305541.0
AA,2023,10,81344,434,139,80771,67250,13521,369359.0,1135897.0,886979.0,13157398.0,12639778.0,1632318.599999996,80061,13009305.0,13521,492496.0,405969.0,122544.0,34140.0,2417.0,1057566.0
AA,2023,11,76407,11,73,76323,64790,11533,158732.0,887860.0,628076.0,12600063.0,12130719.0,1595509.0999999861,74885,12315936.0,11533,328179.0,364933.0,102373.0,12255.0,2725.0,810465.0
AA,2023,12,75408,36,124,75248,61916,13332,305718.0,1007108.0,763004.0,12703238.0,12245952.0,1551126.0999999922,73804,12383903.0,13332,413114.0,370219.0,125154.0,12019.0,3057.0,923563.0
AA,2024,1,77345,1248,209,75888,53597,22291,1454116.0,2023221.0,1708739.0,12759463.0,12504840.0,1545637.300000022,75705,12618567.0,22291,889904.0,610041.0,283334.0,148854.0,6127.0,1938260.0
AA,2024,2,74869,125,110,74634,60671,13963,360787.0,1061670.0,787634.0,12428894.0,12002047.0,1499666.000000026,73311,12131484.0,13963,435467.0,375354.0,139266.0,26320.0,2765.0,979172.0
AA,2024,3,82259,892,250,81117,59139,21978,1342334.0,1993229.0,1755867.0,13523995.0,13110462.0,1705821.4000000139,80409,13287228.0,21978,977981.0,587696.0,250409.0,84440.0,3844.0,1904370.0
AA,2024,4,81215,787,217,80211,60832,19379,1022990.0,1663810.0,1409793.0,13144283.0,12757480.0,1580350.600000016,79735,12962581.0,19379,758109.0,489810.0,232667.0,94310.0,2900.0,1577796.0
AA,2024,5,86764,3005,481,83278,52543,30735,2518061.0,3007431.0,2721075.0,13489075.0,13286061.0,1557657.6000000015,85102,13677569.0,30735,1376580.0,898176.0,428573.0,207232.0,4791.0,2915352.0
AA,2024,6,85578,1942,349,83287,56488,26799,1918109.0,2521782.0,2407410.0,13590681.0,13101380.0,1667424.2000000267,83597,13540037.0,26799,1228511.0,803553.0,264561.0,137429.0,3718.0,2437772.0
AA,2024,7,88291,2208,376,85707,53181,32526,2724206.0,3267158.0,3106044.0,14021050.0,13639212.0,1654055.0000000251,85870,13919439.0,32526,1741806.0,982025.0,322929.0,130419.0,4278.0,3181457.0
AA,2024,8,85963,2461,313,83189,57364,25825,1796850.0,2391214.0,2191949.0,13459008.0,13063909.0,1583463.1000000085,83960,13487177.0,25825,1127776.0,754133.0,286112.0,135519.0,3457.0,2306997.0
AA,2024,9,80709,546,112,80051,64566,15485,452113.0,1177086.0,908059.0,12883669.0,12427723.0,1625401.9000000018,79390,12724850.0,15485,473939.0,412152.0,160444.0,47421.0,1902.0,1095858.0
AA,2024,10,86812,766,91,85955,72377,13578,176042.0,1033395.0,787328.0,13850239.0,13238953.0,1803632.8999999687,85172,13667862.0,13578,422756.0,382989.0,115485.0,28767.0,2212.0,952209.0
AA,2024,11,76757,491,157,76109,63580,12529,195857.0,969860.0,712969.0,12629600.0,12112488.0,1684655.3999999925,75173,12406493.0,12529,389528.0,333487.0,136819.0,34265.0,2359.0,896458.0
AA,2024,12,77737,781,273,76683,59293,17390,824210.0,1531800.0,1384417.0,13125812.0,12565605.0,1723875.000000039,76182,12970521.0,17390,666468.0,491238.0,194684.0,98339.0,2334.0,1453063.0
AA,2025,1,75088,2802,204,72082,58222,13860,401255.0,1176720.0,927000.0,12390983.0,11865238.0,1737155.700000002,73733,12570796.0,13860,424388.0,413376.0,188499.0,81734.0,1969.0,1109966.0
AA,2025,2,69876,925,143,68808,54673,14135,483028.0,1180559.0,911860.0,11685811.0,11256979.0,1527239.7999999921,68698,11587390.0,14135,443149.0,412062.0,199331.0,57510.0,1668.0,1113720.0
AA,2025,3,82536,1255,238,81043,62300,18743,869617.0,1595164.0,1280630.0,13784911.0,13373898.0,1761817.3000000285,80713,13593942.0,18743,669660.0,485938.0,266089.0,85461.0,1800.0,1508948.0
AA,2025,4,82261,1178,226,80857,61091,19766,964755.0,1613437.0,1290559.0,13515689.0,13189885.0,1592010.2999999905,80375,13361626.0,19766,705011.0,491631.0,244861.0,82080.0,1733.0,1525316.0
AA,2025,5,86123,1309,318,84496,62098,22398,1181502.0,1885546.0,1518493.0,14075931.0,13738940.0,1670528.4999999874,84372,13978721.0,22398,782286.0,536873.0,330584.0,146627.0,2258.0,1798628.0
AA,2025,6,85419,2096,340,82983,55770,27213,1916026.0,2497597.0,2172166.0,13908713.0,13652573.0,1603700.1999999965,83042,13817471.0,27213,1127962.0,715003.0,373066.0,192717.0,2082.0,2410830.0
AA,2025,7,87852,2959,515,84378,54862,29516,2276232.0,2871090.0,2639807.0,14239810.0,13876235.0,1698443.200000003,85203,14288056.0,29516,1364362.0,863804.0,377609.0,181286.0,2238.0,2789299.0
AA,2025,8,83024,1603,424,80997,56262,24735,1656125.0,2256516.0,2017371.0,13446966.0,13085720.0,1524871.9000000046,80846,13349635.0,24735,1074559.0,675438.0,280011.0,140605.0,2722.0,2173335.0
AA,2025,9,77306,933,251,76122,60180,15942,635500.0,1414926.0,1163666.0,12563271.0,12035105.0,1608126.3999999852,76012,12485948.0,15942,577881.0,495380.0,193450.0,81842.0,1667.0,1350220.0
AA,2025,10,85483,556,167,84760,65080,19680,857437.0,1627822.0,1333399.0,13977159.0,13501197.0,1758496.6999999615,83838,13777517.0,19680,744072.0,519047.0,234298.0,46644.0,1913.0,1545974.0
AA,2025,11,78826,1670,156,77000,58931,18069,769297.0,1522034.0,1224810.0,12974046.0,12518533.0,1795606.9999999949,77149,12941410.0,18069,628350.0,496137.0,275124.0,51074.0,2284.0,1452969.0
AA,2025,12,79859,393,151,79315,58383,20932,1038189.0,1712581.0,1534249.0,13681622.0,13185562.0,1760133.4000000001,78240,13440306.0,20932,790462.0,560450.0,212207.0,63844.0,2532.0,1629495.0
AA,2026,1,76772,6854,178,69740,53023,16717,963300.0,1644317.0,1444904.0,12155089.0,11673485.0,1790885.0999999933,75564,13082657.0,16717,604627.0,614161.0,187029.0,167358.0,3243.0,1576418.0
AA,2026,2,72786,1561,162,71063,56047,15016,467276.0,1230728.0,1060310.0,12438752.0,11845718.0,1767313.2999999893,71494,12479337.0,15016,523935.0,449497.0,142567.0,44289.0,1461.0,1161749.0
AA,2026,3,84647,1726,371,82550,61647,20903,1049302.0,1907043.0,1733466.0,14569743.0,13885579.0,2114862.0000000014,83048,14573430.0,20903,863766.0,638315.0,241250.0,86857.0,4682.0,1834870.0
AA,2026,4,84538,753,251,83534,64942,18592,635760.0,1494192.0,1244833.0,14468680.0,13859607.0,2032102.8999999836,82989,14291133.0,18592,671617.0,490402.0,197643.0,58251.0,1723.0,1419636.0
AA,2026,5,88740,1324,367,87049,66622,20427,927887.0,1770798.0,1582946.0,15128858.0,14473799.0,2080706.2000000144,86707,14942671.0,20427,779682.0,556350.0,231956.0,119637.0,2010.0,1689635.0
AA,2026,6,86464,2281,506,83677,58504,25173,1681850.0,2396661.0,2267333.0,14760706.0,14175223.0,1994376.1000000099,83742,14637916.0,25173,1128604.0,707818.0,312005.0,168646.0,2318.0,2319391.0
AA,2026,7,89200,2046,540,86614,57964,28650,2082714.0,2798552.0,2709726.0,15250997.0,14623985.0,2025657.7000000046,86290,15098507.0,28650,1403448.0,825996.0,339854.0,146041.0,3701.0,2719040.0
AS,2015,1,13257,64,42,13151,11212,1939,-4220.0,115480.0,40401.0,2407855.0,2363234.0,212796.3999999986,13242,2420002.0,1939,40466.0,28833.0,23322.0,7333.0,104.0,100058.0
AS,2015,2,12194,113,53,12028,10376,1652,-9417.0,103305.0,31436.0,2170081.0,2129228.0,184981.5999999994,12174,2196059.0,1652,37265.0,26008.0,22220.0,3478.0,185.0,89156.0
AS,2015,3,14276,39,41,14196,12226,1970,-7733.0,116813.0,42698.0,2610721.0,2560290.0,220176.10000000114,14255,2618891.0,1970,39465.0,34091.0,25184.0,2551.0,325.0,101616.0
AS,2015,4,13974,65,24,13885,12478,1407,-41780.0,84071.0,-507.0,2542950.0,2501677.0,198527.70000000083,13963,2551732.0,1407,23267.0,26035.0,16628.0,2386.0,291.0,68607.0
AS,2015,5,14682,45,32,14605,12923,1682,-25068.0,86853.0,-3618.0,2609368.0,2587918.0,180872.30000000037,14673,2618765.0,1682,23304.0,21128.0,22647.0,1211.0,392.0,68682.0
AS,2015,6,15075,60,30,14985,13182,1803,-3306.0,108108.0,28649.0,2673941.0,2641986.0,182922.99999999988,15035,2677167.0,1803,32993.0,34804.0,17966.0,3519.0,291.0,89573.0
AS,2015,7,15821,49,41,15731,13664,2067,5937.0,121973.0,38558.0,2811982.0,2779361.0,192649.7999999998,15811,2820671.0,2067,35661.0,34348.0,28467.0,2233.0,616.0,101325.0
AS,2015,8,16095,36,28,16031,13346,2685,40140.0,145607.0,58277.0,2817280.0,2799143.0,190501.0999999998,16087,2824641.0,2685,39820.0,34403.0,42776.0,4389.0,1279.0,122667.0
AS,2015,9,14271,26,13,14232,12665,1567,-25814.0,88717.0,3073.0,2540864.0,2511977.0,183720.39999999976,14232,2537013.0,1567,20161.0,27776.0,20190.0,1853.0,1182.0,71162.0
AS,2015,10,14467,33,20,14414,12766,1648,-43150.0,88784.0,-2406.0,2632476.0,2591732.0,210814.59999999966,14444,2629772.0,1648,23334.0,22453.0,22752.0,2559.0,282.0,71380.0
AS,2015,11,13950,46,33,13871,11921,1950,-26584.0,110886.0,22920.0,2640753.0,2591249.0,249575.8000000001,13852,2621634.0,1950,33348.0,27522.0,30049.0,3163.0,359.0,94441.0
AS,2015,12,14459,93,56,14310,12328,1982,-26426.0,114400.0,35210.0,2749675.0,2688039.0,273215.59999999934,14454,2768818.0,1982,32333.0,30024.0,29277.0,4157.0,519.0,96310.0
AS,2016,1,14205,139,50,14016,12361,1655,-54982.0,97817.0,12417.0,2652190.0,2584791.0,253960.39999999932,14190,2686092.0,1655,28058.0,23250.0,26665.0,4421.0,286.0,82680.0
AS,2016,2,13399,79,64,13256,11963,1293,-77400.0,74654.0,-11806.0,2488436.0,2422842.0,227238.7999999995,13379,2513656.0,1293,19712.0,22221.0,16977.0,3002.0,242.0,62154.0
AS,2016,3,14781,108,49,14624,12770,1854,-24088.0,106641.0,14350.0,2730689.0,2692251.0,228973.10000000166,14730,2742972.0,1854,30426.0,25602.0,29075.0,1156.0,591.0,86850.0
AS,2016,4,14662,16,18,14628,13108,1520,-48677.0,83726.0,-13478.0,2709071.0,2673872.0,207937.4000000008,14658,2714600.0,1520,20760.0,20535.0,23698.0,742.0,313.0,66048.0
AS,2016,5,15385,33,31,15321,13888,1433,-64150.0,77384.0,-24284.0,2811914.0,2772048.0,211984.90000000052,15375,2821207.0,1433,16817.0,21270.0,21388.0,1065.0,319.0,60859.0
AS,2016,6,15730,35,44,15651,13593,2058,-3873.0,114698.0,13432.0,2865349.0,2848044.0,200022.7999999999,15709,2873192.0,2058,31528.0,26726.0,33134.0,2749.0,503.0,94640.0
AS,2016,7,16256,20,23,16213,14538,1675,-40003.0,94678.0,-5241.0,2977933.0,2943171.0,207807.59999999983,16246,2982263.0,1675,20013.0,26125.0,27872.0,1870.0,630.0,76510.0
AS,2016,8,16455,25,32,16398,14444,1954,-20143.0,107924.0,7911.0,2993298.0,2965244.0,209369.49999999985,16443,2998661.0,1954,26333.0,26058.0,32388.0,2774.0,763.0,88316.0
AS,2016,9,13858,34,22,13802,12507,1295,-41391.0,73747.0,-21454.0,2504214.0,2484277.0,178331.80000000057,13811,2500536.0,1295,15310.0,19172.0,21086.0,1201.0,327.0,57096.0
AS,2016,10,14088,84,29,13975,12332,1643,-29528.0,95392.0,-2356.0,2561228.0,2534056.0,203901.80000000028,14064,2572327.0,1643,26009.0,18372.0,31776.0,2276.0,129.0,78562.0
AS,2016,11,13946,10,19,13917,12265,1652,-60544.0,85326.0,-10641.0,2627712.0,2577809.0,224823.0999999999,13920,2623053.0,1652,20798.0,23433.0,23838.0,1347.0,294.0,69710.0
AS,2016,12,14515,232,71,14212,11048,3164,77968.0,192208.0,99767.0,2757932.0,2736133.0,254185.09999999957,14465,2790889.0,3164,64354.0,40043.0,57631.0,10625.0,546.0,173199.0
AS,2017,1,14711,257,68,14386,11422,2964,47640.0,176778.0,72828.0,2776336.0,2751148.0,252971.59999999986,14674,2813043.0,2964,56879.0,34787.0,55175.0,11325.0,501.0,158667.0
AS,2017,2,13346,294,58,12994,10350,2644,52976.0,167130.0,67810.0,2466819.0,2451985.0,222694.89999999944,13324,2517853.0,2644,49254.0,38468.0,54722.0,8810.0,250.0,151504.0
AS,2017,3,15422,98,49,15275,12300,2975,51470.0,159384.0,48254.0,2895998.0,2899034.0,246847.7000000007,15366,2905262.0,2975,48255.0,36457.0,47900.0,2873.0,765.0,136250.0
AS,2017,4,15261,62,40,15159,12453,2706,32187.0,147332.0,34974.0,2855331.0,2852544.0,228415.00000000114,15239,2865697.0,2706,42994.0,31662.0,47828.0,2234.0,344.0,125062.0
AS,2017,5,16108,82,36,15990,13305,2685,20073.0,143690.0,25261.0,2977321.0,2972133.0,231961.00000000081,16077,2987572.0,2685,35833.0,31583.0,49693.0,3794.0,404.0,121307.0
AS,2017,6,16378,91,35,16252,13581,2671,20413.0,147041.0,43846.0,3073770.0,3050337.0,247433.79999999984,16349,3088422.0,2671,40426.0,34700.0,46996.0,2337.0,586.0,125045.0
AS,2017,7,17026,69,38,16919,14597,2322,-18777.0,126113.0,24985.0,3196814.0,3153052.0,260035.59999999974,17007,3213782.0,2322,32884.0,35517.0,32538.0,4004.0,805.0,105748.0
AS,2017,8,16784,109,41,16634,13902,2732,15221.0,143693.0,43336.0,3147665.0,3119550.0,253238.99999999968,16729,3160537.0,2732,38640.0,32365.0,46940.0,2437.0,1171.0,121553.0
AS,2017,9,14934,109,29,14796,12901,1895,-38551.0,100162.0,-5842.0,2777202.0,2744493.0,231910.90000000072,14889,2792997.0,1895,21852.0,27267.0,29208.0,1977.0,220.0,80524.0
AS,2017,10,15076,77,44,14955,12965,1990,-31789.0,111313.0,9892.0,2828148.0,2786467.0,258197.7000000012,15066,2844559.0,1990,30302.0,27931.0,33648.0,1035.0,454.0,93370.0
AS,2017,11,14638,135,27,14476,12177,2299,2808.0,143629.0,33939.0,2812610.0,2781539.0,281040.4,14577,2814539.0,2299,43171.0,30063.0,42777.0,9555.0,1003.0,126569.0
AS,2017,12,15383,125,38,15220,12827,2393,-38220.0,125395.0,33015.0,3011139.0,2939904.0,339179.8000000003,15331,3024169.0,2393,36668.0,32269.0,34206.0,4651.0,1162.0,108956.0
AS,2018,1,15312,142,46,15124,13609,1515,-105737.0,84263.0,-35562.0,2936401.0,2866226.0,316355.2000000003,15285,2962256.0,1515,20948.0,20492.0,26158.0,1888.0,331.0,69817.0
AS,2018,2,14056,89,26,13941,11986,1955,-58730.0,98662.0,-15679.0,2675935.0,2632884.0,282123.6999999995,14038,2683561.0,1955,21375.0,25160.0,32926.0,3565.0,411.0,83437.0
AS,2018,3,15937,132,26,15779,13829,1950,-69006.0,97050.0,-19271.0,3034721.0,2984926.0,307151.60000000073,15856,3046608.0,1950,22416.0,21423.0,31054.0,3186.0,603.0,78682.0
AS,2018,4,21987,127,55,21805,18339,3466,-11743.0,190943.0,36101.0,4384832.0,4336988.0,429962.79999999906,21980,4420555.0,3466,47168.0,47859.0,66009.0,1719.0,727.0,163482.0
AS,2018,5,22974,149,59,22766,18791,3975,38814.0,218051.0,59424.0,4541036.0,4520426.0,402063.69999999885,22850,4544880.0,3975,47843.0,51145.0,83762.0,3639.0,527.0,186916.0
AS,2018,6,23248,209,36,23003,19164,3839,-2181.0,199693.0,60144.0,4632161.0,4569836.0,439883.1000000001,23238,4678424.0,3839,44859.0,54618.0,67682.0,3091.0,803.0,171053.0
AS,2018,7,24329,202,49,24078,20169,3909,901.0,222015.0,77573.0,4831709.0,4755037.0,458387.29999999976,24316,4885285.0,3909,54129.0,66545.0,69936.0,3460.0,730.0,194800.0
AS,2018,8,23706,306,70,23330,17776,5554,154664.0,329173.0,185236.0,4676533.0,4645961.0,443551.699999999,23669,4741383.0,5554,84827.0,81045.0,126387.0,6005.0,1032.0,299296.0
AS,2018,9,21129,168,26,20935,18004,2931,-62468.0,154728.0,7806.0,4189071.0,4118797.0,420246.59999999753,21102,4216684.0,2931,32800.0,38276.0,58968.0,1942.0,500.0,132486.0
AS,2018,10,21634,180,58,21396,17307,4089,21225.0,219448.0,71459.0,4319082.0,4268848.0,469174.29999999976,21621,4354368.0,4089,61749.0,48995.0,77698.0,4436.0,546.0,193424.0
AS,2018,11,20577,300,75,20202,16635,3567,15845.0,224934.0,103060.0,4195804.0,4108589.0,490064.2999999969,20507,4237688.0,3567,72030.0,41932.0,76111.0,12304.0,619.0,202996.0
AS,2018,12,20872,203,49,20620,17098,3522,-43453.0,188904.0,59689.0,4337384.0,4234242.0,501687.6999999992,20746,4335664.0,3522,50807.0,42337.0,69049.0,2934.0,554.0,165681.0
AS,2019,1,20744,429,111,20204,16698,3506,8191.0,220133.0,67265.0,4133649.0,4074575.0,449787.6000000006,20679,4207012.0,3506,65762.0,46970.0,78333.0,6487.0,277.0,197829.0
AS,2019,2,19028,874,115,18039,12942,5097,206758.0,345549.0,196726.0,3647512.0,3657544.0,406789.1999999992,19004,3822067.0,5097,110000.0,64199.0,123816.0,23138.0,367.0,321520.0
AS,2019,3,21694,267,45,21382,17619,3763,-9848.0,201558.0,72936.0,4391792.0,4309008.0,492711.3999999998,21650,4437354.0,3763,56050.0,49853.0,66558.0,3524.0,472.0,176457.0
AS,2019,4,21300,164,54,21082,17832,3250,-34957.0,181688.0,53249.0,4336754.0,4248548.0,478429.299999999,21289,4380134.0,3250,50032.0,50972.0,54687.0,3573.0,441.0,159705.0
AS,2019,5,22567,116,43,22408,18647,3761,-5303.0,202641.0,64923.0,4598502.0,4528276.0,481493.5999999976,22563,4625189.0,3761,55972.0,47456.0,70365.0,3130.0,247.0,177170.0
AS,2019,6,23271,206,52,23013,19045,3968,29630.0,232377.0,117291.0,4700263.0,4612602.0,494185.5999999981,23196,4722705.0,3968,72106.0,59362.0,66759.0,5524.0,1113.0,204864.0
AS,2019,7,24593,139,66,24388,20503,3885,2587.0,235231.0,114113.0,4956391.0,4844865.0,529390.2999999977,24589,4994904.0,3885,74682.0,60145.0,67050.0,6480.0,512.0,208869.0
AS,2019,8,24688,228,54,24406,19175,5231,93352.0,295332.0,178048.0,4903121.0,4818425.0,530409.2999999991,24642,4942092.0,5231,102200.0,68061.0,90039.0,4667.0,593.0,265560.0
AS,2019,9,21737,117,44,21576,17723,3853,7348.0,201179.0,75083.0,4327443.0,4259708.0,464673.99999999825,21710,4352102.0,3853,53098.0,49311.0,66072.0,4835.0,964.0,174280.0
AS,2019,10,22194,121,47,22026,18703,3323,-47458.0,183213.0,57591.0,4473024.0,4367975.0,514302.2999999966,22173,4496320.0,3323,52981.0,52220.0,50516.0,3882.0,366.0,159965.0
AS,2019,11,21007,175,42,20790,17537,3253,-52407.0,176237.0,54405.0,4299824.0,4193192.0,517833.3999999993,20908,4310014.0,3253,49987.0,45588.0,53721.0,3922.0,668.0,153886.0
AS,2019,12,21993,241,51,21701,16232,5469,154841.0,340505.0,242904.0,4533407.0,4445344.0,540128.3000000016,21902,4557349.0,5469,124338.0,87950.0,96684.0,3785.0,896.0,313653.0
AS,2020,1,21110,272,55,20783,16390,4393,33137.0,240412.0,121198.0,4293689.0,4205628.0,521766.9999999993,21071,4338259.0,4393,78950.0,64089.0,66397.0,5557.0,770.0,215763.0
AS,2020,2,19515,176,38,19301,16439,2862,-62074.0,167204.0,53320.0,3969309.0,3853905.0,476348.3999999996,19498,4001010.0,2862,56918.0,46842.0,40780.0,2366.0,459.0,147365.0
AS,2020,3,21380,2951,38,18391,15850,2541,-105293.0,145131.0,-7081.0,3795649.0,3697437.0,508707.3999999998,21169,4357137.0,2541,43967.0,41301.0,39934.0,3943.0,336.0,129481.0
AS,2020,4,5964,1426,6,4532,4397,135,-92482.0,8645.0,-41669.0,852682.0,801869.0,128347.00000000029,5924,1169121.0,135,1862.0,3914.0,1192.0,346.0,74.0,7388.0
AS,2020,5,4391,39,7,4345,4195,150,-78390.0,8396.0,-28157.0,800787.0,750554.0,87787.60000000021,4254,798120.0,150,874.0,3550.0,1434.0,396.0,573.0,6827.0
AS,2020,6,6503,120,6,6377,5945,432,-64795.0,23691.0,-19000.0,1209933.0,1164138.0,98157.69999999995,6316,1187788.0,432,2880.0,10335.0,4283.0,704.0,641.0,18843.0
AS,2020,7,7661,64,7,7590,7080,510,-63345.0,26656.0,-32571.0,1424514.0,1393740.0,93457.50000000015,7648,1435192.0,510,4299.0,9050.0,5535.0,759.0,790.0,20433.0
AS,2020,8,9611,45,16,9550,8649,901,-43112.0,45024.0,-42096.0,1868522.0,1867506.0,93960.20000000022,9569,1868161.0,901,7556.0,12180.0,12259.0,1952.0,614.0,34561.0
AS,2020,9,9643,61,8,9574,8963,611,-89074.0,31968.0,-46183.0,1832844.0,1789953.0,136556.70000000056,9603,1838345.0,611,7228.0,9841.0,5619.0,1316.0,1050.0,25054.0
AS,2020,10,10674,39,22,10613,9863,750,-103274.0,40920.0,-47977.0,2061255.0,2005958.0,189278.30000000034,10591,2052537.0,750,7488.0,14186.0,9166.0,1145.0,660.0,32645.0
AS,2020,11,10766,124,37,10605,9534,1071,-70983.0,59738.0,-31020.0,2135871.0,2095968.0,192655.4000000002,10626,2121419.0,1071,14164.0,20998.0,12608.0,1955.0,609.0,50334.0
AS,2020,12,11008,164,39,10805,9980,825,-119941.0,45372.0,-44916.0,2284060.0,2209035.0,237899.50000000064,10919,2302255.0,825,9048.0,12576.0,10996.0,3871.0,891.0,37382.0
AS,2021,1,10628,75,22,10531,9758,773,-94044.0,42602.0,-54971.0,2127956.0,2088883.0,187252.90000000026,10521,2117115.0,773,7953.0,12103.0,11415.0,926.0,805.0,33202.0
AS,2021,2,11375,689,27,10659,8624,2035,13117.0,123100.0,12884.0,2119298.0,2119482.0,196957.2000000009,11225,2223242.0,2035,26659.0,24972.0,44339.0,13864.0,381.0,110215.0
AS,2021,3,14531,229,25,14277,12524,1753,-48439.0,95602.0,5226.0,2857174.0,2803509.0,276640.7000000007,14250,2814100.0,1753,24411.0,30401.0,21363.0,2280.0,994.0,79449.0
AS,2021,4,15127,131,24,14972,13336,1636,-65870.0,86860.0,1552.0,3077474.0,3010052.0,288852.7000000003,15057,3083503.0,1636,22388.0,28161.0,17984.0,846.0,1086.0,70465.0
AS,2021,5,15999,36,22,15941,14333,1608,-75871.0,83782.0,-8099.0,3229406.0,3161634.0,297513.4000000003,15798,3207071.0,1608,17345.0,26418.0,19377.0,1971.0,725.0,65836.0
AS,2021,6,16971,247,28,16696,13158,3538,67581.0,185963.0,114053.0,3379661.0,3333189.0,302428.2999999996,16872,3398993.0,3538,53599.0,59128.0,43073.0,3884.0,1438.0,161122.0
AS,2021,7,17370,119,37,17214,14246,2968,24244.0,158696.0,83978.0,3538153.0,3478419.0,309713.69999999914,17352,3566285.0,2968,46410.0,48941.0,34265.0,3925.0,2053.0,135594.0
AS,2021,8,17890,120,29,17741,14160,3581,58580.0,187973.0,100742.0,3618133.0,3575971.0,323271.5999999995,17851,3635903.0,3581,53496.0,58452.0,44189.0,4990.0,1515.0,162642.0
AS,2021,9,17438,127,22,17289,14821,2468,-33618.0,132830.0,32196.0,3460535.0,3394721.0,351383.6999999998,17332,3460740.0,2468,36683.0,42719.0,29195.0,2727.0,1181.0,112505.0
AS,2021,10,17848,191,46,17611,14564,3047,-5247.0,158485.0,71786.0,3543424.0,3466391.0,384424.4000000004,17796,3561532.0,3047,40446.0,50967.0,40932.0,2869.0,761.0,135975.0
AS,2021,11,16893,237,57,16599,13207,3392,41069.0,178788.0,103951.0,3554655.0,3491773.0,389100.6999999997,16732,3558176.0,3392,54848.0,54145.0,41745.0,3048.0,1251.0,155037.0
AS,2021,12,16885,1016,93,15776,10740,5036,211255.0,327037.0,236711.0,3474346.0,3448890.0,392384.200000002,16693,3649325.0,5036,98094.0,92649.0,84630.0,27651.0,2916.0,305940.0
AS,2022,1,16549,1269,76,15204,11706,3498,79567.0,207842.0,119950.0,3135047.0,3094664.0,346795.5999999997,16499,3393983.0,3498,66216.0,74202.0,42671.0,6624.0,576.0,190289.0
AS,2022,2,15969,243,36,15690,12955,2735,394.0,143160.0,45390.0,3236987.0,3191991.0,334170.1999999995,15933,3281763.0,2735,38217.0,43714.0,36080.0,5144.0,629.0,123784.0
AS,2022,3,18773,247,32,18494,15299,3195,29591.0,181388.0,90743.0,3831968.0,3770816.0,393205.1999999992,18614,3846126.0,3195,56228.0,55908.0,40317.0,4044.0,1125.0,157622.0
AS,2022,4,19361,1058,69,18234,14103,4131,111749.0,242340.0,151717.0,3804607.0,3764639.0,391383.0999999971,19215,3998182.0,4131,81688.0,73270.0,56328.0,6589.0,464.0,218339.0
AS,2022,5,19554,661,39,18854,15337,3517,50895.0,193133.0,102590.0,3960526.0,3908831.0,392757.59999999846,19293,4062515.0,3517,51989.0,64575.0,46822.0,3584.0,810.0,167780.0
AS,2022,6,18917,160,50,18707,14927,3780,81729.0,212157.0,119357.0,3897685.0,3860057.0,360519.19999999995,18753,3907809.0,3780,59783.0,65853.0,55123.0,4979.0,628.0,186366.0
AS,2022,7,20387,100,51,20236,16549,3687,43727.0,202885.0,102203.0,4219334.0,4160858.0,388020.0000000001,20339,4234812.0,3687,60107.0,63023.0,45269.0,4814.0,4289.0,177502.0
AS,2022,8,20514,134,47,20333,16572,3761,44114.0,207802.0,106247.0,4241617.0,4179484.0,393429.5000000001,20472,4266239.0,3761,64624.0,56214.0,51926.0,7470.0,2352.0,182586.0
AS,2022,9,19775,188,60,19527,16315,3212,9812.0,176169.0,76113.0,3974163.0,3907862.0,395267.8999999985,19619,3993625.0,3212,51681.0,53354.0,42401.0,3566.0,787.0,151789.0
AS,2022,10,19645,100,36,19509,16615,2894,-30293.0,153872.0,58311.0,3997334.0,3908730.0,427313.3999999977,19592,4002104.0,2894,41734.0,46864.0,37127.0,3548.0,883.0,130156.0
AS,2022,11,18861,323,54,18484,14646,3838,85233.0,237121.0,126159.0,3864147.0,3823161.0,415786.79999999824,18717,3889725.0,3838,75890.0,57569.0,62240.0,16815.0,797.0,213311.0
AS,2022,12,20079,1735,125,18219,11464,6755,328505.0,432967.0,343925.0,3864684.0,3849264.0,443051.6000000018,19690,4142281.0,6755,161060.0,118197.0,99235.0,26997.0,2343.0,407832.0
AS,2023,1,19801,280,100,19421,15310,4111,63431.0,235013.0,122094.0,4062531.0,4003868.0,426171.60000000056,19297,4005765.0,4111,79880.0,58276.0,64573.0,7574.0,749.0,211052.0
AS,2023,2,17913,573,89,17251,13340,3911,91092.0,234201.0,131560.0,3633741.0,3593257.0,378621.7999999999,17392,3625355.0,3911,77330.0,67846.0,56511.0,10304.0,764.0,212755.0
AS,2023,3,19975,204,76,19695,15308,4387,102565.0,243118.0,144252.0,4208111.0,4166424.0,419132.4,19211,4054272.0,4387,86023.0,60064.0,59572.0,8835.0,1638.0,216132.0
AS,2023,4,19573,220,47,19306,15125,4181,79002.0,224811.0,118441.0,4124610.0,4085171.0,393175.4,18849,3999506.0,4181,69824.0,60748.0,59288.0,7870.0,967.0,198697.0
AS,2023,5,20641,79,30,20532,17169,3363,-4370.0,176592.0,68767.0,4332153.0,4259016.0,408071.10000000027,19990,4197471.0,3363,49988.0,49252.0,44052.0,5543.0,1788.0,150623.0
AS,2023,6,21337,79,62,21196,16334,4862,113279.0,271127.0,174344.0,4467423.0,4406358.0,413842.5999999995,20794,4382572.0,4862,89300.0,77447.0,65135.0,7736.0,1816.0,241434.0
AS,2023,7,22743,112,60,22571,17671,4900,143945.0,313719.0,227896.0,4817315.0,4733364.0,442568.99999999895,22022,4693343.0,4900,121469.0,81533.0,68270.0,13064.0,1502.0,285838.0
AS,2023,8,22974,81,51,22842,18150,4692,82489.0,261726.0,149113.0,4858207.0,4791583.0,440656.4999999991,22241,4727274.0,4692,87728.0,76435.0,55490.0,8966.0,1572.0,230191.0
AS,2023,9,21426,87,42,21297,17559,3738,34100.0,213518.0,100409.0,4484218.0,4417909.0,438953.3999999982,20659,4336361.0,3738,67831.0,61102.0,47439.0,8823.0,1130.0,186325.0
AS,2023,10,20306,48,48,20210,17304,2906,-38577.0,157321.0,54392.0,4306257.0,4213288.0,451851.200000001,19889,4218569.0,2906,44718.0,48924.0,35119.0,3639.0,741.0,133141.0
AS,2023,11,19255,86,58,19111,15931,3180,-20326.0,166725.0,68489.0,4175150.0,4086335.0,450907.2999999985,18535,3999169.0,3180,53652.0,44591.0,38426.0,7348.0,802.0,144819.0
AS,2023,12,19400,128,61,19211,15794,3417,-19491.0,189347.0,114133.0,4307792.0,4174168.0,478059.6000000007,18308,4033915.0,3417,62843.0,54585.0,41133.0,7048.0,1450.0,167059.0
AS,2024,1,17775,3119,161,14495,10500,3995,150482.0,274751.0,224518.0,3016449.0,2942413.0,404945.8000000015,16943,3604347.0,3995,126270.0,72119.0,43197.0,14791.0,1446.0,257823.0
AS,2024,2,16863,137,56,16670,13801,2869,-17154.0,159895.0,68538.0,3575327.0,3489635.0,376910.6000000006,16138,3413195.0,2869,51661.0,41464.0,42653.0,5195.0,940.0,141913.0
AS,2024,3,19639,143,52,19444,15199,4245,81043.0,252952.0,164455.0,4240003.0,4156591.0,449689.89999999886,18703,4011384.0,4245,96004.0,65487.0,61719.0,6553.0,859.0,230622.0
AS,2024,4,19430,108,35,19287,15286,4001,65912.0,235991.0,140565.0,4171500.0,4096847.0,418346.5000000004,18507,3942631.0,4001,84174.0,65953.0,55325.0,6239.0,1845.0,213536.0
AS,2024,5,21257,117,42,21098,16012,5086,124814.0,273323.0,172593.0,4537182.0,4489403.0,423631.5999999996,20138,4267567.0,5086,92435.0,76579.0,66884.0,6791.0,1018.0,243707.0
AS,2024,6,22166,153,40,21973,16379,5594,164560.0,305582.0,202579.0,4733694.0,4695675.0,414335.89999999804,21082,4503135.0,5594,109134.0,78224.0,73012.0,11982.0,1152.0,273504.0
AS,2024,7,23884,220,39,23625,17497,6128,174374.0,324894.0,218381.0,5057186.0,5013179.0,437981.1999999988,22728,4813141.0,6128,121046.0,85048.0,74840.0,9706.0,1274.0,291914.0
AS,2024,8,23265,261,72,22932,17159,5773,177404.0,326605.0,212871.0,4863810.0,4828343.0,435846.59999999776,22225,4676697.0,5773,119624.0,78453.0,78839.0,16470.0,1170.0,294556.0
AS,2024,9,21548,140,48,21360,17037,4323,60910.0,222512.0,101102.0,4469076.0,4428884.0,424561.800000001,20605,4267351.0,4323,70563.0,60360.0,57276.0,5280.0,789.0,194268.0
AS,2024,10,20503,174,42,20287,16851,3436,6993.0,181978.0,69077.0,4224839.0,4162755.0,429923.69999999955,19787,4084311.0,3436,52403.0,49401.0,47222.0,6683.0,1052.0,156761.0
AS,2024,11,19462,115,36,19311,16041,3270,5396.0,175488.0,58514.0,4089464.0,4036346.0,418097.9000000014,18635,3896414.0,3270,50717.0,41670.0,54362.0,2907.0,574.0,150230.0
AS,2024,12,20027,124,62,19841,15517,4324,78995.0,255729.0,183706.0,4388136.0,4283425.0,481720.5,19003,4133759.0,4324,96222.0,60126.0,61425.0,12362.0,1273.0,231408.0
AS,2025,1,18163,243,73,17847,14710,3137,-2139.0,179166.0,91970.0,3773956.0,3679847.0,430627.7000000017,17287,3598732.0,3137,57916.0,48474.0,39258.0,11786.0,1163.0,158597.0
AS,2025,2,16315,352,46,15917,12555,3362,44655.0,197199.0,108150.0,3373189.0,3309694.0,375865.80000000144,15552,3240381.0,3362,62012.0,47557.0,57993.0,9634.0,757.0,177953.0
AS,2025,3,18925,123,46,18756,15203,3553,23045.0,202547.0,100573.0,4055139.0,3977611.0,439562.9999999994,17874,3789426.0,3553,71000.0,50098.0,52056.0,7044.0,358.0,180556.0
AS,2025,4,19025,80,34,18911,15343,3568,27155.0,196991.0,93303.0,4085166.0,4019018.0,425237.6999999997,17961,3810348.0,3568,68345.0,52461.0,48657.0,3490.0,657.0,173610.0
AS,2025,5,21751,121,30,21600,16162,5438,151574.0,305173.0,183177.0,4576163.0,4544560.0,447107.2000000002,20427,4267111.0,5438,105188.0,66414.0,93945.0,7549.0,860.0,273956.0
AS,2025,6,22576,174,49,22353,15580,6773,245240.0,373951.0,266629.0,4741569.0,4720180.0,452441.59999999986,21257,4467428.0,6773,145839.0,88720.0,94096.0,9757.0,2462.0,340874.0
AS,2025,7,23619,512,95,23012,15961,7051,277500.0,414421.0,315540.0,4880734.0,4842884.0,480622.19999999984,22203,4663362.0,7051,169521.0,96593.0,99825.0,13437.0,2125.0,381501.0
AS,2025,8,22976,247,39,22690,16523,6167,186019.0,336299.0,244865.0,4797178.0,4738332.0,478899.3999999999,21692,4544313.0,6167,135126.0,87769.0,72272.0,7911.0,1699.0,304777.0
AS,2025,9,20747,132,48,20567,17198,3369,-20498.0,186172.0,78418.0,4322842.0,4223926.0,490954.69999999896,19726,4112334.0,3369,57884.0,49301.0,48281.0,5796.0,1338.0,162600.0
AS,2025,10,20637,425,55,20157,16143,4014,59141.0,248309.0,145184.0,4241895.0,4155852.0,497062.0999999993,19662,4115896.0,4014,78086.0,78075.0,62126.0,5664.0,616.0,224567.0
AS,2025,11,19752,258,72,19422,15769,3653,6863.0,203779.0,93735.0,4114584.0,4027772.0,498330.7000000004,18635,3915720.0,3653,63689.0,46078.0,65228.0,6150.0,468.0,181613.0
AS,2025,12,21102,307,100,20695,14893,5802,163300.0,336278.0,251872.0,4513423.0,4424851.0,536593.5000000003,19897,4268450.0,5802,126436.0,84029.0,86322.0,11989.0,1337.0,310113.0
AS,2026,1,26436,533,104,25799,20370,5429,111957.0,333218.0,270108.0,4863639.0,4705488.0,557250.8,25123,4631412.0,5429,122750.0,113001.0,48375.0,17412.0,1172.0,302710.0
AS,2026,2,24013,284,51,23678,19621,4057,-8901.0,227153.0,163385.0,4493036.0,4320750.0,511207.4000000003,22761,4228077.0,4057,68479.0,83307.0,34355.0,11376.0,638.0,198155.0
AS,2026,3,27793,519,114,27160,21220,5940,130858.0,379393.0,295501.0,5320898.0,5156255.0,615088.1000000001,26115,4965787.0,5940,126188.0,118715.0,66681.0,34024.0,1198.0,346806.0
AS,2026,4,27222,116,45,27061,22778,4283,-33177.0,234412.0,161307.0,5309662.0,5115178.0,600173.8999999994,25578,4890853.0,4283,70729.0,85008.0,41983.0,5247.0,619.0,203586.0
AS,2026,5,29184,214,54,28916,24051,4865,-16666.0,265892.0,209595.0,5759925.0,5533664.0,644616.9999999993,27401,5331316.0,4865,85185.0,77827.0,57722.0,9709.0,795.0,231238.0
AS,2026,6,29891,196,42,29653,23914,5739,88136.0,321366.0,259129.0,5892053.0,5721060.0,579984.0000000005,27907,5399166.0,5739,102739.0,91813.0,77764.0,7277.0,1209.0,280802.0
AS,2026,7,31682,257,107,31318,24053,7265,208005.0,421020.0,348864.0,6140315.0,5999452.0,581402.0,29433,5639397.0,7265,146719.0,119263.0,92833.0,15409.0,1088.0,375312.0
B6,2015,1,21623,1102,39,20482,15538,4944,150487.0,300544.0,204581.0,3535429.0,3481335.0,383428.59999999724,21573,3718562.0,4944,108437.0,76452.0,80780.0,9393.0,1144.0,276206.0
B6,2015,2,19751,1296,72,18383,11801,6582,342984.0,446957.0,358335.0,3193895.0,3178544.0,350750.29999999853,19688,3409525.0,6582,173285.0,125882.0,102542.0,20756.0,1066.0,423531.0
B6,2015,3,22590,458,105,22027,16162,5865,236599.0,413588.0,331390.0,3824391.0,3729600.0,431052.0999999981,22469,3899335.0,5865,156781.0,109333.0,114040.0,10124.0,449.0,390727.0
B6,2015,4,22020,139,66,21815,17702,4113,60648.0,266765.0,179186.0,3806700.0,3688162.0,424401.0,21982,3837907.0,4113,93349.0,71786.0,75276.0,5421.0,348.0,246180.0
B6,2015,5,22565,172,41,22352,19030,3322,-15848.0,228447.0,156537.0,3868705.0,3696320.0,434814.59999999846,22544,3898008.0,3322,69034.0,63705.0,69593.0,7781.0,529.0,210642.0
B6,2015,6,22558,231,81,22246,17624,4622,112279.0,323851.0,251822.0,3864992.0,3725449.0,415548.2000000016,22518,3905031.0,4622,114667.0,75603.0,103047.0,10659.0,392.0,304368.0
B6,2015,7,24029,225,57,23747,18389,5358,138717.0,339482.0,266897.0,4121523.0,3993343.0,416729.8000000011,24017,4167967.0,5358,129171.0,89445.0,87076.0,9284.0,482.0,315458.0
B6,2015,8,23826,255,65,23506,17630,5876,218158.0,399295.0,341342.0,4075226.0,3952042.0,413948.3000000009,23811,4127397.0,5876,158642.0,108603.0,85518.0,17438.0,3944.0,374145.0
B6,2015,9,21133,90,36,21007,16896,4111,74347.0,246854.0,163000.0,3541150.0,3452497.0,356429.59999999654,21040,3543948.0,4111,78685.0,68864.0,68773.0,8117.0,435.0,224874.0
B6,2015,10,21913,130,45,21738,17723,4015,79926.0,238966.0,174026.0,3655836.0,3561736.0,355587.5999999977,21893,3683808.0,4015,71981.0,72892.0,63197.0,3937.0,287.0,212294.0
B6,2015,11,21697,112,43,21542,18007,3535,30553.0,212581.0,152628.0,3697529.0,3575454.0,384297.1999999996,21642,3715534.0,3535,65147.0,68012.0,52242.0,1765.0,706.0,187872.0
B6,2015,12,23343,66,80,23197,16365,6832,321030.0,472140.0,418663.0,4043981.0,3946348.0,397590.9999999981,23276,4058927.0,6832,198317.0,143479.0,89377.0,11095.0,1635.0,443903.0
B6,2016,1,23018,897,52,22069,15971,6098,223509.0,381419.0,318560.0,3834176.0,3739125.0,411971.4999999984,22974,3979254.0,6098,152299.0,121296.0,67445.0,11954.0,1135.0,354129.0
B6,2016,2,21776,559,75,21142,15014,6128,349848.0,505669.0,434539.0,3723381.0,3638690.0,392196.29999999906,21727,3807931.0,6128,216582.0,136710.0,101208.0,26944.0,786.0,482230.0
B6,2016,3,23825,118,60,23647,18114,5533,172336.0,361402.0,287564.0,4136656.0,4021428.0,437609.1999999999,23797,4162193.0,5533,140843.0,107665.0,79546.0,5996.0,1515.0,335565.0
B6,2016,4,23187,173,49,22965,18303,4662,119219.0,336084.0,248874.0,4032860.0,3903205.0,426425.5000000003,23178,4069757.0,4662,137225.0,99529.0,73580.0,3623.0,642.0,314599.0
B6,2016,5,24240,88,37,24115,19565,4550,59203.0,272219.0,200755.0,4150112.0,4008560.0,434248.19999999896,24086,4150993.0,4550,91504.0,85315.0,59984.0,9495.0,651.0,246949.0
B6,2016,6,23845,201,48,23596,17731,5865,209859.0,393819.0,314464.0,4098507.0,3993902.0,414400.80000000197,23768,4121468.0,5865,150118.0,104088.0,102657.0,11181.0,1080.0,369124.0
B6,2016,7,24927,510,75,24342,16887,7455,432520.0,591958.0,528360.0,4228594.0,4132754.0,415939.5000000014,24913,4319548.0,7455,231878.0,157525.0,149034.0,26874.0,1221.0,566532.0
B6,2016,8,24728,315,41,24372,18045,6327,273416.0,460295.0,388452.0,4203458.0,4088422.0,411695.10000000114,24699,4248999.0,6327,185356.0,121940.0,110224.0,17390.0,1487.0,436397.0
B6,2016,9,22396,110,38,22248,17635,4613,80192.0,284607.0,185053.0,3760473.0,3655612.0,393891.59999999887,22308,3762588.0,4613,106467.0,72878.0,73903.0,9179.0,864.0,263291.0
B6,2016,10,23229,536,50,22643,17888,4755,86110.0,280650.0,210189.0,3841531.0,3717452.0,411815.39999999845,23224,3934605.0,4755,101079.0,87391.0,62653.0,5749.0,624.0,257496.0
B6,2016,11,22974,42,40,22892,19376,3516,-53533.0,211738.0,114656.0,3920818.0,3752629.0,432349.6999999983,22932,3928697.0,3516,67772.0,73106.0,49666.0,1278.0,320.0,192142.0
B6,2016,12,24328,248,100,23980,17345,6635,286043.0,463099.0,375164.0,4140536.0,4051415.0,435326.59999999806,24302,4206877.0,6635,198894.0,135945.0,87952.0,11181.0,2115.0,436087.0
B6,2017,1,24602,525,109,23968,17907,6061,201888.0,426896.0,335640.0,4130832.0,3997080.0,480243.69999999873,24598,4249741.0,6061,177482.0,123024.0,92271.0,8707.0,1896.0,403380.0
B6,2017,2,22511,985,77,21449,16277,5172,123234.0,325458.0,237500.0,3728638.0,3614372.0,439164.1000000007,22455,3903126.0,5172,126566.0,94239.0,75075.0,7477.0,769.0,304126.0
B6,2017,3,25975,1018,31,24926,18401,6525,246683.0,466885.0,380292.0,4328001.0,4194392.0,530287.5000000007,25899,4492021.0,6525,179215.0,128251.0,129337.0,5367.0,500.0,442670.0
B6,2017,4,25191,374,41,24776,18240,6536,289533.0,524244.0,445371.0,4320870.0,4165032.0,517179.3000000039,25162,4380832.0,6536,218605.0,131059.0,147595.0,5576.0,627.0,503462.0
B6,2017,5,25519,676,50,24793,17160,7633,423143.0,639601.0,601572.0,4300686.0,4122257.0,537474.5000000023,25448,4397550.0,7633,259036.0,161805.0,190964.0,6117.0,896.0,618818.0
B6,2017,6,25333,621,75,24637,15342,9295,617945.0,794128.0,727394.0,4255356.0,4145907.0,502073.0,25189,4345074.0,9295,358553.0,194299.0,193225.0,24581.0,924.0,771582.0
B6,2017,7,26436,659,99,25678,16784,8894,551037.0,740583.0,656738.0,4419612.0,4313911.0,490330.60000000114,26421,4538328.0,8894,321162.0,196997.0,175998.0,21818.0,857.0,716832.0
B6,2017,8,26194,584,76,25534,17835,7699,385799.0,576170.0,484477.0,4371488.0,4272810.0,474537.30000000045,26176,4478096.0,7699,234157.0,170866.0,126492.0,17195.0,1538.0,550248.0
B6,2017,9,23957,2233,34,21690,16803,4887,140143.0,365586.0,271058.0,3645311.0,3514396.0,459455.70000000077,23888,4021082.0,4887,134869.0,100089.0,102718.0,10357.0,491.0,348524.0
B6,2017,10,24285,505,48,23732,19342,4390,58591.0,313200.0,218125.0,4000595.0,3841061.0,470672.1999999996,24260,4086695.0,4390,103533.0,77981.0,105457.0,6151.0,617.0,293739.0
B6,2017,11,23664,64,37,23563,20481,3082,-98545.0,176345.0,68338.0,4027077.0,3860194.0,471076.69999999675,23599,4034402.0,3082,53150.0,59563.0,42060.0,776.0,2278.0,157827.0
B6,2017,12,24987,44,62,24881,18508,6373,239838.0,454929.0,343315.0,4319476.0,4215999.0,486100.5999999987,24955,4336957.0,6373,187583.0,142695.0,86096.0,12323.0,874.0,429571.0
B6,2018,1,24871,1471,70,23330,16357,6973,349114.0,554163.0,474237.0,4107564.0,3982441.0,518921.89999999985,24860,4366506.0,6973,232691.0,193907.0,88760.0,14514.0,1218.0,531090.0
B6,2018,2,22847,358,69,22420,17042,5378,135629.0,338702.0,258620.0,3973468.0,3850477.0,476752.69999999995,22800,4037968.0,5378,120432.0,122577.0,68276.0,3955.0,420.0,315660.0
B6,2018,3,26500,1703,56,24741,17013,7728,323048.0,498375.0,431730.0,4360237.0,4251555.0,535188.7999999962,26458,4643909.0,7728,197873.0,177440.0,82065.0,10082.0,1120.0,468580.0
B6,2018,4,25836,331,91,25414,17475,7939,396094.0,585666.0,489164.0,4460626.0,4367556.0,510319.1999999997,25820,4523279.0,7939,253092.0,172790.0,118087.0,12753.0,596.0,557318.0
B6,2018,5,26513,330,89,26094,18825,7269,288761.0,498212.0,403921.0,4544684.0,4429524.0,511187.10000000143,26467,4600755.0,7269,196539.0,149695.0,112947.0,10404.0,837.0,470422.0
B6,2018,6,25860,253,71,25536,19084,6452,192375.0,428872.0,351462.0,4468822.0,4309735.0,523277.1999999999,25719,4500616.0,6452,170755.0,122597.0,96242.0,14572.0,643.0,404809.0
B6,2018,7,26671,643,74,25954,17921,8033,426627.0,637128.0,538094.0,4540062.0,4428595.0,511327.8000000014,26655,4648935.0,8033,261781.0,157546.0,163149.0,28927.0,781.0,612184.0
B6,2018,8,26623,700,94,25829,17770,8059,476227.0,685496.0,582802.0,4504876.0,4398301.0,508547.9000000029,26596,4619807.0,8059,282151.0,173647.0,181567.0,23138.0,1693.0,662196.0
B6,2018,9,24427,260,53,24114,18932,5182,111607.0,358339.0,216197.0,4176415.0,4071825.0,457495.2999999996,24349,4205910.0,5182,119513.0,93588.0,112694.0,12044.0,323.0,338162.0
B6,2018,10,24923,142,65,24716,19631,5085,107213.0,329540.0,192773.0,4238084.0,4152524.0,446260.89999999973,24915,4270321.0,5085,102904.0,102142.0,94245.0,4353.0,199.0,303843.0
B6,2018,11,24589,175,46,24368,17502,6866,329490.0,505973.0,378882.0,4232823.0,4183431.0,452085.89999999956,24551,4263087.0,6866,185882.0,166391.0,118923.0,6379.0,781.0,478356.0
B6,2018,12,25350,53,55,25242,18898,6344,267938.0,481126.0,376015.0,4505814.0,4397737.0,483255.29999999586,25222,4493196.0,6344,184591.0,179586.0,86173.0,2667.0,555.0,453572.0
B6,2019,1,24443,980,68,23395,16966,6429,340573.0,563109.0,463695.0,4282237.0,4159115.0,532842.3999999972,24387,4455682.0,6429,221477.0,187546.0,121012.0,10979.0,1021.0,542035.0
B6,2019,2,22398,345,70,21983,15675,6308,306822.0,510525.0,419229.0,4070038.0,3957631.0,493088.5999999988,22314,4122243.0,6308,201615.0,173621.0,101734.0,13111.0,1007.0,491088.0
B6,2019,3,25927,425,53,25449,19125,6324,246514.0,501520.0,411775.0,4687602.0,4522341.0,570723.4000000037,25774,4736841.0,6324,208684.0,176327.0,85401.0,8378.0,385.0,479175.0
B6,2019,4,25329,363,68,24898,18604,6294,255148.0,531352.0,447765.0,4622469.0,4429852.0,596353.3000000054,25308,4693128.0,6294,209905.0,166080.0,129169.0,7905.0,366.0,513425.0
B6,2019,5,24967,81,99,24787,19375,5412,136808.0,416254.0,319594.0,4525819.0,4343033.0,550587.9000000057,24856,4540265.0,5412,146305.0,122894.0,115868.0,11444.0,317.0,396828.0
B6,2019,6,24324,120,121,24083,17044,7039,356762.0,586204.0,511908.0,4394221.0,4239075.0,542175.7000000012,24192,4404425.0,7039,236490.0,185374.0,123446.0,20643.0,774.0,566727.0
B6,2019,7,25545,403,102,25040,17930,7110,447319.0,704009.0,637508.0,4591535.0,4401346.0,570083.6000000002,25533,4664148.0,7110,289771.0,213702.0,149746.0,31414.0,819.0,685452.0
B6,2019,8,25518,248,98,25172,17303,7869,507319.0,743719.0,674908.0,4571666.0,4404077.0,566999.4000000004,25455,4615688.0,7869,316630.0,224054.0,156062.0,26221.0,516.0,723483.0
B6,2019,9,24143,505,59,23579,19788,3791,-5687.0,306691.0,196941.0,4218378.0,4015750.0,519371.89999999985,24026,4298493.0,3791,108530.0,115168.0,61621.0,6063.0,299.0,291681.0
B6,2019,10,24891,96,64,24731,20081,4650,77979.0,351474.0,246341.0,4435492.0,4267130.0,514133.3999999983,24847,4455342.0,4650,110652.0,127229.0,88606.0,3414.0,667.0,330568.0
B6,2019,11,24709,15,50,24644,19868,4776,65296.0,305155.0,194572.0,4435880.0,4306604.0,484918.800000001,24460,4404283.0,4776,101911.0,116463.0,61021.0,1648.0,312.0,281355.0
B6,2019,12,25217,183,71,24963,16832,8131,550539.0,748667.0,627137.0,4573472.0,4496874.0,504229.6999999996,25102,4587845.0,8131,312657.0,238720.0,158828.0,12637.0,456.0,723298.0
B6,2020,1,24709,18,70,24621,20946,3675,-73944.0,254035.0,123335.0,4541390.0,4344111.0,552862.1000000002,24642,4550025.0,3675,81097.0,101777.0,48485.0,3829.0,272.0,235460.0
B6,2020,2,23527,28,52,23447,19621,3826,-40321.0,265217.0,138252.0,4351155.0,4172582.0,527058.3000000028,23259,4315410.0,3826,89280.0,95407.0,58621.0,3259.0,188.0,246755.0
B6,2020,3,25657,4419,32,21206,18648,2558,-166422.0,161427.0,19058.0,3965385.0,3779905.0,574089.900000004,25179,4663041.0,2558,42338.0,71331.0,32515.0,1338.0,251.0,147773.0
B6,2020,4,6886,2464,4,4418,4222,196,-108356.0,11482.0,-30756.0,845352.0,767752.0,161148.8000000002,6831,1278466.0,196,2022.0,7211.0,1098.0,59.0,38.0,10428.0
B6,2020,5,2762,212,5,2545,2386,159,-36337.0,8448.0,-14709.0,433205.0,411577.0,35060.90000000011,2694,445730.0,159,809.0,4303.0,1567.0,623.0,0.0,7302.0
B6,2020,6,5367,40,17,5310,4835,475,-43138.0,29280.0,-14354.0,996429.0,967645.0,62634.29999999996,5319,997209.0,475,5575.0,13800.0,5202.0,1008.0,8.0,25593.0
B6,2020,7,10495,289,40,10166,8959,1207,-48893.0,83009.0,-6971.0,1967932.0,1926010.0,121716.69999999943,10446,2015298.0,1207,21748.0,36796.0,12753.0,4776.0,312.0,76385.0
B6,2020,8,7870,230,31,7609,6881,728,-63787.0,43930.0,-21281.0,1483973.0,1441467.0,101302.1999999999,7820,1518774.0,728,9028.0,17748.0,8942.0,3508.0,71.0,39297.0
B6,2020,9,6378,58,10,6310,5938,372,-80025.0,19142.0,-32928.0,1270368.0,1223271.0,95394.50000000001,6325,1275944.0,372,3128.0,9103.0,3398.0,436.0,76.0,16141.0
B6,2020,10,8811,17,10,8784,7819,965,-60160.0,57587.0,-8291.0,1753152.0,1702355.0,133382.10000000036,8725,1738083.0,965,11557.0,26409.0,11623.0,1001.0,61.0,50651.0
B6,2020,11,10737,78,21,10638,9573,1065,-57687.0,66760.0,-22837.0,2016959.0,1982109.0,147419.90000000029,10572,1996394.0,1065,12986.0,29522.0,13302.0,1928.0,110.0,57848.0
B6,2020,12,10964,129,19,10816,8584,2232,64698.0,155017.0,65519.0,2062628.0,2061747.0,129411.7000000007,10763,2046937.0,2232,40766.0,58719.0,33958.0,7658.0,391.0,141492.0
B6,2021,1,8937,99,11,8827,6932,1895,40949.0,113932.0,42385.0,1674232.0,1672796.0,105557.30000000034,8783,1654901.0,1895,24981.0,43260.0,31487.0,1476.0,533.0,101737.0
B6,2021,2,10003,426,23,9554,6632,2922,126181.0,195047.0,120655.0,1812827.0,1818355.0,138314.1000000004,9844,1859665.0,2922,52527.0,67693.0,52200.0,9342.0,464.0,182226.0
B6,2021,3,13724,71,20,13633,12045,1588,-83382.0,96270.0,36309.0,2706593.0,2586902.0,279923.9999999994,13542,2674026.0,1588,22505.0,47870.0,13667.0,879.0,378.0,85299.0
B6,2021,4,15243,120,39,15084,12489,2595,27917.0,213553.0,158585.0,2971668.0,2840872.0,318172.20000000024,15126,2970307.0,2595,65782.0,80398.0,35489.0,14326.0,4892.0,200887.0
B6,2021,5,17565,43,52,17470,14311,3159,13713.0,202180.0,147277.0,3400712.0,3267148.0,326746.90000000026,17082,3324645.0,3159,52056.0,93668.0,27286.0,8069.0,2928.0,184007.0
B6,2021,6,18369,113,109,18147,11967,6180,362612.0,508316.0,475606.0,3621159.0,3508165.0,369354.6999999997,18127,3609800.0,6180,181384.0,213267.0,68736.0,24026.0,2442.0,489855.0
B6,2021,7,20126,516,169,19441,11204,8237,643308.0,776251.0,760341.0,3958082.0,3841049.0,425645.2000000012,19958,4050621.0,8237,301068.0,327105.0,96349.0,29371.0,3629.0,757522.0
B6,2021,8,20271,425,111,19735,13384,6351,323334.0,494080.0,462790.0,4013473.0,3874017.0,428983.70000000176,20087,4075441.0,6351,169893.0,218667.0,67668.0,16216.0,2642.0,475086.0
B6,2021,9,18575,487,66,18022,13796,4226,149362.0,341614.0,261103.0,3566463.0,3454722.0,372983.8999999995,18341,3612159.0,4226,102878.0,153412.0,56618.0,12186.0,875.0,325969.0
B6,2021,10,19083,54,71,18958,14977,3981,80225.0,267880.0,194919.0,3725756.0,3611062.0,369477.7000000003,18925,3709635.0,3981,71569.0,121741.0,45978.0,7970.0,1237.0,248495.0
B6,2021,11,19625,27,32,19566,15172,4394,98894.0,279872.0,190904.0,3621514.0,3529504.0,395388.0,19460,3592879.0,4394,66908.0,136059.0,47535.0,5217.0,1243.0,256962.0
B6,2021,12,21181,918,119,20144,13663,6481,323964.0,471794.0,408142.0,3794818.0,3710640.0,422931.9999999991,20888,3938054.0,6481,151534.0,222789.0,68757.0,3733.0,1483.0,448296.0
B6,2022,1,21332,2088,52,19192,13047,6145,359295.0,532951.0,446332.0,3650159.0,3563122.0,475638.09999999986,21216,4004906.0,6145,174169.0,248617.0,72076.0,17642.0,2054.0,514558.0
B6,2022,2,20579,1048,64,19467,12728,6739,400570.0,570107.0,510773.0,3710389.0,3600186.0,475084.09999999986,20255,3837971.0,6739,213373.0,244433.0,79564.0,13652.0,1305.0,552327.0
B6,2022,3,22949,635,114,22200,15051,7149,397734.0,596115.0,547835.0,4274163.0,4124062.0,548645.3000000025,22601,4311052.0,7149,216323.0,250189.0,95954.0,10608.0,2000.0,575074.0
B6,2022,4,24141,2163,80,21898,12871,9027,658048.0,807186.0,787963.0,4252879.0,4122964.0,544918.5000000036,24026,4601972.0,9027,312786.0,355757.0,97642.0,17481.0,2067.0,785733.0
B6,2022,5,23602,539,113,22950,16378,6572,287273.0,495190.0,446457.0,4386391.0,4227207.0,534066.7000000064,23381,4458661.0,6572,160884.0,202766.0,87770.0,19636.0,968.0,472024.0
B6,2022,6,21323,743,100,20480,13072,7408,491002.0,644892.0,592676.0,3816884.0,3715210.0,457304.10000000463,21026,3903542.0,7408,206139.0,259686.0,132908.0,25127.0,803.0,624663.0
B6,2022,7,22867,415,112,22340,15412,6928,377957.0,568471.0,501871.0,4129724.0,4005810.0,485690.10000000056,22828,4205513.0,6928,186747.0,243335.0,94822.0,20883.0,975.0,546762.0
B6,2022,8,23100,551,77,22472,15231,7241,403752.0,590649.0,517390.0,4130189.0,4016551.0,492135.4000000023,23048,4212417.0,7241,194851.0,224680.0,120462.0,28415.0,1652.0,570060.0
B6,2022,9,22469,793,88,21588,15452,6136,275394.0,450157.0,339639.0,3890225.0,3825980.0,434527.80000000005,22283,4006438.0,6136,135138.0,181493.0,93912.0,15611.0,1043.0,427197.0
B6,2022,10,23353,334,55,22964,16966,5998,214018.0,389909.0,281580.0,4065106.0,3997544.0,435906.80000000045,23227,4096957.0,5998,108801.0,160164.0,85171.0,7017.0,489.0,361642.0
B6,2022,11,23462,445,61,22956,16156,6800,312930.0,495108.0,411322.0,4207261.0,4108869.0,511543.6999999979,23238,4243223.0,6800,181852.0,202200.0,77963.0,5905.0,848.0,468768.0
B6,2022,12,23881,465,61,23355,14125,9230,581898.0,724081.0,649695.0,4352884.0,4285087.0,497453.49999999907,23473,4356534.0,9230,270069.0,308694.0,108913.0,7069.0,1344.0,696089.0
B6,2023,1,23249,194,77,22978,16894,6084,242467.0,483246.0,385457.0,4273397.0,4130407.0,553029.3999999994,22822,4238345.0,6084,168151.0,191090.0,97010.0,3496.0,2002.0,461749.0
B6,2023,2,22186,372,87,21727,15958,5769,228002.0,453196.0,360880.0,4055167.0,3922289.0,528457.3000000007,21634,4021768.0,5769,168466.0,176489.0,74089.0,14130.0,487.0,433661.0
B6,2023,3,25793,403,72,25318,16947,8371,444772.0,650768.0,582006.0,4749009.0,4611775.0,614318.6000000022,25056,4669387.0,8371,260066.0,254891.0,100047.0,6529.0,1275.0,622808.0
B6,2023,4,24285,705,107,23473,15851,7622,453306.0,645092.0,558656.0,4404170.0,4298820.0,559200.6000000044,23638,4406174.0,7622,241075.0,241409.0,122035.0,15210.0,1343.0,621072.0
B6,2023,5,24639,185,69,24385,18500,5885,220229.0,472671.0,415278.0,4587455.0,4392406.0,564900.3000000031,23906,4483519.0,5885,180333.0,210056.0,47949.0,10994.0,828.0,450160.0
B6,2023,6,22795,797,167,21831,13859,7972,611674.0,794204.0,724358.0,4134653.0,4021969.0,512354.5000000027,21838,4142469.0,7972,319301.0,269060.0,141240.0,43481.0,968.0,774050.0
B6,2023,7,22853,1564,181,21108,11314,9794,961817.0,1085438.0,1030189.0,4034298.0,3965926.0,493191.2000000032,21828,4176797.0,9794,439304.0,401398.0,187914.0,36591.0,1280.0,1066487.0
B6,2023,8,22895,669,105,22121,14105,8016,539308.0,709013.0,660786.0,4198343.0,4076865.0,484092.4000000025,21841,4165329.0,8016,293648.0,282727.0,99599.0,11043.0,801.0,687818.0
B6,2023,9,21412,724,131,20557,12953,7604,608114.0,760862.0,685964.0,3849510.0,3771660.0,457823.30000000005,20580,3850388.0,7604,289043.0,287818.0,139848.0,24419.0,946.0,742074.0
B6,2023,10,22066,35,59,21972,16310,5662,247527.0,450396.0,389486.0,4122477.0,3980518.0,477797.4999999998,21353,4008671.0,5662,164301.0,213583.0,46117.0,3739.0,392.0,428132.0
B6,2023,11,21281,32,36,21213,16390,4823,138521.0,366066.0,303646.0,4006767.0,3841642.0,519536.5000000022,20728,3908904.0,4823,125153.0,181770.0,37749.0,2549.0,524.0,347745.0
B6,2023,12,21398,83,83,21232,15284,5948,252758.0,458348.0,405727.0,4082825.0,3929856.0,498309.69999999943,20623,3943876.0,5948,172804.0,185545.0,72162.0,5786.0,530.0,436827.0
B6,2024,1,19580,334,74,19172,13607,5565,259248.0,452908.0,363904.0,3702087.0,3597431.0,460310.89999999944,18935,3624090.0,5565,157993.0,173848.0,86435.0,15588.0,492.0,434356.0
B6,2024,2,19235,267,45,18923,14284,4639,142797.0,350091.0,280430.0,3660767.0,3523134.0,449852.79999999877,18422,3546635.0,4639,134283.0,139242.0,52566.0,5684.0,467.0,332242.0
B6,2024,3,21565,309,66,21190,14745,6445,373118.0,571600.0,510831.0,4101560.0,3963847.0,498516.80000000226,20455,3921608.0,6445,228364.0,217239.0,92310.0,13461.0,618.0,551992.0
B6,2024,4,20124,288,74,19762,15361,4401,141187.0,367857.0,292776.0,3843746.0,3692157.0,468480.39999999915,19563,3786854.0,4401,137707.0,138935.0,68596.0,5342.0,991.0,351571.0
B6,2024,5,21246,104,85,21057,15823,5234,202674.0,422598.0,359898.0,4044453.0,3887229.0,487069.8000000018,20356,3939374.0,5234,150539.0,156531.0,89683.0,7677.0,329.0,404759.0
B6,2024,6,19903,490,125,19288,13878,5410,297253.0,486199.0,423213.0,3692816.0,3566856.0,439361.10000000085,19161,3673900.0,5410,170426.0,175206.0,105935.0,18131.0,727.0,470425.0
B6,2024,7,20182,234,96,19852,13711,6141,372019.0,534194.0,466753.0,3799423.0,3704689.0,441208.9000000012,19575,3761799.0,6141,197027.0,202802.0,105053.0,10157.0,703.0,515742.0
B6,2024,8,20498,916,120,19462,12443,7019,508051.0,653740.0,581660.0,3729989.0,3656380.0,444834.9000000004,19814,3809287.0,7019,237584.0,239274.0,136924.0,20181.0,910.0,634873.0
B6,2024,9,18350,76,61,18213,14953,3260,41470.0,246123.0,164324.0,3441081.0,3318227.0,425172.7999999998,17616,3343514.0,3260,64374.0,114875.0,43759.0,7085.0,144.0,230237.0
B6,2024,10,19694,489,33,19172,16455,2717,-68407.0,174431.0,101286.0,3680295.0,3510602.0,470961.7999999983,18955,3639352.0,2717,46862.0,80570.0,29450.0,1027.0,394.0,158303.0
B6,2024,11,19134,0,25,19109,16108,3001,-58985.0,196169.0,119880.0,3722263.0,3543398.0,480575.09999999637,18210,3544829.0,3001,55678.0,85837.0,39356.0,546.0,399.0,181816.0
B6,2024,12,20771,228,60,20483,14194,6289,320726.0,485685.0,414841.0,4036319.0,3942204.0,477528.0999999991,19764,3886861.0,6289,221948.0,137589.0,92873.0,11962.0,835.0,465207.0
B6,2025,1,17918,323,37,17558,13264,4294,102037.0,281421.0,195010.0,3489649.0,3396676.0,425837.9000000018,17017,3365620.0,4294,109358.0,81987.0,65543.0,5995.0,528.0,263411.0
B6,2025,2,17685,458,46,17181,12291,4890,218448.0,396506.0,313951.0,3410291.0,3314788.0,434358.8000000008,16662,3301646.0,4890,171433.0,91809.0,103210.0,14700.0,784.0,381936.0
B6,2025,3,21304,165,106,21033,16229,4804,158440.0,392805.0,296680.0,4161422.0,4023182.0,518723.5999999997,20166,3981482.0,4804,165510.0,101268.0,98422.0,9162.0,517.0,374879.0
B6,2025,4,20002,42,52,19908,16404,3504,-13874.0,233523.0,138632.0,3905581.0,3753075.0,500828.90000000526,19041,3742264.0,3504,89612.0,64922.0,58830.0,3028.0,177.0,216569.0
B6,2025,5,19663,96,106,19461,14436,5025,190965.0,383437.0,286519.0,3845562.0,3750008.0,454612.30000000086,18624,3708278.0,5025,138553.0,82398.0,132723.0,11568.0,137.0,365379.0
B6,2025,6,18953,121,102,18730,13431,5299,263542.0,435179.0,355076.0,3698303.0,3606769.0,423405.80000000226,17698,3533124.0,5299,167565.0,110963.0,125761.0,13718.0,1185.0,419192.0
B6,2025,7,20690,1043,135,19512,12932,6580,481089.0,636216.0,563128.0,3819676.0,3737637.0,453501.3999999986,19140,3795873.0,6580,255318.0,172153.0,170039.0,21060.0,822.0,619392.0
B6,2025,8,20204,131,100,19973,15032,4941,211621.0,407570.0,338362.0,3879847.0,3753106.0,439250.200000001,18668,3691108.0,4941,182975.0,110282.0,83198.0,13358.0,628.0,390441.0
B6,2025,9,16215,94,42,16079,12732,3347,62102.0,244944.0,186077.0,3113696.0,2989721.0,402457.2000000001,15305,3023153.0,3347,73393.0,57462.0,93611.0,7403.0,461.0,232330.0
B6,2025,10,18401,193,64,18144,13527,4617,159956.0,345682.0,267907.0,3523149.0,3415198.0,457970.09999999957,17548,3445747.0,4617,120061.0,79945.0,124236.0,4359.0,182.0,328783.0
B6,2025,11,19818,587,54,19177,14400,4777,211166.0,390504.0,285241.0,3662823.0,3588748.0,441994.5000000001,18716,3581336.0,4777,165634.0,106529.0,98329.0,1757.0,402.0,372651.0
B6,2025,12,20560,572,41,19947,12737,7210,437226.0,572330.0,499519.0,3903255.0,3840962.0,447172.6999999995,19293,3795828.0,7210,248367.0,166259.0,118027.0,15109.0,1325.0,549087.0
B6,2026,1,18109,1201,33,16875,11536,5339,271470.0,421465.0,335744.0,3364828.0,3300554.0,415172.0000000002,16893,3375115.0,5339,179126.0,114242.0,94549.0,15969.0,874.0,404760.0
B6,2026,2,17871,1377,37,16457,11142,5315,269976.0,406693.0,334034.0,3263781.0,3199723.0,406053.39999999903,16563,3294630.0,5315,185567.0,108792.0,83057.0,10273.0,321.0,388010.0
B6,2026,3,21340,432,83,20825,14578,6247,304810.0,487184.0,400275.0,4129195.0,4033730.0,486458.30000000214,19720,3902747.0,6247,223893.0,121867.0,105684.0,10763.0,2259.0,464466.0
B6,2026,4,20650,21,57,20572,15607,4965,144422.0,323057.0,209496.0,4000997.0,3935923.0,437485.40000000247,19074,3729018.0,4965,138877.0,73298.0,85712.0,2411.0,636.0,300934.0
B6,2026,5,19806,42,49,19715,16044,3671,44010.0,251459.0,164103.0,3828597.0,3708504.0,441064.1000000026,18419,3610059.0,3671,99901.0,61330.0,65360.0,5996.0,279.0,232866.0
B6,2026,6,20804,316,89,20399,15311,5088,209760.0,421880.0,350016.0,3971824.0,3831568.0,463552.900000002,19245,3763535.0,5088,184979.0,97870.0,109936.0,11552.0,429.0,404766.0
B6,2026,7,23312,2279,151,20882,12994,7888,576485.0,730281.0,679802.0,4024096.0,3920779.0,498005.50000000064,21431,4140237.0,7888,320036.0,213813.0,153170.0,23456.0,897.0,711372.0
DL,2015,1,64421,678,67,63676,55490,8186,-130144.0,517402.0,374938.0,9623395.0,9118313.0,1384575.900000001,64325,9731162.0,8186,120406.0,177509.0,119586.0,41375.0,582.0,459458.0
DL,2015,2,60884,1696,118,59070,47484,11586,331663.0,814660.0,714097.0,8851925.0,8469491.0,1270126.8000000033,60784,9088865.0,11586,221922.0,254968.0,169486.0,104403.0,164.0,750943.0
DL,2015,3,74166,524,135,73507,62276,11231,152745.0,747869.0,611917.0,10887663.0,10428491.0,1444693.500000004,74074,10983367.0,11231,188540.0,256494.0,167774.0,53835.0,133.0,666776.0
DL,2015,4,72170,147,127,71896,62677,9219,5992.0,611529.0,442538.0,10531832.0,10095286.0,1361315.3000000024,72121,10561881.0,9219,152249.0,204474.0,140575.0,36066.0,236.0,533600.0
DL,2015,5,74815,143,201,74471,65207,9264,11121.0,696549.0,553804.0,10916343.0,10373660.0,1390204.8000000026,74714,10941730.0,9264,191312.0,229196.0,163145.0,50454.0,224.0,634331.0
DL,2015,6,77255,239,256,76760,63465,13295,339248.0,949087.0,831798.0,11312584.0,10820034.0,1438241.6999999997,77175,11369312.0,13295,277648.0,286103.0,226209.0,81087.0,472.0,871519.0
DL,2015,7,80741,106,249,80386,68016,12370,96854.0,796890.0,661502.0,11960603.0,11395955.0,1507823.2000000014,80676,12004195.0,12370,232647.0,260456.0,184135.0,44146.0,451.0,721835.0
DL,2015,8,80947,69,203,80675,69183,11492,52690.0,763485.0,622570.0,11967503.0,11397623.0,1480394.6000000015,80892,11998336.0,11492,216133.0,253078.0,168512.0,52470.0,230.0,690423.0
DL,2015,9,72063,6,107,71950,65238,6712,-266458.0,434511.0,251242.0,10340746.0,9823046.0,1339528.7000000034,72013,10347542.0,6712,93583.0,162971.0,94929.0,23671.0,172.0,375326.0
DL,2015,10,75552,17,77,75458,69577,5881,-378159.0,389682.0,239009.0,10938570.0,10321402.0,1474265.1000000047,75505,10947406.0,5881,76722.0,175804.0,70847.0,7901.0,91.0,331365.0
DL,2015,11,72228,14,76,72138,64619,7519,-229068.0,480348.0,324526.0,10456576.0,9902982.0,1471120.400000006,72148,10456430.0,7519,110303.0,185247.0,99145.0,20185.0,800.0,415680.0
DL,2015,12,70639,185,166,70288,59020,11268,176043.0,844289.0,736641.0,10663554.0,10102956.0,1455106.5999999982,70547,10693039.0,11268,254663.0,261269.0,175040.0,87308.0,355.0,778635.0
DL,2016,1,69711,974,88,68649,59415,9234,-57578.0,649471.0,513720.0,10334746.0,9763448.0,1503869.699999999,69666,10490906.0,9234,164158.0,228514.0,133927.0,61263.0,151.0,588013.0
DL,2016,2,67771,313,169,67289,58569,8720,-107027.0,652423.0,528319.0,10136918.0,9501572.0,1521702.3999999994,67686,10194119.0,8720,177281.0,215444.0,147797.0,57588.0,341.0,598451.0
DL,2016,3,78210,58,142,78010,68710,9300,-167605.0,622702.0,464973.0,11717572.0,11084994.0,1632510.4000000046,78143,11734068.0,9300,161981.0,232842.0,135988.0,28200.0,404.0,559415.0
DL,2016,4,76607,53,94,76460,69166,7294,-345789.0,508718.0,351994.0,11287807.0,10590024.0,1593541.3000000045,76568,11307077.0,7294,124134.0,217190.0,95763.0,17549.0,118.0,454754.0
DL,2016,5,80556,39,118,80399,71394,9005,-170655.0,589773.0,440865.0,11680197.0,11068677.0,1520485.200000003,80474,11685971.0,9005,145811.0,244975.0,106623.0,21451.0,483.0,519343.0
DL,2016,6,81517,13,239,81265,68006,13259,208763.0,955214.0,821184.0,12022719.0,11410298.0,1618539.8999999997,81427,12042947.0,13259,305234.0,310694.0,208600.0,61369.0,399.0,886296.0
DL,2016,7,83677,241,310,83126,68298,14828,463729.0,1257390.0,1139708.0,12579190.0,11903211.0,1720022.600000002,83642,12665662.0,14828,378254.0,396055.0,326867.0,92372.0,355.0,1193903.0
DL,2016,8,84540,1807,173,82560,67560,15000,675283.0,1469807.0,1372018.0,12419032.0,11722297.0,1725911.0000000019,84510,12687773.0,15000,465651.0,678645.0,225627.0,37704.0,1703.0,1409330.0
DL,2016,9,75475,10,134,75331,68063,7268,-320276.0,484866.0,311970.0,10863553.0,10231307.0,1477794.5000000042,75339,10862529.0,7268,107545.0,187857.0,107209.0,26185.0,429.0,429225.0
DL,2016,10,78967,473,72,78422,72786,5636,-537724.0,356083.0,198503.0,11335520.0,10599293.0,1614872.4000000071,78937,11400627.0,5636,66128.0,155429.0,80030.0,4195.0,390.0,306172.0
DL,2016,11,74103,0,79,74024,67707,6317,-465303.0,401001.0,258295.0,10781505.0,10057907.0,1599853.100000004,74012,10777049.0,6317,86401.0,161009.0,90361.0,11386.0,445.0,349602.0
DL,2016,12,71612,135,116,71361,58284,13077,314212.0,937966.0,827919.0,10992531.0,10478824.0,1571967.6999999855,71548,11024440.0,13077,252060.0,334783.0,203219.0,72756.0,598.0,863416.0
DL,2017,1,69813,782,189,68842,56335,12507,296384.0,1047594.0,924436.0,10639338.0,10011286.0,1668579.8000000059,69768,10763217.0,12507,274704.0,385953.0,210571.0,119719.0,424.0,991371.0
DL,2017,2,65313,356,95,64862,58434,6428,-410418.0,436289.0,310270.0,9943749.0,9223061.0,1558071.7000000025,65253,10013108.0,6428,103547.0,150944.0,107583.0,30638.0,104.0,392816.0
DL,2017,3,79070,439,137,78494,68721,9773,-148039.0,722512.0,579929.0,12052676.0,11324708.0,1820728.6000000043,78972,12140189.0,9773,189238.0,238209.0,185917.0,48899.0,311.0,662574.0
DL,2017,4,77046,3151,177,73718,59225,14493,828058.0,1523170.0,1413917.0,11082101.0,10496242.0,1612241.700000002,76979,11502930.0,14493,442391.0,514692.0,284173.0,224027.0,493.0,1465776.0
DL,2017,5,80742,56,175,80511,66817,13694,277745.0,965097.0,808056.0,11869323.0,11339012.0,1539837.8,80673,11893095.0,13694,266189.0,302808.0,297900.0,21646.0,402.0,888945.0
DL,2017,6,81033,93,194,80746,67065,13681,254856.0,985444.0,829378.0,12294018.0,11719496.0,1650157.2,80931,12325020.0,13681,277443.0,314004.0,270994.0,47064.0,884.0,910389.0
DL,2017,7,83604,36,241,83327,69510,13817,231902.0,1021488.0,865622.0,12900823.0,12267103.0,1708044.0999999957,83551,12934081.0,13817,280089.0,353040.0,259272.0,53414.0,2199.0,948014.0
DL,2017,8,84805,191,163,84451,74144,10307,-182677.0,678001.0,513352.0,12922211.0,12226182.0,1717265.7999999973,84763,12972667.0,10307,174936.0,242963.0,166696.0,22743.0,937.0,608275.0
DL,2017,9,75505,1705,125,73675,66973,6702,-289815.0,487389.0,288071.0,10832068.0,10254182.0,1432975.6000000034,75487,11089030.0,6702,91815.0,183457.0,118517.0,37216.0,283.0,431288.0
DL,2017,10,79476,10,85,79381,71065,8316,-177793.0,577436.0,398135.0,11608598.0,11032670.0,1508062.000000004,79469,11622654.0,8316,137303.0,199703.0,155802.0,13611.0,1058.0,507477.0
DL,2017,11,74348,0,60,74288,69646,4642,-666387.0,293754.0,108320.0,11048833.0,10274126.0,1643832.3000000007,74295,11051039.0,4642,49584.0,128605.0,62584.0,7860.0,425.0,249058.0
DL,2017,12,72805,2141,167,70497,60762,9735,-82036.0,781783.0,644961.0,11246160.0,10519163.0,1818854.9999999832,72701,11526454.0,9735,159184.0,270588.0,192672.0,103005.0,823.0,726272.0
DL,2018,1,71253,1538,115,69600,60057,9543,-81134.0,792723.0,668999.0,10930973.0,10180840.0,1734260.1999999974,71227,11181239.0,9543,210202.0,221638.0,180576.0,131835.0,182.0,744433.0
DL,2018,2,66302,70,122,66110,58262,7848,-228503.0,592305.0,434785.0,10311977.0,9648689.0,1578341.9999999935,66247,10326962.0,7848,163621.0,203762.0,129105.0,48518.0,569.0,545575.0
DL,2018,3,81365,869,102,80394,70760,9634,-164260.0,642566.0,480392.0,12320896.0,11676244.0,1730242.6000000034,81253,12476865.0,9634,147204.0,223242.0,136772.0,58621.0,767.0,566606.0
DL,2018,4,79013,268,138,78607,68260,10347,-51439.0,692279.0,453773.0,11780996.0,11275784.0,1497702.8000000007,78970,11843087.0,10347,173231.0,232160.0,174881.0,40109.0,402.0,620783.0
DL,2018,5,81735,23,178,81534,69456,12078,121132.0,797439.0,549914.0,12100048.0,11671266.0,1417683.4999999998,81668,12125047.0,12078,184475.0,268261.0,215322.0,46449.0,993.0,715500.0
DL,2018,6,83653,131,271,83251,68218,15033,475191.0,1240917.0,1079503.0,12838995.0,12234683.0,1668967.9999999967,83614,12889754.0,15033,391699.0,385447.0,275277.0,115048.0,529.0,1168000.0
DL,2018,7,86544,128,288,86128,72171,13957,277873.0,1110622.0,946578.0,13477373.0,12808668.0,1727999.199999995,86471,13531555.0,13957,347042.0,303077.0,303754.0,85044.0,510.0,1039427.0
DL,2018,8,87966,156,230,87580,73290,14290,265944.0,1095093.0,913228.0,13511900.0,12864616.0,1751447.3999999915,87912,13574712.0,14290,332690.0,313154.0,308364.0,66550.0,811.0,1021569.0
DL,2018,9,78075,112,134,77829,68914,8915,-233984.0,572814.0,321014.0,11519897.0,10964899.0,1446620.4000000032,78059,11546839.0,8915,133448.0,188598.0,163076.0,28540.0,695.0,514357.0
DL,2018,10,82134,74,110,81950,73933,8017,-290668.0,501880.0,256466.0,12000918.0,11453784.0,1508350.2000000018,82122,12024531.0,8017,115274.0,175682.0,115986.0,23271.0,223.0,430436.0
DL,2018,11,76236,104,125,76007,63467,12540,94595.0,793869.0,580574.0,11329879.0,10843900.0,1603128.8000000035,75956,11325119.0,12540,218743.0,230084.0,210242.0,54811.0,163.0,714043.0
DL,2018,12,75006,54,105,74847,66860,7987,-458295.0,486447.0,305616.0,11856685.0,11092774.0,1761805.0999999829,74884,11846134.0,7987,107164.0,167964.0,119007.0,31520.0,121.0,425776.0
DL,2019,1,73836,328,105,73403,64000,9403,-126252.0,726788.0,516872.0,11547276.0,10904152.0,1692938.699999985,73798,11596143.0,9403,176751.0,221778.0,192976.0,72918.0,170.0,664593.0
DL,2019,2,67337,64,156,67117,54934,12183,267280.0,949221.0,753405.0,10489982.0,10003857.0,1535532.9999999888,67309,10518559.0,12183,277551.0,261649.0,238089.0,108760.0,1172.0,887221.0
DL,2019,3,84208,66,77,84065,74321,9744,-182957.0,691257.0,498476.0,12995341.0,12313901.0,1787286.3000000024,84094,12994744.0,9744,176473.0,253470.0,143122.0,45444.0,778.0,619287.0
DL,2019,4,81949,146,160,81643,70618,11025,77705.0,925778.0,705264.0,12446058.0,11818499.0,1667854.1999999976,81908,12487870.0,11025,273503.0,299661.0,236532.0,54070.0,531.0,864297.0
DL,2019,5,85579,0,222,85357,74164,11193,-9772.0,818035.0,611112.0,12922485.0,12301601.0,1659021.3999999969,85452,12927824.0,11193,213468.0,271562.0,219405.0,41123.0,830.0,746388.0
DL,2019,6,87350,167,338,86845,69767,17078,576364.0,1263909.0,1067957.0,13359283.0,12867690.0,1645912.999999997,87272,13418942.0,17078,385251.0,401619.0,316159.0,71945.0,1308.0,1176282.0
DL,2019,7,90812,355,358,90099,73407,16692,687820.0,1456199.0,1272835.0,14028041.0,13443026.0,1685771.1999999953,90752,14130339.0,16692,445775.0,491239.0,350310.0,88232.0,842.0,1376398.0
DL,2019,8,91278,216,224,90838,75931,14907,334633.0,1143343.0,915019.0,14065405.0,13485019.0,1712844.0999999952,91203,14125636.0,14907,307054.0,397448.0,306731.0,49337.0,1139.0,1061709.0
DL,2019,9,81745,407,184,81154,72447,8707,-160577.0,616982.0,340329.0,12022054.0,11521148.0,1419458.0999999968,81693,12093935.0,8707,137960.0,213524.0,168718.0,30851.0,348.0,551401.0
DL,2019,10,86322,10,133,86179,74751,11428,-47703.0,698247.0,386701.0,12746020.0,12311616.0,1563244.7999999896,86261,12761695.0,11428,156281.0,237795.0,191169.0,20956.0,917.0,607118.0
DL,2019,11,80046,57,69,79920,71703,8217,-260758.0,552896.0,296128.0,11952967.0,11396081.0,1590250.0999999952,79877,11934941.0,8217,127332.0,187728.0,135397.0,33261.0,329.0,484047.0
DL,2019,12,81524,26,93,81405,68961,12444,15921.0,814473.0,631067.0,12769548.0,12154402.0,1723344.5999999836,81143,12704650.0,12444,215545.0,257675.0,217742.0,43330.0,436.0,734728.0
DL,2020,1,80067,41,98,79928,71469,8459,-353130.0,563346.0,310371.0,12562890.0,11899389.0,1713614.3999999939,79951,12558027.0,8459,119258.0,194011.0,140998.0,45688.0,643.0,500598.0
DL,2020,2,75446,18,90,75338,65460,9878,-87724.0,738653.0,498835.0,11738991.0,11152432.0,1593835.3999999948,75361,11735062.0,9878,249693.0,210382.0,173368.0,43191.0,301.0,676935.0
DL,2020,3,86291,19657,95,66539,61232,5307,-491070.0,381885.0,104671.0,10476482.0,9880741.0,1784906.8999999966,85695,13277487.0,5307,66456.0,186205.0,77168.0,9428.0,299.0,339556.0
DL,2020,4,26002,6894,16,19092,17569,1523,-95062.0,106078.0,-15551.0,2618363.0,2538852.0,275396.8000000004,25937,3541112.0,1523,6069.0,63656.0,18480.0,1124.0,104.0,89433.0
DL,2020,5,16952,23,14,16915,16079,836,-105094.0,59013.0,-24256.0,2298660.0,2217822.0,162082.80000000048,16948,2302990.0,836,3477.0,32267.0,7734.0,1244.0,0.0,44722.0
DL,2020,6,21865,10,29,21826,20661,1165,-121686.0,78756.0,-25601.0,3052173.0,2956087.0,211806.29999999996,21861,3058059.0,1165,9286.0,38118.0,11896.0,3068.0,368.0,62736.0
DL,2020,7,37269,479,146,36644,33241,3403,-35159.0,230905.0,34037.0,5385998.0,5316802.0,329512.2000000001,37235,5467374.0,3403,35357.0,106251.0,43919.0,9326.0,1144.0,195997.0
DL,2020,8,47458,114,122,47222,43191,4031,-148561.0,260586.0,27371.0,6879979.0,6704052.0,537812.7999999989,47425,6910309.0,4030,39943.0,110687.0,54678.0,14469.0,1255.0,221032.0
DL,2020,9,44323,76,45,44202,42157,2045,-302670.0,150823.0,-56907.0,6427142.0,6181379.0,557926.7000000009,44271,6434228.0,2045,23753.0,70385.0,21053.0,7889.0,915.0,123995.0
DL,2020,10,46775,46,72,46657,43755,2902,-284703.0,197979.0,-33379.0,7034957.0,6783633.0,663711.0000000021,46741,7047747.0,2902,26416.0,89220.0,37323.0,11329.0,680.0,164968.0
DL,2020,11,49275,845,38,48392,44440,3952,-166883.0,247942.0,-44698.0,7343366.0,7221186.0,618119.4000000003,49073,7425431.0,3952,33390.0,101901.0,58217.0,5594.0,1263.0,200365.0
DL,2020,12,49378,566,49,48763,42344,6419,76609.0,408448.0,93898.0,7621713.0,7604424.0,518221.700000004,49137,7668064.0,6419,55346.0,166322.0,101411.0,18908.0,714.0,342701.0
DL,2021,1,48239,92,47,48100,43753,4347,-235640.0,326244.0,75500.0,7866791.0,7555671.0,829125.0000000017,48165,7870496.0,4347,59806.0,137825.0,80371.0,9699.0,660.0,288361.0
DL,2021,2,43738,868,58,42812,38241,4571,-145273.0,326777.0,107162.0,7040916.0,6786724.0,798156.8000000017,43652,7176565.0,4571,44970.0,130604.0,74044.0,41197.0,806.0,291621.0
DL,2021,3,55856,150,56,55650,51620,4030,-387837.0,296089.0,55883.0,9192586.0,8748866.0,1064968.1000000027,55802,9213005.0,4030,43309.0,153374.0,54197.0,8956.0,837.0,260673.0
DL,2021,4,55500,347,81,55072,50277,4795,-305756.0,393808.0,195482.0,9128639.0,8627401.0,1083457.4999999981,55420,9180724.0,4795,74832.0,188724.0,65507.0,25813.0,3823.0,358699.0
DL,2021,5,61115,7,100,61008,55158,5850,-220593.0,429762.0,310949.0,10034120.0,9502602.0,1111023.4000000018,60818,9982252.0,5850,82505.0,205804.0,69391.0,21147.0,1434.0,380281.0
DL,2021,6,65882,12,162,65708,57147,8561,-9454.0,598453.0,506193.0,10442410.0,9926763.0,1197632.6000000061,65666,10419129.0,8561,122192.0,283148.0,100763.0,28802.0,1421.0,536326.0
DL,2021,7,70002,63,247,69692,59419,10273,122188.0,758584.0,679402.0,11007939.0,10450726.0,1276889.7000000041,69814,11011546.0,10273,168114.0,360250.0,117181.0,45384.0,3041.0,693970.0
DL,2021,8,70653,113,180,70360,60794,9566,41313.0,685555.0,570393.0,11008291.0,10479211.0,1239234.0,70501,11014823.0,9566,144003.0,325664.0,109815.0,42055.0,1534.0,623071.0
DL,2021,9,67597,295,97,67205,60559,6646,-107445.0,491829.0,303325.0,10207519.0,9796749.0,1032167.5000000033,67308,10205757.0,6646,93466.0,235617.0,74369.0,25196.0,1744.0,430392.0
DL,2021,10,70518,35,86,70397,62391,8006,-58900.0,567488.0,390840.0,10765774.0,10316034.0,1148726.4000000022,70480,10778342.0,8006,120798.0,265897.0,92386.0,16149.0,1439.0,496669.0
DL,2021,11,70361,14,58,70289,63271,7018,-173167.0,484371.0,313048.0,10703344.0,10217129.0,1273029.6000000013,70207,10687933.0,7018,97761.0,236843.0,62711.0,12212.0,5980.0,415507.0
DL,2021,12,68537,1635,147,66755,54457,12298,341104.0,963746.0,842980.0,10615741.0,10113865.0,1372885.600000003,68265,10867528.0,12298,239863.0,444351.0,137941.0,76621.0,1230.0,900006.0
DL,2022,1,68963,2237,153,66573,56793,9780,-15211.0,690278.0,517112.0,10595196.0,10062879.0,1419816.3000000035,68888,10970996.0,9780,150173.0,338966.0,105647.0,35376.0,657.0,630819.0
DL,2022,2,62755,892,60,61803,53459,8344,-62348.0,605649.0,464381.0,9799205.0,9272476.0,1283496.799999987,62720,9944855.0,8344,135440.0,275837.0,102150.0,39896.0,1023.0,554346.0
DL,2022,3,75366,436,142,74788,61092,13696,368647.0,1053460.0,904458.0,11752099.0,11215998.0,1447779.7999999744,75246,11816143.0,13696,293784.0,461956.0,176765.0,46830.0,845.0,980180.0
DL,2022,4,73076,815,152,72109,59220,12889,380153.0,1000920.0,866960.0,11270178.0,10783379.0,1334110.0999999845,72964,11399283.0,12889,265406.0,480139.0,156595.0,30105.0,408.0,932653.0
DL,2022,5,76300,2227,182,73891,61301,12590,344735.0,950410.0,849602.0,11465571.0,10960704.0,1336829.5999999885,76117,11822722.0,12590,219326.0,495171.0,127169.0,33599.0,379.0,875644.0
DL,2022,6,76887,2946,197,73744,59281,14463,483551.0,1125491.0,1053959.0,11521118.0,10950710.0,1420153.9000000008,76775,12042573.0,14463,297122.0,548281.0,169701.0,43541.0,859.0,1059504.0
DL,2022,7,78767,788,177,77802,62689,15113,466163.0,1138876.0,999185.0,12135839.0,11602866.0,1397904.4000000074,78641,12280139.0,15113,311924.0,563978.0,149946.0,42031.0,851.0,1068730.0
DL,2022,8,78673,572,192,77909,65572,12337,257954.0,969554.0,789149.0,12144981.0,11613726.0,1368016.4999999949,78590,12261853.0,12337,221244.0,464546.0,169323.0,45348.0,647.0,901108.0
DL,2022,9,74760,745,97,73918,66539,7379,-257694.0,534180.0,332847.0,11426442.0,10835957.0,1350767.5,74481,11496982.0,7379,115674.0,268859.0,78531.0,15414.0,738.0,479216.0
DL,2022,10,75987,325,68,75594,67244,8350,-151660.0,603139.0,412017.0,11603456.0,11039779.0,1406378.5,75855,11640462.0,8350,122830.0,316587.0,87234.0,10747.0,885.0,538283.0
DL,2022,11,75867,483,115,75269,64842,10427,51191.0,750863.0,523854.0,11613213.0,11140546.0,1511469.200000005,75675,11659019.0,10427,167459.0,342385.0,129065.0,34796.0,723.0,674428.0
DL,2022,12,75771,1851,128,73792,59104,14688,437655.0,1087382.0,961480.0,11817171.0,11293354.0,1602054.4000000216,75302,12065606.0,14688,271099.0,493525.0,156869.0,86517.0,765.0,1008775.0
DL,2023,1,75174,586,169,74419,59177,15242,476472.0,1177870.0,982872.0,12100705.0,11594320.0,1620545.3000000173,74511,12073309.0,15242,312789.0,501463.0,203900.0,85190.0,688.0,1104030.0
DL,2023,2,69152,968,121,68063,57217,10846,148451.0,869804.0,697347.0,10953203.0,10404322.0,1493685.6000000036,68462,10997883.0,10846,220441.0,419185.0,121124.0,48949.0,651.0,810350.0
DL,2023,3,82791,1589,177,81025,63782,17243,529955.0,1240088.0,1053722.0,12981147.0,12450963.0,1803348.7000000067,82057,13098103.0,17243,355230.0,528411.0,219779.0,56411.0,619.0,1160450.0
DL,2023,4,80230,1837,155,78238,63990,14248,343954.0,1054303.0,871805.0,12316114.0,11788263.0,1606797.6000000031,79557,12508307.0,14248,273746.0,493293.0,175884.0,34323.0,916.0,978162.0
DL,2023,5,84459,417,95,83947,73255,10692,-94475.0,757298.0,579735.0,13112527.0,12438358.0,1617344.299999998,83657,13031478.0,10692,178079.0,395623.0,86867.0,23225.0,1031.0,684825.0
DL,2023,6,85929,1249,269,84411,64768,19643,845179.0,1548031.0,1434284.0,13302680.0,12713575.0,1686488.3000000066,84917,13372667.0,19643,448045.0,720232.0,232487.0,62303.0,1515.0,1464582.0
DL,2023,7,89751,1353,332,88066,67076,20990,963326.0,1698453.0,1599704.0,13994598.0,13358220.0,1759198.3999999913,88495,14045646.0,20990,508455.0,762311.0,265728.0,80785.0,911.0,1618190.0
DL,2023,8,89057,1509,296,87252,70808,16444,486872.0,1360393.0,1191362.0,13898382.0,13193914.0,1747010.6999999944,87925,13947502.0,16444,401826.0,598642.0,209508.0,80605.0,884.0,1291465.0
DL,2023,9,81701,418,187,81096,69901,11195,91274.0,905200.0,678236.0,12811496.0,12224534.0,1584867.5999999747,80727,12728003.0,11195,229581.0,409610.0,164172.0,35503.0,738.0,839604.0
DL,2023,10,85367,57,79,85231,77281,7950,-412285.0,549232.0,303007.0,13496554.0,12781270.0,1709153.4,84304,13298826.0,7950,116296.0,288562.0,65277.0,13139.0,843.0,484117.0
DL,2023,11,80353,11,64,80278,73341,6937,-521407.0,471086.0,205530.0,12869792.0,12142855.0,1770865.3999999885,79020,12599566.0,6937,97235.0,241603.0,66794.0,7255.0,546.0,413433.0
DL,2023,12,81022,22,95,80905,73078,7827,-515987.0,583350.0,366010.0,13426355.0,12544358.0,1888846.200000018,79587,13129247.0,7827,127731.0,286588.0,82923.0,29001.0,1121.0,527364.0
DL,2024,1,74384,478,184,73722,59792,13930,321790.0,1107295.0,858876.0,12191691.0,11654605.0,1727033.1000000043,73444,12067720.0,13930,288500.0,423363.0,197503.0,129066.0,979.0,1039411.0
DL,2024,2,71218,97,101,71020,63025,7995,-301133.0,550326.0,292881.0,11498377.0,10904363.0,1579871.4000000143,70398,11345225.0,7995,107037.0,259179.0,104124.0,18820.0,1259.0,490419.0
DL,2024,3,82668,111,130,82427,68915,13512,165124.0,974333.0,711601.0,13280104.0,12733627.0,1793294.9999999818,81560,13076688.0,13512,260257.0,411974.0,194785.0,28403.0,372.0,895791.0
DL,2024,4,82812,117,126,82569,69650,12919,202484.0,940917.0,668520.0,13084858.0,12618821.0,1601735.1000000017,81753,12899023.0,12919,257145.0,398024.0,176680.0,25551.0,1355.0,858755.0
DL,2024,5,88381,163,264,87954,69237,18717,734611.0,1406567.0,1121793.0,13785222.0,13398040.0,1629599.6999999802,87187,13606931.0,18717,459738.0,512105.0,282313.0,57739.0,1133.0,1313028.0
DL,2024,6,89065,191,289,88585,71003,17582,555561.0,1331782.0,1119201.0,14107319.0,13543679.0,1766304.6000000197,87820,13953028.0,17582,370575.0,554930.0,264932.0,55710.0,570.0,1246717.0
DL,2024,7,92296,6053,365,85878,60202,25676,1941657.0,2571721.0,2348394.0,13725120.0,13318383.0,1805201.4000000115,90712,14441869.0,25676,723331.0,1359483.0,335991.0,70933.0,944.0,2490682.0
DL,2024,8,90397,717,260,89420,72263,17157,533164.0,1351883.0,1099092.0,14230159.0,13664171.0,1750197.00000002,88941,14135305.0,17157,372824.0,566317.0,278557.0,55989.0,563.0,1274250.0
DL,2024,9,84545,330,143,84072,73225,10847,-127186.0,744538.0,424353.0,13303915.0,12752376.0,1611542.9999999846,83003,13060078.0,10847,189944.0,338780.0,106803.0,38997.0,628.0,675152.0
DL,2024,10,88300,799,85,87416,78988,8428,-409641.0,571042.0,248804.0,13822735.0,13164290.0,1707745.899999992,86693,13628649.0,8428,131946.0,294529.0,67787.0,11578.0,446.0,506286.0
DL,2024,11,81825,24,95,81706,72524,9182,-327176.0,607592.0,267162.0,13127401.0,12533003.0,1731553.699999992,80298,12796986.0,9182,135011.0,272237.0,108264.0,23073.0,409.0,538994.0
DL,2024,12,83283,67,159,83057,66737,16320,359618.0,1148451.0,930134.0,13809916.0,13239400.0,1831845.899999978,81474,13398436.0,16320,328907.0,493308.0,194024.0,48392.0,870.0,1065501.0
DL,2025,1,76306,2137,144,74025,59723,14302,386568.0,1197800.0,940631.0,12460722.0,11906659.0,1785253.999999994,74939,12429782.0,14302,305736.0,473239.0,222491.0,131009.0,296.0,1132771.0
DL,2025,2,71333,164,108,71061,56870,14191,276489.0,1054866.0,797315.0,11728472.0,11207646.0,1645583.5000000154,70151,11466295.0,14191,290809.0,439238.0,203865.0,58542.0,598.0,993052.0
DL,2025,3,84487,416,214,83857,68410,15447,330059.0,1189932.0,855454.0,13720158.0,13193443.0,1795190.8999999953,82577,13369214.0,15447,368664.0,462197.0,241077.0,43377.0,529.0,1115844.0
DL,2025,4,84188,430,198,83560,68711,14849,317584.0,1093042.0,717541.0,13472932.0,13072979.0,1639397.6999999932,82266,13131150.0,14849,302209.0,458932.0,205423.0,46464.0,718.0,1013746.0
DL,2025,5,89931,195,264,89472,69778,19694,716633.0,1476249.0,1105751.0,14257845.0,13868717.0,1740654.6000000052,88169,13948343.0,19694,438948.0,550712.0,334353.0,60425.0,1281.0,1385719.0
DL,2025,6,91122,1571,396,89155,65823,23332,1164356.0,1893873.0,1602677.0,14315387.0,13877071.0,1812553.7000000128,89239,14213270.0,23332,581465.0,752423.0,373173.0,102339.0,1154.0,1810554.0
DL,2025,7,94066,1320,501,92245,69327,22918,1109540.0,1891379.0,1580177.0,14746582.0,14275945.0,1842568.5000000151,91991,14633284.0,22918,583345.0,740038.0,384158.0,100784.0,524.0,1808849.0
DL,2025,8,90313,687,304,89322,74114,15208,249386.0,1161482.0,847207.0,14303502.0,13705681.0,1779008.5000000158,88349,14058867.0,15208,322743.0,513058.0,194528.0,57830.0,511.0,1088670.0
DL,2025,9,84875,85,160,84630,74149,10481,-157677.0,771851.0,383069.0,13330905.0,12790159.0,1625758.0999999996,83054,13020295.0,10481,199290.0,335946.0,152467.0,18945.0,665.0,707313.0
DL,2025,10,90097,329,158,89610,75295,14315,184674.0,1037279.0,639256.0,14053399.0,13598817.0,1702799.0999999638,88177,13770082.0,14315,299039.0,428231.0,211795.0,16887.0,846.0,956798.0
DL,2025,11,84475,1439,164,82872,68297,14575,253935.0,1147898.0,739556.0,13349135.0,12863514.0,1817695.499999993,82541,13157590.0,14575,320539.0,445090.0,283899.0,30651.0,1156.0,1081335.0
DL,2025,12,85139,2341,180,82618,61528,21090,931489.0,1673702.0,1410084.0,13720064.0,13241469.0,1897518.3999999731,83239,13699454.0,21090,517160.0,686199.0,311718.0,74001.0,887.0,1589965.0
DL,2026,1,79198,3121,138,75939,60939,15000,298772.0,1110959.0,814916.0,12696470.0,12180340.0,1817669.9000000064,77469,12805623.0,15000,291718.0,495843.0,191834.0,61319.0,1170.0,1041884.0
DL,2026,2,74200,1551,122,72527,60397,12130,19763.0,860545.0,576787.0,11929183.0,11372159.0,1683653.4999999944,72662,11898889.0,12130,210864.0,399466.0,149772.0,34498.0,828.0,795428.0
DL,2026,3,86890,3092,279,83519,66730,16789,470291.0,1333265.0,986312.0,13731186.0,13214925.0,1871539.200000025,84850,13786133.0,16789,341691.0,555928.0,295954.0,64140.0,616.0,1258329.0
DL,2026,4,87115,730,165,86220,73271,12949,-9435.0,894596.0,482046.0,13984746.0,13493265.0,1765755.999999989,85226,13672228.0,12949,242783.0,388482.0,168455.0,20147.0,512.0,820379.0
DL,2026,5,91955,1144,236,90575,74476,16099,249145.0,1121085.0,760684.0,14550644.0,14039105.0,1856175.5999999945,90009,14318036.0,16099,291697.0,474260.0,238054.0,33675.0,1227.0,1038913.0
DL,2026,6,90247,1009,272,88966,73203,15763,321410.0,1219046.0,906723.0,14333648.0,13748369.0,1899964.000000006,88518,14154295.0,15763,327686.0,511540.0,255453.0,48583.0,926.0,1144188.0
DL,2026,7,94140,2261,581,91298,67649,23649,1160655.0,1917893.0,1631885.0,14623291.0,14152068.0,1930312.8000000173,92303,14719877.0,23649,574314.0,738179.0,433616.0,87771.0,1118.0,1834998.0
EV,2015,1,49925,1702,139,48084,37093,10991,410517.0,725266.0,465400.0,4815060.0,4760177.0,673776.8,49404,4957347.0,10991,254080.0,225639.0,164336.0,19179.0,0.0,663234.0
EV,2015,2,45138,3002,131,42005,31463,10542,437576.0,687516.0,467842.0,4181270.0,4151004.0,611774.6999999936,44665,4448095.0,10542,242263.0,212197.0,153998.0,22094.0,0.0,630552.0
EV,2015,3,54190,2135,180,51875,41283,10592,349124.0,692252.0,457395.0,5195762.0,5087491.0,752390.4000000025,53821,5398464.0,10592,254917.0,218126.0,136374.0,15795.0,0.0,625212.0
EV,2015,4,49296,929,232,48135,39533,8602,232071.0,569612.0,317513.0,4824092.0,4738650.0,654748.4000000061,49045,4918848.0,8602,181811.0,186479.0,132778.0,10306.0,0.0,511374.0
EV,2015,5,49213,1041,234,47938,38210,9728,370287.0,711346.0,477627.0,4820062.0,4712722.0,670745.4999999986,48922,4918169.0,9728,260007.0,213517.0,162439.0,21547.0,0.0,657510.0
EV,2015,6,49119,1742,223,47154,34650,12504,657930.0,922409.0,709807.0,4683628.0,4631751.0,648847.2999999973,48814,4854788.0,12504,338069.0,284488.0,220076.0,22935.0,0.0,865568.0
EV,2015,7,50381,909,151,49321,39669,9652,341618.0,664244.0,444120.0,4844941.0,4742439.0,662066.8999999978,50217,4942665.0,9652,237964.0,204629.0,154777.0,10304.0,0.0,607674.0
EV,2015,8,48554,728,158,47668,39224,8444,245701.0,588470.0,369954.0,4699071.0,4574818.0,628523.6999999954,48198,4753480.0,8444,208206.0,185308.0,131145.0,12147.0,0.0,536806.0
EV,2015,9,43721,266,88,43367,37507,5860,36908.0,389195.0,153776.0,4239043.0,4122175.0,559117.3000000073,43467,4248518.0,5860,116852.0,129266.0,89912.0,7206.0,0.0,343236.0
EV,2015,10,45728,477,120,45131,38424,6707,103971.0,439392.0,207529.0,4411528.0,4307970.0,606405.5000000035,45494,4445457.0,6707,141408.0,144869.0,95571.0,4604.0,0.0,386452.0
EV,2015,11,42572,783,145,41644,34383,7261,183897.0,505617.0,293658.0,4113672.0,4003911.0,613563.0000000055,42267,4171491.0,7261,169348.0,159223.0,119191.0,11762.0,0.0,459524.0
EV,2015,12,44140,1517,193,42430,34129,8301,283652.0,609502.0,414899.0,4178009.0,4046762.0,621183.1000000025,43718,4308511.0,8301,224051.0,200232.0,127297.0,11434.0,0.0,563014.0
EV,2016,1,41970,1427,95,40448,34073,6375,65853.0,441500.0,245351.0,4030327.0,3850829.0,657732.3000000014,41702,4167565.0,6375,140180.0,167003.0,84977.0,10657.0,0.0,402817.0
EV,2016,2,39926,1465,120,38341,31328,7013,157149.0,509161.0,321776.0,3827687.0,3663060.0,635879.5000000047,39768,3980842.0,7013,177466.0,178734.0,110042.0,6351.0,0.0,472593.0
EV,2016,3,44584,611,143,43830,36992,6838,121215.0,502716.0,276765.0,4282467.0,4126917.0,671385.3000000011,44460,4341821.0,6838,165866.0,174018.0,111417.0,10004.0,0.0,461305.0
EV,2016,4,40773,623,90,40060,34942,5118,-3402.0,373255.0,164260.0,3938590.0,3770928.0,629652.0999999936,40660,3997196.0,5118,109079.0,139970.0,81890.0,6199.0,0.0,337138.0
EV,2016,5,41294,452,133,40709,34460,6249,113834.0,457936.0,249460.0,3949166.0,3813540.0,601432.8000000002,41162,3990398.0,6249,135952.0,162948.0,108684.0,11246.0,0.0,418830.0
EV,2016,6,42975,1254,190,41531,33550,7981,330489.0,663803.0,479679.0,4066279.0,3917089.0,654276.699999999,42704,4182152.0,7981,226803.0,257626.0,128258.0,11674.0,0.0,624361.0
EV,2016,7,43562,2319,221,41022,30903,10119,589180.0,902094.0,736790.0,4008992.0,3861382.0,675349.299999998,43458,4264263.0,10119,334035.0,333256.0,180067.0,18012.0,0.0,865370.0
EV,2016,8,43255,1609,174,41472,31856,9616,471013.0,790674.0,615541.0,4086488.0,3941960.0,674120.699999999,43161,4256408.0,9616,294196.0,291166.0,155274.0,10789.0,0.0,751425.0
EV,2016,9,38994,324,119,38551,32404,6147,129990.0,484065.0,295542.0,3828177.0,3662625.0,590500.0999999986,38834,3856737.0,6147,154914.0,191972.0,96033.0,7296.0,0.0,450215.0
EV,2016,10,39645,318,71,39256,33562,5694,54248.0,434392.0,265280.0,3899995.0,3688963.0,621777.6000000078,39576,3936150.0,5694,135772.0,175830.0,84498.0,6471.0,0.0,402571.0
EV,2016,11,36499,345,105,36049,30202,5847,122047.0,476693.0,323017.0,3616069.0,3415099.0,604189.3000000048,36204,3629263.0,5847,165724.0,183659.0,90842.0,7557.0,0.0,447782.0
EV,2016,12,37513,1142,116,36255,27585,8670,446052.0,713925.0,569865.0,3673817.0,3550004.0,603379.3000000003,37283,3779016.0,8670,248339.0,267305.0,140895.0,18677.0,0.0,675216.0
EV,2017,1,35037,1159,146,33732,25496,8236,444352.0,734256.0,595442.0,3487181.0,3336091.0,618451.5000000009,34965,3609282.0,8236,261288.0,299209.0,130083.0,11271.0,0.0,701851.0
EV,2017,2,30444,657,92,29695,25074,4621,40451.0,370219.0,237298.0,3059521.0,2862674.0,539157.999999999,30333,3132718.0,4621,121057.0,146554.0,73928.0,6379.0,0.0,347918.0
EV,2017,3,35235,1284,81,33870,26691,7179,327992.0,620460.0,483724.0,3418997.0,3263265.0,609608.5999999982,35089,3555122.0,7179,218376.0,250761.0,113779.0,7040.0,0.0,589956.0
EV,2017,4,30789,911,102,29776,23292,6484,344755.0,613264.0,480545.0,3078433.0,2942643.0,524438.7999999956,30758,3179244.0,6484,213006.0,247037.0,116421.0,12274.0,0.0,588738.0
EV,2017,5,30851,726,100,30025,23688,6337,300916.0,564843.0,423777.0,3052086.0,2929225.0,500396.1999999972,30686,3120720.0,6337,182448.0,215116.0,136040.0,5469.0,0.0,539073.0
EV,2017,6,30131,654,99,29378,22623,6755,360265.0,601597.0,456310.0,2964233.0,2868188.0,493620.40000000066,29957,3026839.0,6755,188517.0,208512.0,169081.0,8756.0,0.0,574866.0
EV,2017,7,29231,884,104,28243,22084,6159,304088.0,543805.0,408546.0,2888714.0,2784256.0,471823.4000000012,29106,2982000.0,6159,165295.0,189258.0,154181.0,10127.0,0.0,518861.0
EV,2017,8,28807,1945,98,26764,21353,5411,205536.0,448461.0,316188.0,2753801.0,2643149.0,471198.59999999724,28729,2962489.0,5411,148968.0,148805.0,117996.0,10621.0,0.0,426390.0
EV,2017,9,24040,996,56,22988,19471,3517,35609.0,272797.0,148698.0,2371858.0,2258769.0,383247.4000000006,23945,2469846.0,3517,78637.0,100608.0,74233.0,2179.0,0.0,255657.0
EV,2017,10,23622,329,55,23238,19038,4200,146868.0,364127.0,245360.0,2428616.0,2330124.0,384379.90000000177,23596,2468196.0,4200,115884.0,141871.0,82319.0,4695.0,0.0,344769.0
EV,2017,11,20595,65,19,20511,17781,2730,-43295.0,192664.0,89537.0,2189385.0,2056553.0,394956.90000000165,20535,2190603.0,2730,59398.0,61465.0,54295.0,2753.0,0.0,177911.0
EV,2017,12,20759,356,49,20354,15858,4496,170041.0,359452.0,258759.0,2199963.0,2111245.0,389596.3000000003,20588,2222619.0,4496,110769.0,111496.0,103120.0,16040.0,0.0,341425.0
EV,2018,1,20166,997,57,19112,15035,4077,152177.0,349181.0,259671.0,2053414.0,1945920.0,391949.09999999584,20126,2166782.0,4077,112229.0,126730.0,78970.0,16259.0,0.0,334188.0
EV,2018,2,17962,386,66,17510,13460,4050,174223.0,341650.0,240493.0,1887567.0,1821297.0,343370.60000000475,17899,1928588.0,4050,106305.0,112133.0,94640.0,14271.0,0.0,327349.0
EV,2018,3,21016,937,47,20032,16628,3404,81021.0,276567.0,168746.0,2142519.0,2054794.0,384801.8999999991,20976,2248278.0,3404,80457.0,107904.0,65866.0,4709.0,0.0,258936.0
EV,2018,4,17644,243,51,17350,14266,3084,70075.0,254128.0,153728.0,1848353.0,1764700.0,330934.0999999989,17607,1876529.0,3084,77383.0,78736.0,75990.0,8734.0,0.0,240843.0
EV,2018,5,16661,180,59,16422,13835,2587,35826.0,224591.0,138843.0,1730752.0,1627735.0,306502.4000000007,16600,1748381.0,2587,56309.0,72753.0,72835.0,12052.0,0.0,213949.0
EV,2018,6,16559,173,83,16303,12966,3337,145530.0,293228.0,204845.0,1720957.0,1661642.0,276128.1000000009,16431,1735406.0,3337,80394.0,97453.0,91782.0,9898.0,0.0,279527.0
EV,2018,7,16548,461,56,16031,12768,3263,150461.0,287725.0,199933.0,1686727.0,1637255.0,262986.99999999907,16518,1741194.0,3263,87265.0,90995.0,87126.0,8153.0,0.0,273539.0
EV,2018,8,17365,636,58,16671,12846,3825,200422.0,337948.0,245715.0,1741397.0,1696104.0,272502.99999999936,17240,1808510.0,3825,101019.0,106676.0,103446.0,12936.0,0.0,324077.0
EV,2018,9,15456,284,58,15114,11727,3387,149709.0,273432.0,176269.0,1561947.0,1535387.0,235842.40000000055,15381,1587683.0,3387,84468.0,78738.0,85357.0,10628.0,0.0,259191.0
EV,2018,10,15358,330,35,14993,11593,3400,164153.0,277350.0,178079.0,1514844.0,1500918.0,230846.69999999943,15315,1549367.0,3400,77446.0,85784.0,88829.0,9064.0,0.0,261123.0
EV,2018,11,14273,413,35,13825,10224,3601,217716.0,318708.0,227363.0,1450716.0,1441069.0,250692.10000000097,14219,1491896.0,3601,95259.0,103123.0,93992.0,10229.0,0.0,302603.0
EV,2018,12,13882,630,32,13220,9765,3455,188755.0,293035.0,214849.0,1387924.0,1361830.0,238075.4999999991,13717,1437728.0,3455,90157.0,83406.0,91392.0,14814.0,0.0,279769.0
EV,2019,1,13195,964,31,12200,9178,3022,163748.0,268034.0,188434.0,1290098.0,1265412.0,243074.29999999976,12998,1377126.0,3022,82657.0,78941.0,82787.0,12212.0,0.0,256597.0
EV,2019,2,11447,527,40,10880,7972,2908,165454.0,251011.0,178915.0,1148511.0,1135050.0,211529.60000000126,11348,1197314.0,2908,68696.0,77842.0,81911.0,11104.0,0.0,239553.0
EV,2019,3,12941,432,43,12466,9715,2751,126181.0,225538.0,148448.0,1298820.0,1276553.0,238651.09999999817,12886,1343303.0,2751,69309.0,62731.0,76034.0,3500.0,0.0,211574.0
EV,2019,4,11300,848,38,10414,7769,2645,149701.0,235846.0,177435.0,1068951.0,1041217.0,203947.79999999856,11168,1146197.0,2645,71991.0,67154.0,79392.0,7410.0,0.0,225947.0
EV,2019,5,9290,551,34,8705,6411,2294,150205.0,220359.0,167906.0,890810.0,873109.0,166749.29999999865,9237,944437.0,2294,56230.0,63693.0,77031.0,16318.0,0.0,213272.0
EV,2019,6,9786,602,55,9129,5823,3306,291421.0,342756.0,286895.0,932537.0,937063.0,159972.00000000122,9758,995825.0,3306,101503.0,104033.0,109928.0,18193.0,0.0,333657.0
EV,2019,7,11182,569,37,10576,7484,3092,240676.0,304040.0,236725.0,1059306.0,1063257.0,172412.69999999952,11172,1120253.0,3092,84499.0,85734.0,111038.0,11506.0,0.0,292777.0
EV,2019,8,11348,671,40,10637,7535,3102,247543.0,313341.0,242865.0,1095252.0,1099930.0,189150.59999999858,11266,1164190.0,3102,87483.0,100815.0,105838.0,7568.0,0.0,301704.0
EV,2019,9,11386,504,19,10863,8184,2679,127230.0,221949.0,147922.0,1134591.0,1113899.0,213465.0000000007,11367,1186997.0,2679,57500.0,65279.0,84242.0,5668.0,0.0,212689.0
EV,2019,10,10425,96,23,10306,7686,2620,113248.0,196123.0,124647.0,1118556.0,1107157.0,204303.10000000105,10398,1128024.0,2620,56693.0,41518.0,82976.0,5287.0,0.0,186474.0
EV,2019,11,11179,89,18,11072,9147,1925,46201.0,158454.0,88984.0,1214884.0,1172101.0,238919.0000000006,11127,1221250.0,1925,36545.0,60685.0,48035.0,3405.0,0.0,148670.0
EV,2019,12,11203,233,39,10931,8237,2694,164615.0,263587.0,203718.0,1215061.0,1175958.0,235790.69999999885,11101,1234031.0,2694,78462.0,79871.0,87490.0,8325.0,0.0,254148.0
EV,2020,1,10564,147,41,10376,8775,1601,-4527.0,111391.0,44529.0,1185612.0,1136556.0,237024.99999999884,10514,1202775.0,1601,23827.0,30998.0,43556.0,3942.0,0.0,102323.0
EV,2020,2,11404,78,19,11307,9637,1670,-10778.0,116106.0,38714.0,1280014.0,1230522.0,251557.3000000012,11347,1284682.0,1670,25970.0,27739.0,49341.0,3297.0,0.0,106347.0
EV,2020,3,12412,2092,22,10298,9386,912,-89176.0,52274.0,-28524.0,1150292.0,1089640.0,259205.4999999998,12371,1377956.0,912,10672.0,14283.0,19869.0,1000.0,0.0,45824.0
EV,2020,4,4656,1334,5,3317,3153,164,-55792.0,11249.0,-17334.0,353333.0,314875.0,94048.30000000061,4649,497882.0,164,691.0,5097.0,3154.0,1299.0,0.0,10241.0
EV,2020,5,2464,103,14,2347,2206,141,-26559.0,10478.0,-8870.0,215878.0,198189.0,41768.30000000001,2452,225492.0,141,1439.0,3651.0,3016.0,1091.0,0.0,9197.0
EV,2020,6,2151,8,5,2138,1896,242,1346.0,17872.0,-959.0,178289.0,180594.0,17691.300000000003,2138,178221.0,242,1211.0,2373.0,6484.0,5804.0,0.0,15872.0
EV,2020,7,2852,22,3,2827,2570,257,-6146.0,14940.0,-11626.0,221407.0,226887.0,20821.299999999934,2850,222910.0,257,1273.0,3647.0,6711.0,240.0,0.0,11871.0
EV,2020,8,3296,197,8,3091,2898,193,-19389.0,11702.0,-14131.0,252297.0,247039.0,28413.300000000003,3296,268260.0,193,1073.0,3125.0,4805.0,557.0,0.0,9560.0
EV,2020,9,2336,54,2,2280,2145,135,-22846.0,8665.0,-5580.0,213519.0,196253.0,39118.100000000006,2314,216784.0,135,793.0,1986.0,4411.0,96.0,0.0,7286.0
F9,2015,1,6829,89,5,6735,4584,2151,123636.0,158798.0,120629.0,1030633.0,1033640.0,91492.8999999999,6553,1006197.0,2151,66621.0,33264.0,48440.0,1293.0,0.0,149618.0
F9,2015,2,5809,108,10,5691,3417,2274,156071.0,181667.0,145807.0,880297.0,890561.0,80788.59999999986,5637,875475.0,2274,73291.0,36175.0,60642.0,4278.0,0.0,174386.0
F9,2015,3,6950,61,9,6880,4530,2350,138115.0,167885.0,136732.0,1047006.0,1048389.0,92545.00000000013,6839,1040472.0,2350,65859.0,35424.0,54880.0,1780.0,0.0,157943.0
F9,2015,4,7148,38,18,7092,5184,1908,89646.0,125772.0,82000.0,1075288.0,1082934.0,95482.70000000017,7057,1069646.0,1908,41468.0,22398.0,49155.0,1221.0,0.0,114242.0
F9,2015,5,8118,25,18,8075,5937,2138,105036.0,148605.0,90853.0,1239094.0,1253277.0,102613.30000000018,8052,1237879.0,2138,50472.0,30758.0,55544.0,700.0,0.0,137474.0
F9,2015,6,7893,54,25,7814,5338,2476,154037.0,194319.0,148650.0,1206456.0,1211843.0,106830.40000000013,7893,1218963.0,2476,75380.0,36490.0,70693.0,2021.0,0.0,184584.0
F9,2015,7,8090,33,19,8038,5774,2264,116266.0,158441.0,111344.0,1237234.0,1242154.0,103132.80000000015,8090,1244813.0,2264,55927.0,32254.0,57740.0,1254.0,0.0,147175.0
F9,2015,8,8142,26,13,8103,6274,1829,74351.0,123785.0,71841.0,1248644.0,1251154.0,102714.10000000003,8142,1254700.0,1829,40276.0,23846.0,47509.0,2082.0,0.0,113713.0
F9,2015,9,7873,21,6,7846,6752,1094,7677.0,81091.0,40019.0,1238243.0,1205901.0,134422.20000000016,7808,1234162.0,1094,32457.0,18318.0,22455.0,691.0,0.0,73921.0
F9,2015,10,8101,12,4,8085,6898,1187,664.0,71215.0,32589.0,1269724.0,1237799.0,138130.4000000001,8042,1264410.0,1187,23350.0,19044.0,20361.0,182.0,0.0,62937.0
F9,2015,11,7763,36,14,7713,5743,1970,86112.0,134146.0,89532.0,1236372.0,1232952.0,123354.5999999999,7720,1238244.0,1970,45610.0,28105.0,48223.0,1155.0,0.0,123093.0
F9,2015,12,8120,85,17,8018,6089,1929,74938.0,152640.0,128503.0,1332017.0,1278452.0,167720.59999999977,8066,1341317.0,1929,63328.0,30874.0,45592.0,4959.0,0.0,144753.0
F9,2016,1,7099,77,4,7018,6040,978,-13055.0,74762.0,45401.0,1213876.0,1155420.0,166483.19999999992,7088,1226774.0,978,29442.0,18135.0,20623.0,1523.0,0.0,69723.0
F9,2016,2,6646,104,16,6526,5801,725,-36647.0,62848.0,38473.0,1149378.0,1074258.0,174414.3000000001,6646,1168334.0,725,28247.0,14609.0,14809.0,1425.0,0.0,59090.0
F9,2016,3,7057,181,18,6858,5473,1385,34516.0,117873.0,96999.0,1213075.0,1150592.0,179861.10000000088,7057,1248292.0,1385,56278.0,24214.0,30123.0,2619.0,0.0,113234.0
F9,2016,4,7125,28,12,7085,6112,973,-22420.0,64624.0,31139.0,1215932.0,1162372.0,161686.2000000003,7074,1212809.0,973,27656.0,13058.0,17978.0,504.0,0.0,59196.0
F9,2016,5,7920,21,22,7877,6349,1528,41320.0,117197.0,82231.0,1314295.0,1273386.0,160859.00000000003,7800,1296971.0,1528,53486.0,21994.0,31013.0,3563.0,0.0,110056.0
F9,2016,6,8107,7,20,8080,6128,1952,71786.0,137753.0,98746.0,1341475.0,1314515.0,157845.99999999997,8086,1343589.0,1952,49496.0,29940.0,48728.0,1220.0,0.0,129384.0
F9,2016,7,9019,31,19,8969,5709,3260,203686.0,249677.0,200534.0,1463362.0,1466514.0,148245.50000000006,9005,1469426.0,3260,105497.0,53294.0,76353.0,3193.0,0.0,238337.0
F9,2016,8,8931,36,8,8887,5883,3004,152553.0,202461.0,162833.0,1464078.0,1453798.0,156529.80000000005,8865,1457065.0,3004,87544.0,43887.0,56876.0,2891.0,0.0,191198.0
F9,2016,9,8646,43,10,8593,6202,2391,110390.0,175071.0,139361.0,1437923.0,1408952.0,166547.30000000008,8519,1420916.0,2391,82814.0,44160.0,37177.0,1818.0,0.0,165969.0
F9,2016,10,8693,122,3,8568,6765,1803,48181.0,119116.0,87452.0,1450505.0,1411234.0,175798.00000000006,8573,1447616.0,1803,52142.0,29711.0,26623.0,357.0,0.0,108833.0
F9,2016,11,7707,6,8,7693,6744,949,-36898.0,59300.0,27273.0,1375257.0,1311086.0,182521.3999999998,7541,1346767.0,949,21412.0,16547.0,14139.0,134.0,0.0,52232.0
F9,2016,12,8171,523,10,7638,5102,2536,177289.0,232423.0,202881.0,1370787.0,1345195.0,185634.59999999992,8128,1460127.0,2536,107018.0,64196.0,45751.0,6955.0,0.0,223920.0
F9,2017,1,7760,162,19,7579,5374,2205,91530.0,157058.0,125093.0,1366723.0,1333160.0,175100.09999999998,7696,1387415.0,2205,68557.0,36930.0,42050.0,1919.0,0.0,149456.0
F9,2017,2,6710,51,14,6645,5520,1125,-6368.0,74380.0,51566.0,1214135.0,1156201.0,167861.7999999999,6615,1211475.0,1125,31200.0,18750.0,17770.0,849.0,0.0,68569.0
F9,2017,3,7745,91,4,7650,6142,1508,29206.0,102542.0,76774.0,1379663.0,1332155.0,178540.59999999945,7652,1380404.0,1508,45542.0,20607.0,27093.0,1489.0,0.0,94731.0
F9,2017,4,7800,27,9,7764,6202,1562,47829.0,120168.0,83228.0,1373621.0,1338222.0,165765.59999999998,7734,1369185.0,1562,53115.0,23977.0,33928.0,1323.0,0.0,112343.0
F9,2017,5,8630,40,5,8585,6616,1969,66297.0,136323.0,96912.0,1483214.0,1452603.0,171233.80000000005,8500,1470752.0,1969,61144.0,23469.0,40408.0,1798.0,0.0,126819.0
F9,2017,6,8913,23,10,8880,6518,2362,106863.0,172404.0,152341.0,1542049.0,1496571.0,186608.4999999999,8882,1543546.0,2362,77198.0,35462.0,46929.0,2754.0,0.0,162343.0
F9,2017,7,9611,45,23,9543,7229,2314,96442.0,181129.0,168060.0,1669432.0,1597814.0,219303.3999999999,9568,1673881.0,2314,91175.0,34856.0,42849.0,3030.0,0.0,171910.0
F9,2017,8,9228,102,12,9114,7132,1982,70737.0,150708.0,123349.0,1609761.0,1557149.0,189939.8000000002,9131,1608762.0,1981,73273.0,31055.0,36205.0,1113.0,0.0,141646.0
F9,2017,9,8662,274,14,8374,7271,1103,-16387.0,79063.0,46655.0,1492282.0,1429240.0,182372.50000000038,8535,1514616.0,1103,34119.0,21200.0,16608.0,594.0,0.0,72521.0
F9,2017,10,9265,45,11,9209,7611,1598,36593.0,127077.0,100000.0,1619130.0,1555723.0,195934.29999999955,9053,1590891.0,1598,63533.0,30400.0,23916.0,392.0,0.0,118241.0
F9,2017,11,9165,18,11,9136,7877,1259,-13584.0,90587.0,67199.0,1602909.0,1522126.0,213849.3999999995,9021,1582169.0,1259,43859.0,24395.0,13876.0,340.0,0.0,82470.0
F9,2017,12,9526,77,11,9438,7216,2222,69415.0,158811.0,138729.0,1659606.0,1590292.0,223309.6999999993,9435,1652930.0,2222,72255.0,41412.0,32370.0,2856.0,0.0,148893.0
F9,2018,1,9707,188,12,9507,7272,2235,83151.0,178330.0,151613.0,1678434.0,1609972.0,232277.89999999964,9691,1709826.0,2235,90903.0,46435.0,29727.0,2078.0,0.0,169143.0
F9,2018,2,8712,111,12,8589,6432,2157,90013.0,169803.0,141454.0,1514089.0,1462648.0,204915.20000000042,8677,1530481.0,2157,85970.0,40633.0,32810.0,1507.0,0.0,160920.0
F9,2018,3,9376,174,15,9187,7357,1830,42332.0,131721.0,98149.0,1604866.0,1549061.0,205236.2,9055,1579007.0,1830,55021.0,34795.0,29943.0,2022.0,0.0,121781.0
F9,2018,4,9614,93,9,9512,7343,2169,94154.0,180567.0,154428.0,1612705.0,1552431.0,194167.6000000001,8857,1497199.0,2169,90706.0,47370.0,31241.0,1587.0,0.0,170904.0
F9,2018,5,10297,100,27,10170,7390,2780,147623.0,229073.0,202203.0,1696364.0,1641784.0,190945.30000000016,9342,1557517.0,2780,120380.0,52692.0,43766.0,1786.0,0.0,218624.0
F9,2018,6,10207,291,17,9899,6153,3746,251932.0,316784.0,297963.0,1647770.0,1601739.0,200611.80000000063,9837,1635349.0,3746,171227.0,79320.0,51319.0,4527.0,0.0,306393.0
F9,2018,7,10686,409,30,10247,6382,3865,230576.0,297457.0,280226.0,1702037.0,1652387.0,200780.80000000022,10355,1713407.0,3865,150083.0,73689.0,58187.0,4976.0,0.0,286935.0
F9,2018,8,10710,268,17,10425,6579,3846,231145.0,297806.0,274485.0,1719565.0,1676225.0,193849.90000000023,10003,1637181.0,3846,156531.0,73821.0,54110.0,2321.0,0.0,286783.0
F9,2018,9,10352,326,12,10014,6859,3155,168718.0,245369.0,223110.0,1647774.0,1593382.0,190969.99999999953,9541,1563798.0,3155,123462.0,77303.0,33564.0,1202.0,0.0,235531.0
F9,2018,10,10516,183,13,10320,7177,3143,144118.0,220295.0,190552.0,1706461.0,1660027.0,198289.80000000005,9793,1607788.0,3143,107610.0,63367.0,36786.0,521.0,0.0,208284.0
F9,2018,11,9939,113,12,9814,6972,2842,114962.0,192969.0,157543.0,1671314.0,1628733.0,203533.80000000016,9007,1523664.0,2842,87159.0,52829.0,40413.0,1557.0,0.0,181958.0
F9,2018,12,9916,70,9,9837,7378,2459,71116.0,166595.0,133878.0,1725023.0,1662261.0,213311.39999999988,9250,1610051.0,2459,73291.0,50277.0,32444.0,640.0,0.0,156652.0
F9,2019,1,9647,151,6,9490,7128,2362,65211.0,157898.0,121554.0,1674866.0,1618523.0,219666.70000000007,9158,1608032.0,2362,64272.0,43166.0,37517.0,3416.0,0.0,148371.0
F9,2019,2,8750,107,10,8633,6502,2131,66913.0,155008.0,123890.0,1540982.0,1484005.0,216123.10000000012,8239,1462295.0,2131,65903.0,40102.0,36830.0,3608.0,0.0,146443.0
F9,2019,3,9845,182,9,9654,7712,1942,45368.0,149858.0,113005.0,1695502.0,1627865.0,225333.80000000016,9218,1603311.0,1942,74039.0,37666.0,27148.0,2006.0,0.0,140859.0
F9,2019,4,9819,182,12,9625,7621,2004,48251.0,154516.0,124862.0,1685071.0,1608460.0,222296.3000000003,9129,1588365.0,2004,74934.0,40317.0,29291.0,2221.0,0.0,146763.0
F9,2019,5,11383,129,24,11230,7623,3607,188063.0,268160.0,225778.0,1885657.0,1848278.0,217192.39999999997,10116,1707469.0,3607,144765.0,60248.0,45979.0,4136.0,0.0,255128.0
F9,2019,6,11647,310,30,11307,7459,3848,201426.0,281500.0,233287.0,1905835.0,1873974.0,243006.90000000026,11263,1903146.0,3848,113725.0,61521.0,88895.0,5158.0,0.0,269299.0
F9,2019,7,12535,288,32,12215,8272,3943,182064.0,278018.0,232827.0,2054669.0,2003906.0,256061.5000000008,12137,2049601.0,3943,118547.0,67458.0,74993.0,4142.0,0.0,265140.0
F9,2019,8,12454,202,15,12237,8873,3364,131609.0,238157.0,192775.0,2072023.0,2010857.0,263295.40000000084,11993,2040796.0,3364,104585.0,56287.0,63373.0,2093.0,0.0,226338.0
F9,2019,9,12200,305,16,11879,9615,2264,14618.0,154418.0,98005.0,2007773.0,1924386.0,275418.1000000006,11727,1990245.0,2264,62638.0,43367.0,38188.0,893.0,0.0,145086.0
F9,2019,10,12769,188,22,12559,9509,3050,98041.0,225720.0,171797.0,2138841.0,2065205.0,293890.8000000004,12402,2117205.0,3050,102476.0,55451.0,52917.0,3421.0,0.0,214265.0
F9,2019,11,12227,98,12,12117,9593,2524,49175.0,181253.0,130663.0,2087060.0,2005572.0,288832.8000000006,11508,1975737.0,2524,85036.0,52027.0,31079.0,2327.0,0.0,170469.0
F9,2019,12,12267,139,13,12115,9233,2882,69003.0,203825.0,161564.0,2114765.0,2022204.0,311500.80000000115,11953,2085341.0,2882,89957.0,57460.0,44321.0,1633.0,0.0,193371.0
F9,2020,1,12467,145,10,12312,10517,1795,-55183.0,120163.0,56394.0,2144240.0,2032663.0,330437.1999999997,12287,2140708.0,1795,46837.0,39630.0,23558.0,1439.0,0.0,111464.0
F9,2020,2,11549,107,5,11437,9333,2104,-7928.0,138165.0,81012.0,2016224.0,1927284.0,307589.80000000086,11368,2004129.0,2104,58853.0,34002.0,34969.0,1331.0,0.0,129155.0
F9,2020,3,12765,2766,7,9992,8655,1337,-54885.0,90553.0,22237.0,1744777.0,1667655.0,307615.99999999936,11866,2059362.0,1337,32716.0,23933.0,26842.0,380.0,0.0,83871.0
F9,2020,4,2736,1304,0,1432,1358,74,-26358.0,4257.0,-11786.0,213426.0,198854.0,58914.20000000001,2590,411051.0,74,1091.0,1922.0,718.0,84.0,0.0,3815.0
F9,2020,5,2863,5,3,2855,2689,166,-43527.0,9128.0,-13198.0,433077.0,402748.0,55226.09999999998,2692,417063.0,166,2359.0,3351.0,1895.0,491.0,0.0,8096.0
F9,2020,6,4754,5,4,4745,4443,302,-59270.0,18750.0,-15721.0,765544.0,721995.0,98051.1,4624,750659.0,302,3331.0,6198.0,6238.0,902.0,0.0,16669.0
F9,2020,7,7533,238,9,7286,6553,733,-50382.0,41869.0,-10445.0,1176345.0,1136408.0,132982.3000000002,7390,1193561.0,733,10068.0,13390.0,11810.0,1917.0,0.0,37185.0
F9,2020,8,7112,44,9,7059,6247,812,-35803.0,53381.0,9288.0,1146565.0,1101474.0,135336.7000000001,6992,1136535.0,812,16962.0,21565.0,8904.0,1116.0,0.0,48547.0
F9,2020,9,6734,8,6,6720,6288,432,-76355.0,24184.0,-19519.0,1070972.0,1014136.0,133925.60000000038,6634,1055345.0,432,6437.0,8234.0,5915.0,655.0,0.0,21241.0
F9,2020,10,7917,20,8,7889,6942,947,-30219.0,59481.0,8745.0,1239407.0,1200443.0,145462.9000000003,7843,1231186.0,947,19568.0,17617.0,15350.0,745.0,0.0,53280.0
F9,2020,11,7425,13,4,7408,6929,479,-72132.0,27930.0,-27671.0,1158959.0,1114498.0,141942.20000000013,7356,1150457.0,479,6371.0,9113.0,7885.0,288.0,0.0,23657.0
F9,2020,12,7320,36,1,7283,6511,772,-40772.0,45618.0,-4280.0,1169360.0,1132868.0,140614.50000000032,7109,1138869.0,772,9600.0,13118.0,15496.0,1111.0,0.0,39325.0
F9,2021,1,6264,21,4,6239,5697,542,-49754.0,33093.0,-10777.0,996470.0,957493.0,126681.69999999998,6109,974944.0,542,7336.0,8777.0,11784.0,848.0,0.0,28745.0
F9,2021,2,6582,98,3,6481,5396,1085,781.0,70698.0,23968.0,1025359.0,1002172.0,132691.4999999999,6384,1006265.0,1085,20401.0,18091.0,20692.0,5495.0,0.0,64679.0
F9,2021,3,10886,325,10,10551,9154,1397,-38358.0,79893.0,20884.0,1727767.0,1668525.0,233738.70000000062,10645,1739209.0,1396,23849.0,23178.0,21997.0,1947.0,0.0,70971.0
F9,2021,4,10910,93,16,10801,8883,1918,28282.0,136970.0,77751.0,1747382.0,1697913.0,221611.20000000022,10697,1730660.0,1918,44876.0,38485.0,37759.0,6017.0,0.0,127137.0
F9,2021,5,11940,12,11,11917,10139,1778,-24370.0,107012.0,43759.0,1922807.0,1854678.0,251095.5999999997,11673,1883641.0,1778,34878.0,28311.0,31496.0,1928.0,0.0,96613.0
F9,2021,6,12590,201,26,12363,8746,3617,170374.0,271191.0,219309.0,1992874.0,1943934.0,267336.09999999974,12153,1949582.0,3617,103756.0,72235.0,70971.0,11829.0,0.0,258791.0
F9,2021,7,13467,463,34,12970,8084,4886,318240.0,403612.0,351362.0,2089691.0,2056331.0,285392.4999999996,13106,2106287.0,4886,159158.0,120118.0,96559.0,14428.0,0.0,390263.0
F9,2021,8,13398,322,29,13047,9233,3814,187861.0,291840.0,242883.0,2098145.0,2043123.0,283424.99999999994,13027,2090155.0,3814,105076.0,97673.0,65304.0,9766.0,0.0,277819.0
F9,2021,9,12155,79,16,12060,9799,2261,44213.0,160603.0,98552.0,1942374.0,1888035.0,258840.799999999,11777,1888421.0,2261,53155.0,56874.0,36182.0,3330.0,0.0,149541.0
F9,2021,10,12987,79,8,12900,10474,2426,45867.0,174980.0,123193.0,2079725.0,2002399.0,302440.99999999884,12706,2046697.0,2426,70186.0,54890.0,36141.0,1725.0,0.0,162942.0
F9,2021,11,12803,24,5,12774,10233,2541,44283.0,171252.0,120325.0,2107162.0,2031120.0,292389.8999999992,11873,1939309.0,2541,70364.0,54967.0,28349.0,4853.0,0.0,158533.0
F9,2021,12,13160,212,19,12929,9261,3668,153472.0,263871.0,232308.0,2168043.0,2089207.0,313584.1000000004,12472,2076521.0,3668,109497.0,87382.0,51642.0,1519.0,0.0,250040.0
F9,2022,1,12039,536,17,11486,8353,3133,125831.0,223737.0,178039.0,1887687.0,1835486.0,279349.5999999999,11578,1900207.0,3133,85746.0,80506.0,41194.0,4725.0,0.0,212171.0
F9,2022,2,11131,482,12,10637,7565,3072,146239.0,227426.0,184107.0,1734822.0,1696894.0,245447.89999999935,10632,1731043.0,3072,85713.0,79448.0,46731.0,3754.0,0.0,215646.0
F9,2022,3,12901,585,31,12285,7463,4822,306005.0,378039.0,334973.0,2037735.0,2008770.0,281713.0000000002,12297,2030522.0,4822,152997.0,115885.0,88415.0,6833.0,0.0,364130.0
F9,2022,4,12203,438,19,11746,7123,4623,296739.0,353451.0,300467.0,1907506.0,1903839.0,239115.20000000016,11763,1902637.0,4623,138210.0,98488.0,91436.0,9909.0,0.0,338043.0
F9,2022,5,12678,179,22,12477,8191,4286,240540.0,305093.0,252012.0,1954024.0,1942552.0,236735.10000000027,11933,1867261.0,4286,126113.0,88278.0,67742.0,6071.0,0.0,288204.0
F9,2022,6,12430,136,28,12266,8637,3629,171540.0,255923.0,210934.0,1929623.0,1890229.0,261592.9999999999,11871,1868861.0,3629,94637.0,77473.0,66534.0,3689.0,0.0,242333.0
F9,2022,7,13175,145,33,12997,9551,3446,157624.0,268187.0,215109.0,2094748.0,2037263.0,293432.70000000036,12753,2057879.0,3446,97664.0,82912.0,62983.0,11758.0,0.0,255317.0
F9,2022,8,13337,126,35,13176,9489,3687,205477.0,311103.0,274016.0,2177476.0,2108937.0,299455.19999999966,12888,2125698.0,3687,127373.0,97748.0,60630.0,12530.0,0.0,298281.0
F9,2022,9,13512,564,21,12927,9505,3422,167949.0,260072.0,225197.0,2135842.0,2078594.0,297594.4999999989,13053,2155690.0,3422,103405.0,89994.0,46705.0,4128.0,0.0,244232.0
F9,2022,10,14522,248,20,14254,10207,4047,197702.0,297018.0,281085.0,2378502.0,2295119.0,342150.89999999804,14069,2343970.0,4047,130852.0,102391.0,44437.0,1853.0,0.0,279533.0
F9,2022,11,13659,351,16,13292,8824,4468,248454.0,329510.0,306844.0,2287419.0,2229029.0,321553.39999999956,12995,2228925.0,4468,144851.0,107481.0,55410.0,4679.0,0.0,312421.0
F9,2022,12,13894,665,26,13203,7857,5346,357843.0,429125.0,414435.0,2301263.0,2244671.0,333354.9000000003,13283,2310734.0,5346,183055.0,139436.0,74517.0,15819.0,0.0,412827.0
F9,2023,1,13285,438,19,12828,8323,4505,270786.0,361149.0,332127.0,2229113.0,2167772.0,327949.99999999994,12681,2191221.0,4505,146082.0,115285.0,73861.0,11442.0,0.0,346670.0
F9,2023,2,12524,185,10,12329,8639,3690,165967.0,269356.0,240423.0,2150884.0,2076428.0,309464.0000000003,11849,2058612.0,3690,109966.0,86102.0,55421.0,4794.0,0.0,256283.0
F9,2023,3,14461,211,21,14229,9360,4869,282990.0,374359.0,327240.0,2482899.0,2438649.0,342112.9999999998,13457,2335450.0,4869,146904.0,104013.0,96263.0,10054.0,0.0,357234.0
F9,2023,4,13772,214,33,13525,9025,4500,262684.0,347924.0,296817.0,2287664.0,2253531.0,299091.3000000005,12964,2186899.0,4500,159879.0,99685.0,61240.0,10874.0,0.0,331678.0
F9,2023,5,14122,181,21,13920,9413,4507,275072.0,367891.0,323023.0,2357074.0,2309145.0,297502.50000000006,13096,2202356.0,4507,183212.0,108208.0,53466.0,7607.0,0.0,352493.0
F9,2023,6,13937,546,47,13344,7486,5858,444533.0,512843.0,469522.0,2285949.0,2260960.0,292710.29999999976,12731,2153105.0,5858,263209.0,144307.0,76492.0,14186.0,0.0,498194.0
F9,2023,7,14811,672,37,14102,7921,6181,476996.0,547863.0,502399.0,2415324.0,2389921.0,305115.60000000015,13545,2293029.0,6181,274025.0,154105.0,86165.0,18389.0,0.0,532684.0
F9,2023,8,15405,774,36,14595,9562,5033,346614.0,450562.0,401217.0,2455235.0,2400632.0,331342.99999999994,14216,2371414.0,5033,227738.0,138810.0,58891.0,10452.0,0.0,435891.0
F9,2023,9,16353,329,30,15994,11623,4371,225453.0,353915.0,279376.0,2535553.0,2481630.0,357582.59999999974,15400,2436874.0,4371,181739.0,95964.0,52859.0,6783.0,0.0,337345.0
F9,2023,10,17270,124,24,17122,12760,4362,192476.0,336186.0,277662.0,2726945.0,2641759.0,398765.89999999997,16242,2583150.0,4362,177881.0,97367.0,39126.0,3942.0,0.0,318316.0
F9,2023,11,15904,24,9,15871,12675,3196,96546.0,248321.0,182788.0,2564568.0,2478326.0,374641.3999999979,14678,2348865.0,3195,117755.0,83244.0,30072.0,1241.0,0.0,232312.0
F9,2023,12,15698,76,22,15600,12147,3453,115130.0,268356.0,210955.0,2598401.0,2502576.0,373386.89999999985,14386,2358336.0,3453,133908.0,75309.0,41311.0,2629.0,0.0,253157.0
F9,2024,1,14379,311,23,14045,10231,3814,206733.0,342054.0,260847.0,2310329.0,2256335.0,354660.7000000007,13291,2160631.0,3814,171298.0,87728.0,56800.0,13404.0,0.0,329230.0
F9,2024,2,14157,35,10,14112,11303,2809,52871.0,214579.0,140463.0,2298698.0,2211106.0,353336.70000000205,13101,2111193.0,2809,104158.0,49100.0,45818.0,2533.0,0.0,201609.0
F9,2024,3,17324,463,28,16833,11500,5333,364465.0,508628.0,462557.0,2770055.0,2671945.0,431019.9999999993,15618,2539165.0,5333,275272.0,121369.0,87132.0,8933.0,0.0,492706.0
F9,2024,4,17081,286,17,16778,11798,4980,312718.0,453614.0,396265.0,2651987.0,2568440.0,402597.10000000056,15615,2449930.0,4980,259465.0,104929.0,65295.0,6606.0,0.0,436295.0
F9,2024,5,18647,488,42,18117,11868,6249,378091.0,511478.0,429255.0,2787177.0,2736014.0,412139.70000000065,16842,2579685.0,6249,272280.0,116115.0,94685.0,10564.0,0.0,493644.0
F9,2024,6,18646,655,39,17952,11432,6520,443380.0,561516.0,475865.0,2748954.0,2716469.0,374000.9000000008,16477,2507501.0,6520,288842.0,155425.0,86852.0,10823.0,0.0,541942.0
F9,2024,7,19432,878,38,18516,12018,6498,411750.0,539154.0,438699.0,2820486.0,2793537.0,383470.4000000006,17479,2649042.0,6496,284379.0,142551.0,85726.0,6071.0,0.0,518727.0
F9,2024,8,18813,615,40,18158,12257,5901,337753.0,482110.0,370701.0,2688133.0,2655185.0,395067.3999999998,17548,2591868.0,5901,236878.0,127684.0,88647.0,10191.0,0.0,463400.0
F9,2024,9,17491,287,18,17186,13084,4102,142542.0,296891.0,192562.0,2532941.0,2482921.0,366527.3999999997,16671,2450716.0,4102,143924.0,80780.0,47565.0,6048.0,0.0,278317.0
F9,2024,10,17801,555,5,17241,13056,4185,169995.0,319635.0,231783.0,2551983.0,2490195.0,377545.4999999996,16970,2512006.0,4185,162995.0,93544.0,41044.0,3815.0,0.0,301398.0
F9,2024,11,17559,151,19,17389,13475,3914,128993.0,301652.0,205339.0,2649369.0,2573023.0,404610.19999999914,16681,2533763.0,3914,160449.0,66866.0,49799.0,7795.0,0.0,284909.0
F9,2024,12,17294,111,28,17155,12979,4176,153356.0,317848.0,235680.0,2737096.0,2654772.0,409202.5000000004,16355,2592125.0,4176,160948.0,74924.0,59492.0,5638.0,0.0,301002.0
F9,2025,1,15526,392,24,15110,11185,3925,163436.0,317628.0,218053.0,2428267.0,2373658.0,387666.5000000004,14775,2359127.0,3925,147311.0,88123.0,57821.0,10853.0,0.0,304108.0
F9,2025,2,15440,201,26,15213,11382,3831,156871.0,325112.0,231085.0,2472071.0,2397857.0,398909.9000000012,14552,2351053.0,3831,160804.0,82209.0,62824.0,6852.0,0.0,312689.0
F9,2025,3,18846,371,46,18429,13794,4635,197511.0,392693.0,293290.0,3023225.0,2927446.0,479438.89999999624,17360,2814055.0,4635,183557.0,111345.0,77545.0,4554.0,0.0,377001.0
F9,2025,4,17451,210,28,17213,12653,4560,228657.0,393105.0,308684.0,2813513.0,2733486.0,435463.2999999977,16309,2638128.0,4560,195398.0,109086.0,62141.0,10195.0,0.0,376820.0
F9,2025,5,16036,167,33,15836,10995,4841,309635.0,447404.0,375900.0,2590697.0,2524432.0,411971.7999999984,15227,2479439.0,4841,216234.0,107120.0,85757.0,22835.0,0.0,431946.0
F9,2025,6,16058,495,41,15522,9549,5973,425914.0,532832.0,469045.0,2546051.0,2502920.0,402083.0000000026,15330,2497577.0,5973,265914.0,143014.0,92134.0,16022.0,0.0,517084.0
F9,2025,7,16409,469,47,15893,10171,5722,413299.0,538923.0,469480.0,2606312.0,2550131.0,413950.5000000002,15735,2564543.0,5722,245311.0,158186.0,101657.0,19856.0,0.0,525010.0
F9,2025,8,16697,269,32,16396,11567,4829,253625.0,404692.0,336250.0,2649637.0,2567012.0,424310.89999999956,16047,2584158.0,4829,195434.0,107928.0,73909.0,12456.0,0.0,389727.0
F9,2025,9,14896,51,25,14820,11800,3020,84021.0,249179.0,171299.0,2298890.0,2211612.0,376963.7999999991,14434,2238858.0,3020,114598.0,70731.0,41601.0,10254.0,0.0,237184.0
F9,2025,10,16935,79,18,16838,13089,3749,157347.0,329199.0,233532.0,2587631.0,2511446.0,412132.4999999991,16297,2502425.0,3749,162645.0,83993.0,59322.0,7772.0,0.0,313732.0
F9,2025,11,17047,340,16,16691,12668,4023,182043.0,362175.0,252292.0,2594057.0,2523808.0,423953.6999999974,16320,2529859.0,4023,180663.0,80182.0,83898.0,4499.0,0.0,349242.0
F9,2025,12,16724,464,29,16231,11137,5094,308567.0,455644.0,390460.0,2624825.0,2542932.0,429360.29999999976,15986,2573556.0,5094,233948.0,129257.0,70423.0,7279.0,0.0,440907.0
F9,2026,1,15382,547,18,14817,10672,4145,201001.0,354803.0,272647.0,2359256.0,2287610.0,415522.8000000001,14911,2369650.0,4145,163518.0,106742.0,62204.0,9499.0,0.0,341963.0
F9,2026,2,15056,214,16,14826,11627,3199,97739.0,267326.0,187228.0,2339265.0,2249778.0,417022.4999999986,14581,2298707.0,3199,126113.0,76348.0,47297.0,5085.0,0.0,254843.0
F9,2026,3,20119,644,47,19428,13644,5784,339890.0,530078.0,441048.0,3137731.0,3036573.0,552954.1999999973,18938,3046334.0,5784,252240.0,132860.0,110356.0,17548.0,0.0,513004.0
F9,2026,4,18540,245,27,18268,13561,4707,205749.0,388656.0,304442.0,2932739.0,2834046.0,510649.39999999886,17812,2854637.0,4707,205692.0,95531.0,64753.0,6300.0,0.0,372276.0
F9,2026,5,18423,95,39,18289,14021,4268,150494.0,345494.0,258170.0,2929159.0,2821485.0,508852.79999999906,17847,2852888.0,4268,172306.0,77033.0,71444.0,7718.0,0.0,328501.0
F9,2026,6,19104,382,60,18662,13309,5353,285301.0,466022.0,388866.0,2977487.0,2873922.0,526332.4999999983,18498,2937378.0,5353,233696.0,105388.0,91840.0,18394.0,0.0,449318.0
F9,2026,7,20482,696,72,19714,12804,6910,456733.0,615902.0,539418.0,3145702.0,3063017.0,535296.7999999993,19740,3131411.0,6909,327282.0,130969.0,115825.0,23362.0,0.0,597438.0
G4,2018,1,6814,58,26,6730,5354,1376,40039.0,99111.0,69576.0,1002668.0,973131.0,86851.09999999973,5308,797721.0,1376,37532.0,33817.0,13194.0,6879.0,287.0,91709.0
G4,2018,2,7047,29,20,6998,5517,1481,52848.0,114617.0,78668.0,1039519.0,1013699.0,86831.69999999987,5514,824219.0,1481,43535.0,43193.0,15715.0,4658.0,306.0,107407.0
G4,2018,3,9276,45,13,9218,7279,1939,73792.0,145159.0,107043.0,1365245.0,1331994.0,119795.49999999977,7846,1161844.0,1939,56980.0,53356.0,18925.0,4332.0,597.0,134190.0
G4,2018,4,8146,30,22,8094,6419,1675,68555.0,131335.0,94202.0,1157618.0,1131971.0,94097.29999999997,6828,984816.0,1675,49279.0,49900.0,18785.0,4114.0,250.0,122328.0
G4,2018,5,8033,26,17,7990,6161,1829,102850.0,161700.0,131814.0,1111439.0,1082475.0,78869.29999999996,6203,876701.0,1829,64101.0,64093.0,18949.0,5342.0,249.0,152734.0
G4,2018,6,9776,220,24,9532,6815,2717,181077.0,233559.0,197465.0,1293494.0,1277106.0,87471.49999999974,8202,1111529.0,2717,100123.0,85252.0,25785.0,10512.0,282.0,221954.0
G4,2018,7,10325,165,44,10116,6921,3195,205757.0,259690.0,209237.0,1360857.0,1357377.0,89456.09999999976,8773,1181792.0,3195,114460.0,74268.0,41454.0,17832.0,178.0,248192.0
G4,2018,8,8170,13,21,8136,6390,1746,76332.0,132626.0,92814.0,1104651.0,1088169.0,75463.39999999988,6658,906395.0,1746,49413.0,45148.0,16464.0,12369.0,290.0,123684.0
G4,2018,9,5724,65,18,5641,4706,935,17213.0,68670.0,40710.0,773512.0,750015.0,59449.80000000004,4565,632412.0,935,26091.0,25157.0,6478.0,6242.0,129.0,64097.0
G4,2018,10,7597,26,12,7559,6347,1212,31437.0,97503.0,63878.0,1049758.0,1017317.0,81829.20000000026,5990,834906.0,1212,36854.0,40944.0,8911.0,3393.0,264.0,90366.0
G4,2018,11,7641,30,17,7594,6010,1584,57297.0,116373.0,75968.0,1075917.0,1057246.0,79739.10000000008,5517,780674.0,1584,44541.0,39470.0,18687.0,4424.0,342.0,107464.0
G4,2018,12,7672,62,26,7584,6042,1542,43154.0,110047.0,66815.0,1099241.0,1075580.0,84540.00000000009,5990,873840.0,1542,45057.0,27657.0,19903.0,8637.0,385.0,101639.0
G4,2019,1,6763,50,19,6694,4966,1728,65811.0,112031.0,68447.0,965530.0,962894.0,74830.4,5597,809413.0,1728,42925.0,30596.0,23053.0,5894.0,707.0,103175.0
G4,2019,2,7271,91,23,7157,5465,1692,76746.0,132453.0,87452.0,1049564.0,1038858.0,84856.79999999992,5689,840051.0,1692,51243.0,40769.0,21909.0,10020.0,323.0,124264.0
G4,2019,3,10260,42,15,10203,8755,1448,4720.0,100870.0,42806.0,1492631.0,1454545.0,117863.19999999963,8281,1211251.0,1448,35635.0,33525.0,16282.0,5367.0,181.0,90990.0
G4,2019,4,9283,64,24,9195,7575,1620,57548.0,128495.0,81838.0,1312610.0,1288320.0,97937.49999999975,7706,1103480.0,1620,46855.0,44931.0,17115.0,8567.0,220.0,117688.0
G4,2019,5,9021,13,26,8982,7173,1809,63425.0,127815.0,84259.0,1220622.0,1199788.0,79132.99999999987,6657,915879.0,1809,47438.0,43249.0,15626.0,10542.0,118.0,116973.0
G4,2019,6,11091,54,50,10987,8088,2899,153630.0,217945.0,161079.0,1457679.0,1450230.0,94758.50000000025,8977,1195925.0,2899,90564.0,67285.0,26123.0,18924.0,292.0,203188.0
G4,2019,7,11786,41,27,11718,9258,2460,102550.0,192272.0,129421.0,1555456.0,1528585.0,97645.19999999959,9545,1268773.0,2460,74126.0,63255.0,18855.0,23997.0,549.0,180782.0
G4,2019,8,8717,24,13,8680,6699,1981,103288.0,167248.0,119621.0,1151756.0,1135423.0,77206.59999999986,6941,920333.0,1981,65086.0,58060.0,22631.0,12701.0,186.0,158664.0
G4,2019,9,5726,144,6,5576,4818,758,3175.0,54898.0,24267.0,736325.0,715233.0,58644.50000000005,4691,621406.0,758,15824.0,24075.0,5565.0,4340.0,169.0,49973.0
G4,2019,10,7866,6,13,7847,6562,1285,41880.0,106333.0,67470.0,1067043.0,1041453.0,81386.30000000032,6132,835093.0,1285,39442.0,42806.0,11514.0,3626.0,141.0,97529.0
G4,2019,11,8140,25,7,8108,6642,1466,49844.0,111539.0,64843.0,1121667.0,1106668.0,77657.4000000003,5851,804996.0,1466,36824.0,43436.0,17711.0,4127.0,79.0,102177.0
G4,2019,12,9381,70,15,9296,6901,2395,113516.0,172871.0,122445.0,1306484.0,1297555.0,94604.8999999997,7284,1036780.0,2395,67931.0,51789.0,27541.0,12268.0,804.0,160333.0
G4,2020,1,7774,86,25,7663,6125,1538,49129.0,111072.0,62034.0,1095463.0,1082558.0,94210.60000000003,6527,938584.0,1538,40264.0,33235.0,19593.0,9656.0,300.0,103048.0
G4,2020,2,8714,24,24,8666,6577,2089,101908.0,162064.0,101368.0,1246632.0,1247172.0,85657.50000000019,6654,965487.0,2089,54315.0,55203.0,27787.0,12655.0,529.0,150489.0
G4,2020,3,11754,2898,14,8842,7336,1506,34111.0,113872.0,32472.0,1267837.0,1269476.0,97677.00000000028,8620,1228873.0,1506,39432.0,34930.0,27194.0,2444.0,249.0,104249.0
G4,2020,4,6256,5298,129,829,650,179,8284.0,20366.0,9632.0,127009.0,125661.0,48700.39999999986,4623,659106.0,179,6993.0,2633.0,10288.0,117.0,14.0,20045.0
G4,2020,5,9643,5166,139,4338,3610,728,30725.0,75098.0,38923.0,597495.0,589297.0,67507.7999999999,6464,876488.0,728,18518.0,20144.0,29482.0,3417.0,73.0,71634.0
G4,2020,6,9019,134,12,8873,7780,1093,-10680.0,80789.0,14059.0,1184307.0,1159568.0,67432.00000000004,6611,896441.0,1093,26419.0,31088.0,9377.0,6234.0,120.0,73238.0
G4,2020,7,10349,84,32,10233,8847,1386,1390.0,118234.0,33091.0,1363704.0,1332003.0,79217.00000000028,7930,1074113.0,1386,45433.0,46604.0,9236.0,10061.0,168.0,111502.0
G4,2020,8,8619,257,38,8324,7205,1119,-125.0,97931.0,25473.0,1106935.0,1081337.0,65703.49999999988,6406,860516.0,1119,31023.0,35184.0,13849.0,13070.0,53.0,93179.0
G4,2020,9,4917,80,7,4830,4210,620,-2652.0,50357.0,17684.0,649064.0,628728.0,36331.29999999987,3128,429257.0,620,13757.0,19527.0,5887.0,7614.0,213.0,46998.0
G4,2020,10,7141,60,40,7041,5793,1248,58549.0,122764.0,84517.0,963332.0,937424.0,59058.399999999776,4831,670984.0,1248,42660.0,54557.0,14821.0,4181.0,473.0,116692.0
G4,2020,11,6935,57,19,6859,6013,846,3347.0,76725.0,26028.0,942963.0,920282.0,54815.19999999986,4596,636542.0,846,22776.0,36741.0,8390.0,2989.0,230.0,71126.0
G4,2020,12,7368,152,20,7196,6111,1085,9123.0,86462.0,31712.0,1027020.0,1004431.0,69101.89999999998,5225,764229.0,1085,27722.0,27609.0,21019.0,3952.0,79.0,80381.0
G4,2021,1,5827,277,24,5526,4691,835,898.0,66475.0,19792.0,808080.0,789186.0,69660.99999999985,4511,666564.0,835,18743.0,17878.0,19580.0,5712.0,174.0,62087.0
G4,2021,2,7977,443,13,7521,6029,1492,37784.0,110587.0,47085.0,1097126.0,1087825.0,81382.60000000018,5681,839830.0,1492,33943.0,35818.0,24595.0,8590.0,19.0,102965.0
G4,2021,3,11709,87,21,11601,9610,1991,67091.0,170050.0,86987.0,1653451.0,1633555.0,103730.00000000001,8439,1214018.0,1991,65899.0,67372.0,20916.0,3993.0,296.0,158476.0
G4,2021,4,9475,146,11,9318,7524,1794,74981.0,144887.0,89777.0,1289179.0,1274383.0,77289.59999999989,6842,954528.0,1794,46811.0,48850.0,26033.0,11983.0,335.0,134012.0
G4,2021,5,8920,23,9,8888,6991,1897,87345.0,139705.0,94791.0,1179427.0,1171981.0,61786.299999999785,6270,843856.0,1897,56034.0,53475.0,15108.0,3233.0,382.0,128232.0
G4,2021,6,12568,278,33,12257,7109,5148,343803.0,383463.0,315438.0,1606586.0,1634951.0,83019.6000000001,9394,1235005.0,5148,175172.0,101889.0,59310.0,22316.0,6354.0,365041.0
G4,2021,7,14130,820,32,13278,7334,5944,402526.0,447142.0,374843.0,1741377.0,1769060.0,86114.7999999995,10551,1385377.0,5944,213151.0,116567.0,67098.0,29745.0,2375.0,428936.0
G4,2021,8,9920,570,23,9327,6362,2965,158377.0,206211.0,147854.0,1233484.0,1244007.0,61926.59999999998,7035,923540.0,2965,86114.0,61511.0,32608.0,13760.0,687.0,194680.0
G4,2021,9,6704,50,12,6642,4942,1700,79420.0,118206.0,75589.0,879193.0,883024.0,43632.900000000016,4669,614151.0,1700,45026.0,43045.0,15221.0,5877.0,664.0,109833.0
G4,2021,10,9313,333,23,8957,6133,2824,150568.0,195017.0,146686.0,1214083.0,1217965.0,62603.60000000011,5988,804822.0,2824,84020.0,55979.0,34457.0,6776.0,593.0,181825.0
G4,2021,11,8999,153,12,8834,6056,2778,129766.0,173302.0,130297.0,1231954.0,1231423.0,61775.59999999995,5225,719243.0,2778,72570.0,57121.0,25740.0,3948.0,663.0,160042.0
G4,2021,12,10339,649,37,9653,6314,3339,176476.0,223478.0,166892.0,1383456.0,1393040.0,74399.1,6256,893548.0,3339,94737.0,58132.0,43857.0,12024.0,635.0,209385.0
G4,2022,1,8714,724,15,7975,5709,2266,97639.0,154347.0,96897.0,1173427.0,1174169.0,76186.40000000026,5520,795928.0,2266,63230.0,43474.0,26582.0,11678.0,94.0,145058.0
G4,2022,2,8672,493,18,8161,5643,2518,109768.0,159443.0,108299.0,1212346.0,1213815.0,74443.6000000001,5515,808087.0,2518,62794.0,49812.0,27003.0,9021.0,394.0,149024.0
G4,2022,3,11766,633,25,11108,6735,4373,256031.0,303264.0,228368.0,1624495.0,1652158.0,84827.09999999998,7358,1056023.0,4373,128915.0,73953.0,72690.0,10977.0,463.0,286998.0
G4,2022,4,10542,310,18,10214,6248,3966,234752.0,275837.0,210050.0,1459328.0,1484030.0,70523.4,6415,910333.0,3966,125165.0,64062.0,61848.0,9489.0,684.0,261248.0
G4,2022,5,9867,179,22,9666,6510,3156,169103.0,217244.0,164127.0,1355584.0,1360560.0,67304.09999999974,5960,831451.0,3156,93468.0,60368.0,38036.0,11526.0,458.0,203856.0
G4,2022,6,11510,368,34,11108,6793,4315,261637.0,307915.0,244108.0,1542237.0,1559766.0,87012.90000000002,7963,1089571.0,4315,139490.0,72345.0,59054.0,20241.0,1215.0,292345.0
G4,2022,7,12433,184,29,12220,7577,4643,316720.0,367913.0,289337.0,1676021.0,1703404.0,84273.10000000012,8612,1165844.0,4643,161458.0,100797.0,60374.0,27489.0,796.0,350914.0
G4,2022,8,9282,103,34,9145,6171,2974,173024.0,219268.0,161065.0,1254579.0,1266538.0,64843.799999999675,6137,827464.0,2974,90971.0,58881.0,34591.0,19118.0,3483.0,207044.0
G4,2022,9,7017,323,19,6675,5050,1625,68305.0,111505.0,74360.0,919780.0,913725.0,55954.59999999999,4524,612729.0,1625,38746.0,36323.0,18585.0,9214.0,162.0,103030.0
G4,2022,10,8531,120,13,8398,6215,2183,93454.0,145697.0,102393.0,1189941.0,1181002.0,66293.69999999995,5214,724650.0,2183,55741.0,48827.0,25047.0,4527.0,235.0,134377.0
G4,2022,11,8122,123,24,7975,5479,2496,142759.0,191412.0,145348.0,1152059.0,1149470.0,67772.30000000019,4566,646119.0,2496,77670.0,61527.0,31680.0,9479.0,547.0,180903.0
G4,2022,12,10421,550,50,9821,5963,3858,267980.0,317211.0,252797.0,1441250.0,1456433.0,91079.19999999997,6080,894293.0,3858,125401.0,85639.0,60692.0,32835.0,623.0,305190.0
G4,2023,1,8615,115,22,8478,6066,2412,133974.0,204471.0,146588.0,1278541.0,1265927.0,87768.29999999989,4688,707571.0,2412,65654.0,55866.0,46456.0,27096.0,211.0,195283.0
G4,2023,2,8508,58,22,8428,6485,1943,83970.0,161399.0,109303.0,1280710.0,1255377.0,86949.20000000007,4720,714279.0,1943,50631.0,46103.0,27493.0,26200.0,2058.0,152485.0
G4,2023,3,11070,94,31,10945,7105,3840,248676.0,312301.0,233916.0,1632516.0,1647276.0,100824.70000000029,6327,942235.0,3840,125131.0,72263.0,78678.0,22296.0,437.0,298805.0
G4,2023,4,10492,139,39,10314,7560,2754,184344.0,266068.0,205629.0,1536951.0,1515666.0,97195.30000000008,5924,880100.0,2754,86866.0,81340.0,65210.0,20873.0,623.0,254912.0
G4,2023,5,9422,15,25,9382,7391,1991,78375.0,158185.0,95576.0,1343772.0,1326571.0,73991.19999999978,5247,753690.0,1991,52906.0,52018.0,29945.0,11837.0,1616.0,148322.0
G4,2023,6,11483,64,36,11383,8111,3272,216132.0,287825.0,203067.0,1588229.0,1601294.0,87881.39999999992,7058,969740.0,3272,102486.0,74689.0,69620.0,26865.0,446.0,274106.0
G4,2023,7,12181,105,51,12025,7938,4087,313846.0,378813.0,287013.0,1670776.0,1697609.0,87323.69999999987,7632,1041614.0,4087,145994.0,110925.0,71152.0,35605.0,891.0,364567.0
G4,2023,8,8813,85,22,8706,6351,2355,132828.0,190534.0,131485.0,1215605.0,1216948.0,66553.0999999999,5379,734440.0,2355,64914.0,58047.0,33910.0,22716.0,226.0,179813.0
G4,2023,9,6892,22,15,6855,5348,1507,63794.0,116555.0,75588.0,956327.0,944533.0,52413.30000000003,3735,522132.0,1507,39677.0,41500.0,18548.0,9048.0,198.0,108971.0
G4,2023,10,9643,16,27,9600,7627,1973,76243.0,150481.0,93999.0,1359735.0,1341979.0,75953.00000000016,5346,746647.0,1973,53929.0,55686.0,22367.0,7073.0,613.0,139668.0
G4,2023,11,8940,7,7,8926,7225,1701,36998.0,123808.0,71086.0,1307241.0,1273153.0,85761.8000000004,4855,694409.0,1701,43580.0,42727.0,20379.0,7710.0,273.0,114669.0
G4,2023,12,9480,62,35,9383,7565,1818,48725.0,158886.0,107242.0,1428750.0,1370233.0,110374.79999999984,5361,813132.0,1818,57516.0,44178.0,29502.0,19260.0,383.0,150839.0
G4,2024,1,8596,193,37,8366,6497,1869,88079.0,188394.0,127493.0,1306290.0,1266876.0,109309.40000000004,4915,757570.0,1869,59483.0,52020.0,34382.0,35355.0,527.0,181767.0
G4,2024,2,8486,12,14,8460,6962,1498,40952.0,142071.0,86293.0,1319673.0,1274332.0,98387.90000000027,4769,735720.0,1498,41494.0,51442.0,28573.0,13243.0,258.0,135010.0
G4,2024,3,11031,71,19,10941,8367,2574,119412.0,235723.0,166313.0,1697383.0,1650482.0,129273.69999999987,6332,973179.0,2574,77973.0,75340.0,63212.0,9743.0,411.0,226679.0
G4,2024,4,9271,43,13,9215,7957,1258,3962.0,132905.0,74542.0,1408487.0,1337907.0,105734.69999999982,5116,782793.0,1258,39483.0,42275.0,37098.0,7780.0,318.0,126954.0
G4,2024,5,9567,35,19,9513,7536,1977,72747.0,169579.0,116143.0,1390928.0,1347532.0,89839.89999999959,5145,757101.0,1977,60580.0,50522.0,38475.0,11562.0,136.0,161275.0
G4,2024,6,12229,146,40,12043,8976,3067,170578.0,267330.0,202906.0,1713797.0,1681469.0,108471.4999999998,7238,1002601.0,3067,106604.0,92943.0,32630.0,21682.0,1013.0,254872.0
G4,2024,7,12861,415,27,12419,8741,3678,250398.0,338258.0,261880.0,1759272.0,1747790.0,107538.79999999989,7621,1052904.0,3678,122411.0,119088.0,42392.0,39972.0,1125.0,324988.0
G4,2024,8,9244,199,29,9016,6770,2246,124102.0,207057.0,149668.0,1277327.0,1251761.0,81936.30000000003,5476,753459.0,2246,77076.0,67865.0,30399.0,23940.0,471.0,199751.0
G4,2024,9,6889,157,11,6721,5577,1144,18347.0,94503.0,51571.0,949494.0,916270.0,60114.69999999999,3680,509016.0,1144,31285.0,38805.0,10217.0,8915.0,80.0,89302.0
G4,2024,10,9195,588,19,8588,7284,1304,24771.0,119621.0,68473.0,1249213.0,1205511.0,79171.5000000003,4916,696962.0,1304,40187.0,47807.0,14977.0,9601.0,117.0,112689.0
G4,2024,11,8757,5,10,8742,7363,1379,6455.0,108617.0,51674.0,1296508.0,1251289.0,78765.3000000004,4514,652349.0,1379,38257.0,38169.0,16138.0,9077.0,201.0,101842.0
G4,2024,12,11084,154,72,10858,7955,2903,195745.0,304083.0,250038.0,1666678.0,1612385.0,122328.19999999987,6096,933083.0,2903,108961.0,95254.0,48701.0,40771.0,335.0,294022.0
G4,2025,1,9345,119,20,9206,7023,2183,87847.0,201568.0,142483.0,1464584.0,1409948.0,124594.0000000001,5249,832901.0,2183,70966.0,55149.0,32543.0,34625.0,486.0,193769.0
G4,2025,2,9371,88,34,9249,6933,2316,122396.0,225995.0,162633.0,1475954.0,1435717.0,115152.60000000015,5219,826607.0,2316,80367.0,57126.0,55203.0,24856.0,693.0,218245.0
G4,2025,3,13355,79,29,13247,10293,2954,124537.0,265598.0,176819.0,2059803.0,2007521.0,146361.99999999994,7457,1149180.0,2954,98912.0,71862.0,66804.0,15985.0,1315.0,254878.0
G4,2025,4,10926,10,22,10894,8623,2271,71464.0,182112.0,107716.0,1663149.0,1626897.0,105438.70000000004,6067,922719.0,2271,70851.0,57905.0,27288.0,11355.0,4134.0,171533.0
G4,2025,5,11079,17,22,11040,8407,2633,134526.0,234268.0,161046.0,1606137.0,1579617.0,95099.49999999974,5873,858822.0,2633,88356.0,70033.0,33867.0,31660.0,83.0,223999.0
G4,2025,6,13783,57,50,13676,9493,4183,267918.0,362118.0,268282.0,1920170.0,1919806.0,113982.69999999965,8026,1112932.0,4183,156115.0,91628.0,54066.0,44180.0,1428.0,347417.0
G4,2025,7,13978,62,61,13855,9684,4171,296046.0,395767.0,298488.0,1951784.0,1949342.0,116795.2,8313,1156824.0,4171,155504.0,116832.0,63192.0,45446.0,519.0,381493.0
G4,2025,8,10499,7,31,10461,7948,2513,165154.0,260875.0,184700.0,1467054.0,1447508.0,93489.3999999998,6218,862137.0,2513,90932.0,92914.0,31047.0,35863.0,668.0,251424.0
G4,2025,9,6925,1,10,6914,5737,1177,24330.0,97218.0,46397.0,958322.0,936255.0,53777.700000000106,3579,493124.0,1177,33872.0,30961.0,14404.0,11838.0,275.0,91350.0
G4,2025,10,10470,5,27,10438,8130,2308,93870.0,186277.0,111714.0,1483644.0,1465800.0,75636.60000000044,5227,737259.0,2308,75823.0,57875.0,28522.0,13155.0,207.0,175582.0
G4,2025,11,9652,78,34,9540,7344,2196,94769.0,181116.0,106100.0,1385372.0,1374041.0,80624.40000000034,4971,713674.0,2196,71427.0,39690.0,39829.0,21018.0,272.0,172236.0
G4,2025,12,11516,92,52,11372,7849,3523,207173.0,298412.0,217565.0,1691610.0,1681218.0,112965.1999999999,6445,963158.0,3523,124693.0,74437.0,52296.0,34939.0,853.0,287218.0
G4,2026,1,8963,218,29,8716,6620,2096,88631.0,189490.0,131642.0,1360236.0,1317225.0,110374.0999999998,5055,786007.0,2096,70577.0,56617.0,30932.0,24009.0,601.0,182736.0
G4,2026,2,9087,62,25,9000,7019,1981,81283.0,180277.0,118735.0,1416401.0,1378949.0,109842.59999999986,5047,794951.0,1981,59924.0,54922.0,32178.0,25095.0,148.0,172267.0
G4,2026,3,12522,199,54,12269,8871,3398,234603.0,339052.0,252552.0,1873170.0,1855221.0,133935.79999999976,6996,1071777.0,3398,122969.0,83108.0,80316.0,39112.0,1201.0,326706.0
G4,2026,4,10318,14,16,10288,7799,2489,106928.0,192483.0,119056.0,1542324.0,1530196.0,95800.59999999976,5576,838396.0,2489,72711.0,60426.0,36302.0,12086.0,144.0,181669.0
G4,2026,5,10570,16,21,10533,7683,2850,183745.0,261834.0,199101.0,1535288.0,1519932.0,92040.69999999975,5548,815600.0,2850,94141.0,89524.0,44603.0,21641.0,782.0,250691.0
G4,2026,6,12663,69,43,12551,8634,3917,315967.0,397210.0,314102.0,1772181.0,1774046.0,106098.59999999983,7023,976335.0,3917,152789.0,132972.0,57776.0,38874.0,624.0,383035.0
G4,2026,7,13314,73,57,13184,9127,4057,308651.0,399333.0,310510.0,1865004.0,1863145.0,111917.9000000003,7330,1019941.0,4057,154897.0,124347.0,60880.0,44025.0,1323.0,385472.0
HA,2015,1,6440,26,6,6408,5507,901,22509.0,46810.0,8407.0,637635.0,651737.0,33987.29999999999,6440,641508.0,901,15175.0,17102.0,1710.0,1415.0,162.0,35564.0
HA,2015,2,5779,3,3,5773,4752,1021,34811.0,52172.0,14868.0,566392.0,586335.0,29761.19999999994,5779,566909.0,1021,15355.0,21060.0,735.0,2474.0,25.0,39649.0
HA,2015,3,6313,13,6,6294,5514,780,21830.0,41581.0,5214.0,621556.0,638172.0,31335.30000000003,6313,624811.0,780,9403.0,18002.0,276.0,1798.0,7.0,29486.0
HA,2015,4,6093,11,3,6079,5648,431,67.0,23891.0,-13475.0,600775.0,614317.0,27423.099999999962,6093,602150.0,431,3492.0,10949.0,108.0,424.0,0.0,14973.0
HA,2015,5,6434,7,9,6418,5846,572,5304.0,31389.0,-8829.0,642755.0,656888.0,27419.200000000026,6434,645143.0,572,7634.0,12997.0,670.0,305.0,0.0,21606.0
HA,2015,6,6677,10,4,6663,6046,617,5882.0,31927.0,-8110.0,676278.0,690270.0,27470.399999999994,6677,677170.0,617,5002.0,16569.0,193.0,65.0,24.0,21853.0
HA,2015,7,6955,11,8,6936,6161,775,13883.0,41829.0,4751.0,713473.0,722605.0,32882.30000000002,6955,716860.0,775,10723.0,18482.0,407.0,478.0,37.0,30127.0
HA,2015,8,6901,44,7,6850,5626,1224,51019.0,71737.0,33087.0,705032.0,722964.0,32398.70000000001,6901,708449.0,1224,29455.0,27691.0,583.0,1057.0,44.0,58830.0
HA,2015,9,6154,24,3,6127,5180,947,22651.0,46892.0,12636.0,619490.0,629505.0,34060.59999999998,6154,623128.0,947,16337.0,17520.0,358.0,2730.0,32.0,36977.0
HA,2015,10,6242,12,4,6226,5664,562,2908.0,30736.0,1045.0,629810.0,631673.0,37209.199999999975,6242,631071.0,562,6417.0,13539.0,1044.0,274.0,35.0,21309.0
HA,2015,11,6024,5,7,6012,5658,354,-16352.0,18923.0,-11070.0,616620.0,611338.0,45661.500000000015,6024,620052.0,354,3339.0,8579.0,34.0,237.0,0.0,12189.0
HA,2015,12,6260,5,0,6255,5821,434,-10674.0,26259.0,-2791.0,659381.0,651498.0,52549.20000000009,6260,660708.0,434,4367.0,13932.0,123.0,172.0,35.0,18629.0
HA,2016,1,6279,4,5,6270,5760,510,-10214.0,26236.0,-10813.0,656207.0,656806.0,49873.89999999999,6279,658619.0,510,3689.0,13652.0,271.0,871.0,65.0,18548.0
HA,2016,2,5851,3,9,5839,5375,464,-7553.0,24307.0,-5039.0,611584.0,609070.0,50223.4000000001,5851,613120.0,464,5446.0,9695.0,336.0,620.0,34.0,16131.0
HA,2016,3,6355,9,5,6341,5707,634,-1666.0,30371.0,-434.0,659620.0,658388.0,51321.30000000009,6354,661779.0,634,8440.0,10632.0,309.0,1388.0,140.0,20909.0
HA,2016,4,6239,6,5,6228,5869,359,-12347.0,20964.0,-9962.0,637946.0,635561.0,44777.6,6239,639608.0,359,3678.0,7796.0,2300.0,220.0,58.0,14052.0
HA,2016,5,6432,17,7,6408,5926,482,-3266.0,28225.0,-445.0,663557.0,660736.0,46484.200000000026,6432,665927.0,482,6296.0,11214.0,653.0,1242.0,0.0,19405.0
HA,2016,6,6731,11,6,6714,6133,581,1289.0,33287.0,42.0,711732.0,712979.0,46933.99999999995,6731,714230.0,581,7052.0,16255.0,545.0,201.0,29.0,24082.0
HA,2016,7,7022,16,16,6990,6232,758,16060.0,47875.0,14353.0,741588.0,743295.0,49442.49999999988,7022,748316.0,758,14586.0,20948.0,745.0,762.0,10.0,37051.0
HA,2016,8,7049,17,4,7028,6528,500,-8148.0,28347.0,-8378.0,737466.0,737696.0,51119.499999999905,7049,740497.0,500,6669.0,11712.0,487.0,75.0,22.0,18965.0
HA,2016,9,6178,9,4,6165,5639,526,-4462.0,27512.0,-4828.0,632261.0,632627.0,44480.799999999996,6178,634867.0,526,6093.0,11270.0,1242.0,187.0,162.0,18954.0
HA,2016,10,6232,6,7,6219,5809,410,-4609.0,27655.0,-2267.0,638219.0,635877.0,45794.4000000001,6232,641712.0,410,6135.0,13566.0,198.0,38.0,38.0,19975.0
HA,2016,11,6074,11,6,6057,5559,498,-2359.0,28088.0,-3499.0,615418.0,616558.0,42269.80000000006,6074,618379.0,498,5258.0,13622.0,172.0,412.0,10.0,19474.0
HA,2016,12,6347,9,10,6328,5402,926,31714.0,57462.0,24806.0,660950.0,667858.0,48540.80000000002,6347,665106.0,926,12101.0,29055.0,380.0,4617.0,232.0,46385.0
HA,2017,1,6276,18,7,6251,5376,875,22611.0,49252.0,18173.0,641428.0,645866.0,46779.10000000005,6273,645298.0,875,12349.0,26199.0,220.0,785.0,107.0,39660.0
HA,2017,2,5789,13,5,5771,4528,1243,54481.0,74798.0,43279.0,574723.0,585925.0,44317.80000000005,5785,576426.0,1243,33168.0,22753.0,2137.0,6271.0,41.0,64370.0
HA,2017,3,6596,23,7,6566,5589,977,24544.0,49868.0,14700.0,648529.0,658373.0,47292.700000000004,6592,652121.0,977,15520.0,20137.0,530.0,2423.0,114.0,38724.0
HA,2017,4,6470,13,3,6454,5746,708,7860.0,35983.0,-1326.0,631889.0,641075.0,41493.90000000002,6465,632198.0,708,9126.0,16550.0,247.0,662.0,0.0,26585.0
HA,2017,5,6790,12,3,6775,6089,686,10547.0,39181.0,5398.0,671764.0,676913.0,44990.10000000005,6788,672914.0,686,8536.0,19396.0,1119.0,92.0,24.0,29167.0
HA,2017,6,7076,13,6,7057,6394,663,7911.0,38757.0,4313.0,717244.0,720842.0,51128.39999999995,7076,719525.0,663,7284.0,19394.0,757.0,15.0,47.0,27497.0
HA,2017,7,7308,21,6,7281,6743,538,-1965.0,30600.0,-1939.0,741047.0,741021.0,52883.99999999995,7308,743964.0,538,6983.0,12212.0,595.0,102.0,189.0,20081.0
HA,2017,8,7280,21,11,7248,6769,479,-5311.0,30356.0,-6047.0,735073.0,735809.0,51827.39999999995,7280,739048.0,479,6452.0,13647.0,416.0,269.0,8.0,20792.0
HA,2017,9,6571,23,2,6546,6176,370,-17068.0,22161.0,-11484.0,670663.0,665079.0,50830.19999999995,6571,673817.0,370,3513.0,11516.0,169.0,484.0,33.0,15715.0
HA,2017,10,6744,25,9,6710,6039,671,4771.0,36067.0,5047.0,687760.0,687484.0,53911.10000000006,6744,690539.0,671,9834.0,14255.0,198.0,1546.0,60.0,25893.0
HA,2017,11,6500,25,8,6467,5805,662,2330.0,33218.0,2434.0,662361.0,662257.0,52956.20000000021,6499,665571.0,662,8054.0,15268.0,167.0,170.0,22.0,23681.0
HA,2017,12,6772,23,14,6735,5474,1261,41483.0,66609.0,36560.0,709109.0,714032.0,61648.600000000115,6772,714772.0,1261,24483.0,27209.0,1174.0,2519.0,25.0,55410.0
HA,2018,1,6653,11,11,6631,5879,752,8024.0,41555.0,9564.0,714636.0,713096.0,65163.400000000125,6653,718303.0,752,8404.0,19956.0,659.0,3251.0,377.0,32647.0
HA,2018,2,6028,20,4,6004,4835,1169,37135.0,61902.0,34885.0,647629.0,649879.0,60086.500000000015,6028,650475.0,1169,21427.0,24258.0,243.0,4163.0,10.0,50101.0
HA,2018,3,6919,37,10,6872,5903,969,20944.0,50109.0,16385.0,738038.0,742597.0,65380.799999999916,6918,742828.0,969,13734.0,22632.0,1024.0,1284.0,112.0,38786.0
HA,2018,4,6774,10,8,6756,5941,815,16415.0,46897.0,10576.0,721422.0,727261.0,59857.70000000013,6773,725237.0,815,11155.0,22641.0,1558.0,2072.0,77.0,37503.0
HA,2018,5,7098,8,5,7085,6447,638,3240.0,35908.0,1018.0,755305.0,757527.0,58685.50000000006,7080,752024.0,638,7556.0,17596.0,600.0,963.0,16.0,26731.0
HA,2018,6,7327,25,7,7295,6648,647,2171.0,38618.0,3146.0,782447.0,781472.0,61710.20000000003,7301,776932.0,647,7797.0,20706.0,454.0,390.0,81.0,29428.0
HA,2018,7,7417,10,5,7402,6868,534,-6418.0,31108.0,-4945.0,815856.0,814383.0,63760.39999999992,7409,816877.0,534,4605.0,16887.0,442.0,103.0,132.0,22169.0
HA,2018,9,6937,49,7,6881,6319,562,-6466.0,34902.0,-4767.0,766831.0,765132.0,58485.50000000014,6935,775604.0,562,5946.0,21869.0,268.0,230.0,70.0,28383.0
HA,2018,10,7186,13,9,7164,6540,624,-4319.0,36201.0,19.0,802294.0,797956.0,63522.90000000015,7184,805535.0,624,6583.0,19987.0,1178.0,759.0,303.0,28810.0
HA,2018,11,6930,22,12,6896,6343,553,-9737.0,29884.0,-8205.0,774257.0,772725.0,63328.29999999993,6928,780103.0,553,4869.0,16184.0,606.0,709.0,51.0,22419.0
HA,2018,12,7214,6,5,7203,6376,827,4575.0,42591.0,6739.0,828944.0,826780.0,71892.10000000002,7200,831227.0,827,9566.0,22221.0,649.0,505.0,49.0,32990.0
HA,2019,1,6798,7,6,6785,5934,851,4305.0,41838.0,8370.0,799995.0,795930.0,70164.70000000004,6795,803019.0,851,10115.0,19692.0,449.0,1489.0,1245.0,32990.0
HA,2019,2,6033,13,6,6014,4952,1062,35287.0,61278.0,35873.0,707873.0,707287.0,63434.500000000044,6032,713188.0,1062,16359.0,29924.0,293.0,4448.0,33.0,51057.0
HA,2019,3,6858,8,4,6846,5988,858,2728.0,36897.0,3994.0,797289.0,796023.0,70724.69999999998,6858,800089.0,858,7744.0,17885.0,260.0,859.0,124.0,26872.0
HA,2019,4,6900,7,4,6889,6169,720,-5925.0,35215.0,-3022.0,825762.0,822859.0,69375.90000000017,6896,824434.0,720,6231.0,19760.0,118.0,635.0,67.0,26811.0
HA,2019,5,7219,2,2,7215,6498,717,-7080.0,32803.0,-5438.0,856813.0,855171.0,68231.20000000001,7196,849977.0,717,5447.0,16977.0,444.0,826.0,278.0,23972.0
HA,2019,6,7198,25,10,7163,6458,705,10230.0,47553.0,14863.0,842368.0,837735.0,66981.39999999995,7198,845659.0,705,13656.0,22039.0,282.0,632.0,2257.0,38866.0
HA,2019,7,7334,5,6,7323,6562,761,7303.0,43576.0,13966.0,866198.0,859535.0,67546.29999999994,7334,869315.0,761,7948.0,23756.0,680.0,1006.0,152.0,33542.0
HA,2019,8,7364,16,2,7346,6657,689,236.0,37591.0,3855.0,861130.0,857511.0,67497.69999999995,7363,865610.0,689,6070.0,21361.0,549.0,254.0,56.0,28290.0
HA,2019,9,6876,18,5,6853,6240,613,-8497.0,31907.0,-137.0,809344.0,800984.0,62594.400000000176,6874,814903.0,613,5776.0,18389.0,233.0,95.0,12.0,24505.0
HA,2019,10,7121,16,5,7100,5976,1124,25800.0,57817.0,27410.0,852817.0,851207.0,68502.50000000019,7117,853398.0,1124,20581.0,23010.0,1608.0,1290.0,636.0,47125.0
HA,2019,11,6914,12,14,6888,6224,664,-10023.0,31606.0,-3348.0,838774.0,832099.0,72715.30000000016,6911,843861.0,664,6000.0,14280.0,312.0,2097.0,422.0,23111.0
HA,2019,12,7276,8,1,7267,6454,813,-385.0,38866.0,9943.0,900709.0,890381.0,82658.10000000033,7273,902092.0,813,6678.0,20721.0,369.0,452.0,159.0,28379.0
HA,2020,1,7035,17,3,7015,6327,688,-7420.0,34196.0,3328.0,891338.0,880590.0,84384.6000000001,7034,895448.0,688,6003.0,17683.0,221.0,529.0,22.0,24458.0
HA,2020,2,6509,32,2,6475,5905,570,-21943.0,30247.0,-4211.0,824032.0,806300.0,79188.3000000001,6509,832282.0,570,6356.0,16040.0,264.0,713.0,283.0,23656.0
HA,2020,3,6773,618,22,6133,5569,564,-12067.0,39576.0,3179.0,750471.0,735225.0,81519.20000000003,6732,842630.0,564,14071.0,17891.0,733.0,1927.0,30.0,34652.0
HA,2020,4,1408,288,0,1120,1100,20,-14796.0,1133.0,-9263.0,86431.0,80898.0,11665.5,1408,99810.0,20,225.0,778.0,0.0,0.0,0.0,1003.0
HA,2020,5,1283,2,1,1280,1232,48,-14024.0,2353.0,-5746.0,113511.0,105233.0,11438.999999999998,1283,113681.0,48,248.0,1784.0,0.0,0.0,0.0,2032.0
HA,2020,6,1652,1,0,1651,1568,83,-5294.0,4510.0,-1120.0,126021.0,121847.0,10996.0,1652,126341.0,83,767.0,1986.0,0.0,0.0,70.0,2823.0
HA,2020,7,2870,119,0,2751,2624,127,-7017.0,8265.0,-6394.0,204186.0,203563.0,12127.800000000003,2819,210899.0,127,1852.0,3800.0,9.0,0.0,6.0,5667.0
HA,2020,8,2520,260,1,2259,2207,52,-12157.0,3635.0,-9732.0,206668.0,204243.0,14590.800000000007,2466,215743.0,52,147.0,1912.0,0.0,0.0,11.0,2070.0
HA,2020,9,1512,3,1,1508,1450,58,-6712.0,3527.0,-4439.0,156981.0,154708.0,10191.399999999996,1512,157495.0,58,285.0,2183.0,0.0,0.0,0.0,2468.0
HA,2020,10,2799,734,0,2065,1974,91,-9077.0,4352.0,-5555.0,197847.0,194325.0,21143.799999999977,2799,230940.0,91,436.0,2041.0,0.0,60.0,0.0,2537.0
HA,2020,11,2914,14,0,2900,2735,165,-7466.0,10599.0,-4757.0,325173.0,322464.0,24967.699999999997,2914,326344.0,165,531.0,6838.0,2.0,27.0,26.0,7424.0
HA,2020,12,3139,56,4,3079,2860,219,-8559.0,14094.0,-2012.0,439216.0,432669.0,33653.60000000001,3139,442368.0,219,1035.0,8282.0,43.0,1504.0,0.0,10864.0
HA,2021,1,3199,7,1,3191,3030,161,-21216.0,8137.0,-11293.0,517953.0,508030.0,44492.100000000035,3199,518951.0,161,465.0,4707.0,107.0,241.0,15.0,5535.0
HA,2021,2,2707,4,1,2702,2572,130,-13452.0,10999.0,-3003.0,442652.0,432203.0,38883.40000000005,2707,443787.0,130,858.0,4330.0,0.0,3108.0,0.0,8296.0
HA,2021,3,3268,7,1,3260,2883,377,-4175.0,18891.0,8348.0,546748.0,534225.0,48296.999999999956,3262,544176.0,377,2713.0,10889.0,121.0,456.0,74.0,14253.0
HA,2021,4,4032,4,2,4026,3686,340,-9312.0,18782.0,6070.0,634636.0,619254.0,55284.499999999905,4024,630975.0,340,2707.0,10523.0,369.0,68.0,356.0,14023.0
HA,2021,5,4580,2,3,4575,4260,315,-6415.0,21603.0,11627.0,752645.0,734603.0,57458.69999999996,4561,745089.0,315,2063.0,13641.0,17.0,43.0,65.0,15829.0
HA,2021,6,5980,2,4,5974,5245,729,1754.0,34739.0,19976.0,869331.0,851109.0,65536.89999999995,5980,871111.0,729,7226.0,18281.0,232.0,59.0,193.0,25991.0
HA,2021,7,6214,13,3,6198,5480,718,5604.0,36793.0,23621.0,900605.0,882588.0,64485.10000000001,6214,902921.0,718,7183.0,18966.0,183.0,270.0,189.0,26791.0
HA,2021,8,6518,53,2,6463,5897,566,-12553.0,29292.0,6091.0,907777.0,889133.0,66498.09999999993,6518,911404.0,566,5572.0,16407.0,294.0,17.0,174.0,22464.0
HA,2021,9,6233,36,3,6194,5860,334,-28496.0,17389.0,-16580.0,846260.0,834344.0,62689.900000000285,6225,847143.0,334,1949.0,10841.0,98.0,38.0,9.0,12935.0
HA,2021,10,5856,9,5,5842,5509,333,-21268.0,19208.0,-6029.0,848125.0,832886.0,62124.100000000064,5847,845992.0,333,2042.0,10686.0,40.0,735.0,52.0,13555.0
HA,2021,11,5749,4,7,5738,5354,384,-10587.0,28380.0,7954.0,851605.0,833064.0,69426.80000000018,5737,847376.0,384,2976.0,18024.0,101.0,817.0,45.0,21963.0
HA,2021,12,6206,123,9,6074,4800,1274,46090.0,76156.0,59813.0,905056.0,891333.0,80717.89999999994,6192,909146.0,1274,22809.0,39262.0,548.0,4437.0,106.0,67162.0
HA,2022,1,5868,217,11,5640,4571,1069,38827.0,72824.0,53612.0,868481.0,853696.0,76232.89999999969,5814,862686.0,1069,28574.0,32110.0,94.0,3925.0,205.0,64908.0
HA,2022,2,4984,11,4,4969,4343,626,5532.0,36440.0,21984.0,770728.0,754276.0,62845.700000000164,4970,764245.0,626,6642.0,19581.0,33.0,2185.0,296.0,28737.0
HA,2022,3,6009,24,5,5980,5085,895,16142.0,44083.0,27150.0,882377.0,871369.0,72089.09999999989,5995,881143.0,895,9564.0,21339.0,1253.0,733.0,121.0,33010.0
HA,2022,4,6019,82,2,5935,4862,1073,29260.0,53402.0,39739.0,855190.0,844711.0,68938.3999999999,6015,858428.0,1073,13709.0,27320.0,330.0,186.0,205.0,41750.0
HA,2022,5,6292,4,5,6283,5410,873,12496.0,40208.0,26155.0,896700.0,883041.0,69470.80000000005,6283,896659.0,873,9639.0,17748.0,329.0,344.0,129.0,28189.0
HA,2022,6,6286,7,6,6273,4855,1418,40588.0,63293.0,51312.0,903472.0,892748.0,69188.80000000002,6281,904042.0,1418,15306.0,32875.0,1357.0,175.0,782.0,50495.0
HA,2022,7,6754,6,7,6741,5450,1291,44908.0,69039.0,55208.0,955599.0,945299.0,69524.10000000011,6754,958246.0,1291,16864.0,34539.0,374.0,1709.0,623.0,54109.0
HA,2022,8,6514,9,6,6499,4790,1709,55241.0,75833.0,61246.0,903203.0,897198.0,62181.0,6514,906890.0,1709,25080.0,35092.0,1517.0,19.0,284.0,61992.0
HA,2022,9,6062,10,5,6047,5022,1025,22746.0,46199.0,32102.0,837104.0,827748.0,59790.30000000011,6057,838436.0,1025,12999.0,20832.0,299.0,190.0,106.0,34426.0
HA,2022,10,6258,30,5,6223,3640,2583,116329.0,130521.0,114391.0,868793.0,870731.0,66294.90000000017,6258,872722.0,2583,55621.0,54787.0,5737.0,1746.0,233.0,118124.0
HA,2022,11,6177,49,8,6120,4081,2039,84725.0,101855.0,80144.0,842397.0,846978.0,64733.80000000014,6176,850844.0,2039,38070.0,46245.0,4610.0,879.0,75.0,89879.0
HA,2022,12,6642,231,19,6392,3862,2530,170822.0,187066.0,156866.0,882129.0,896085.0,77101.10000000021,6620,903228.0,2530,80434.0,67558.0,5475.0,21144.0,163.0,174774.0
HA,2023,1,6697,72,9,6616,5143,1473,60411.0,85243.0,59179.0,903817.0,905049.0,83543.30000000012,6669,905231.0,1473,23636.0,44384.0,2310.0,2578.0,62.0,72970.0
HA,2023,2,5997,46,7,5944,4406,1538,69389.0,88779.0,61632.0,808805.0,816562.0,70222.90000000007,5986,808383.0,1538,27212.0,39888.0,1743.0,7322.0,147.0,76312.0
HA,2023,3,6814,45,7,6762,4052,2710,115393.0,130509.0,97035.0,900364.0,918722.0,78578.20000000003,6745,894770.0,2710,51059.0,53577.0,6447.0,4811.0,513.0,116407.0
HA,2023,4,6668,111,7,6550,3777,2773,125180.0,140500.0,109990.0,867042.0,882232.0,74419.90000000004,6567,858273.0,2773,59415.0,51329.0,17138.0,421.0,208.0,128511.0
HA,2023,5,6894,179,3,6712,4228,2484,144123.0,161952.0,140516.0,884163.0,887770.0,76193.50000000001,6779,876728.0,2484,73231.0,63887.0,11755.0,242.0,631.0,149746.0
HA,2023,6,6832,88,2,6742,5289,1453,43489.0,69656.0,53214.0,893494.0,883769.0,72682.4,6704,871165.0,1453,21688.0,34414.0,400.0,14.0,551.0,57067.0
HA,2023,7,7085,55,8,7022,5846,1176,50395.0,78424.0,58029.0,918525.0,910891.0,67032.59999999993,6952,896197.0,1176,19018.0,46369.0,608.0,325.0,236.0,66556.0
HA,2023,8,7024,109,10,6905,5766,1139,43683.0,68126.0,46161.0,879737.0,877259.0,63779.29999999991,6892,869905.0,1139,17504.0,35277.0,1564.0,786.0,209.0,55340.0
HA,2023,9,6718,69,3,6646,5940,706,14156.0,43811.0,21160.0,839353.0,832349.0,64965.400000000205,6608,842393.0,706,7662.0,24603.0,215.0,42.0,113.0,32635.0
HA,2023,10,6915,115,4,6796,5275,1521,59892.0,80886.0,57919.0,863783.0,865756.0,70516.90000000014,6832,877572.0,1521,24296.0,36549.0,3066.0,2857.0,395.0,67163.0
HA,2023,11,6621,64,7,6550,5570,980,25936.0,52173.0,28019.0,841584.0,839501.0,70916.70000000022,6519,830839.0,980,12346.0,24644.0,1402.0,1338.0,225.0,39955.0
HA,2023,12,6702,100,5,6597,5592,1005,27905.0,55481.0,32827.0,862532.0,857610.0,78179.90000000011,6602,848862.0,1005,14715.0,26562.0,1305.0,358.0,44.0,42984.0
HA,2024,1,6576,96,5,6475,4737,1738,69054.0,90983.0,63930.0,861085.0,866209.0,77097.90000000015,6483,850985.0,1738,30954.0,34552.0,4837.0,7057.0,233.0,77633.0
HA,2024,2,6067,68,7,5992,4851,1141,47624.0,72475.0,52228.0,790875.0,786271.0,66742.7000000001,5959,772380.0,1141,20156.0,36054.0,3662.0,777.0,57.0,60706.0
HA,2024,3,6455,36,5,6414,5629,785,11578.0,41996.0,24643.0,855964.0,842899.0,80561.19999999998,6401,842604.0,785,9443.0,20549.0,502.0,665.0,151.0,31310.0
HA,2024,4,6375,82,8,6285,5358,927,27626.0,57265.0,40354.0,856052.0,843324.0,78052.90000000004,6298,835010.0,927,20650.0,26320.0,566.0,886.0,187.0,48609.0
HA,2024,5,6652,168,6,6478,5107,1371,49746.0,72863.0,51863.0,902829.0,900712.0,72520.70000000011,6541,871644.0,1371,26214.0,31096.0,2519.0,773.0,426.0,61028.0
HA,2024,6,6597,45,5,6547,5512,1035,26110.0,53777.0,33097.0,931042.0,924055.0,65169.60000000002,6481,891883.0,1035,14290.0,26987.0,1036.0,217.0,95.0,42625.0
HA,2024,7,6820,55,9,6756,5737,1019,33243.0,62973.0,42450.0,964324.0,955117.0,66268.70000000003,6702,921544.0,1019,16421.0,33444.0,580.0,241.0,818.0,51504.0
HA,2024,8,6829,104,5,6720,5928,792,17004.0,49937.0,27818.0,948796.0,937982.0,64993.500000000015,6714,910370.0,792,11390.0,28423.0,161.0,319.0,92.0,40385.0
HA,2024,9,6450,31,2,6417,5783,634,3684.0,36620.0,10136.0,901749.0,895297.0,64502.400000000154,6284,850318.0,634,6875.0,19787.0,851.0,127.0,130.0,27770.0
HA,2024,10,6583,73,7,6503,5664,839,15279.0,45242.0,23271.0,933831.0,925839.0,69918.50000000019,6410,884203.0,839,12549.0,20275.0,1566.0,66.0,9.0,34465.0
HA,2024,11,6427,29,5,6393,5731,662,-774.0,36513.0,10223.0,913895.0,902898.0,75462.1000000001,6232,854488.0,662,10099.0,16007.0,338.0,1213.0,34.0,27691.0
HA,2024,12,6699,35,11,6653,5598,1055,29507.0,60635.0,39633.0,969474.0,959348.0,87620.90000000005,6477,907375.0,1055,15194.0,31662.0,571.0,2739.0,308.0,50474.0
HA,2025,1,6690,128,22,6540,5654,886,39479.0,74277.0,44599.0,930932.0,925812.0,79521.40000000005,6468,878950.0,886,26469.0,28966.0,253.0,8618.0,28.0,64334.0
HA,2025,2,6013,21,9,5983,4947,1036,33666.0,59690.0,34541.0,833651.0,832776.0,65106.3,5811,771666.0,1036,17850.0,27850.0,648.0,1969.0,110.0,48427.0
HA,2025,3,6811,119,3,6689,5540,1149,40706.0,68214.0,46109.0,972437.0,967034.0,77302.2000000001,6672,921926.0,1149,24480.0,29125.0,259.0,2120.0,353.0,56337.0
HA,2025,4,6559,61,3,6495,5340,1155,35526.0,59850.0,37405.0,962785.0,960906.0,72125.60000000025,6413,910885.0,1155,15673.0,28826.0,1312.0,1164.0,129.0,47104.0
HA,2025,5,6985,23,4,6958,6087,871,21628.0,54103.0,33953.0,1037069.0,1024744.0,76194.9000000002,6854,988953.0,871,12100.0,30469.0,367.0,183.0,138.0,43257.0
HA,2025,6,6839,13,5,6821,5599,1222,51780.0,75731.0,57770.0,1006819.0,1000814.0,65886.40000000001,6599,926680.0,1222,19742.0,40909.0,535.0,267.0,1119.0,62572.0
HA,2025,7,7066,51,5,7010,5578,1432,65962.0,87151.0,67855.0,1024380.0,1022487.0,62044.20000000004,6753,927026.0,1432,24235.0,46542.0,1143.0,1303.0,285.0,73508.0
HA,2025,8,6946,17,5,6924,5932,992,33183.0,61007.0,40766.0,1020991.0,1013408.0,64462.90000000007,6649,929865.0,992,12084.0,37600.0,524.0,109.0,301.0,50618.0
HA,2025,9,6428,11,5,6412,5669,743,15598.0,48200.0,27729.0,965469.0,953338.0,64734.00000000036,6123,883800.0,743,11414.0,27378.0,322.0,664.0,191.0,39969.0
HA,2025,10,6616,45,9,6562,5359,1203,57991.0,84424.0,70818.0,993716.0,980889.0,74378.00000000044,6317,910751.0,1203,21082.0,50137.0,926.0,639.0,231.0,73015.0
HA,2025,11,6426,125,7,6294,5134,1160,44757.0,69505.0,52084.0,932561.0,925234.0,72734.80000000041,6155,851099.0,1160,17137.0,37896.0,471.0,1641.0,284.0,57429.0
HA,2025,12,6705,46,12,6647,4786,1861,97402.0,122593.0,106739.0,992619.0,983282.0,90673.2,6516,948923.0,1861,40613.0,62654.0,2037.0,4544.0,270.0,110118.0
MQ,2015,1,29900,2288,44,27568,18071,9497,500772.0,636878.0,440974.0,2618964.0,2678762.0,333560.700000002,29881,2833068.0,9497,246744.0,147471.0,152168.0,54185.0,996.0,601564.0
MQ,2015,2,26940,3887,61,22992,14367,8625,489767.0,591510.0,420925.0,2186463.0,2255305.0,303348.20000000217,26909,2554937.0,8625,227018.0,120657.0,149985.0,63333.0,754.0,561747.0
MQ,2015,3,28146,2031,53,26062,19084,6978,287162.0,447005.0,315812.0,2489984.0,2461334.0,345567.2999999977,27857,2651960.0,6978,160657.0,126134.0,94417.0,31403.0,1166.0,413777.0
MQ,2015,4,25695,858,109,24728,19779,4949,126885.0,329141.0,214437.0,2421109.0,2333557.0,371965.49999999616,25691,2512973.0,4949,101354.0,75888.0,84219.0,40783.0,884.0,303128.0
MQ,2015,5,25431,947,79,24405,19603,4802,133417.0,335361.0,230556.0,2378465.0,2281326.0,371205.9000000002,25274,2460565.0,4802,101788.0,87250.0,71991.0,48806.0,682.0,310517.0
MQ,2015,6,25407,1326,90,23991,17835,6156,231257.0,397369.0,311339.0,2340014.0,2259932.0,377978.3999999975,25366,2471627.0,6156,137468.0,103858.0,95512.0,33603.0,711.0,371152.0
MQ,2015,7,24750,634,69,24047,19463,4584,95714.0,302227.0,215855.0,2326487.0,2206346.0,368476.40000000113,24661,2384576.0,4584,108077.0,77624.0,70675.0,23098.0,265.0,279739.0
MQ,2015,8,23881,703,62,23116,19216,3900,43841.0,261765.0,188536.0,2205789.0,2061094.0,351713.5999999991,23842,2274943.0,3900,89839.0,83825.0,53809.0,14565.0,283.0,242321.0
MQ,2015,9,21202,368,35,20799,17956,2843,-45077.0,184365.0,94571.0,1974891.0,1835243.0,326257.8999999977,21144,2005527.0,2843,56825.0,56037.0,42648.0,13021.0,378.0,168909.0
MQ,2015,10,21982,273,48,21661,19373,2288,-80905.0,164066.0,72924.0,2054013.0,1900184.0,348024.9000000021,21973,2082022.0,2288,51792.0,57399.0,25849.0,13949.0,227.0,149216.0
MQ,2015,11,20305,905,69,19331,16625,2706,4254.0,217719.0,134928.0,1870723.0,1740049.0,347837.0999999995,20184,1947833.0,2706,65800.0,63249.0,47175.0,27079.0,68.0,203371.0
MQ,2015,12,20993,805,97,20091,16872,3219,13310.0,221994.0,137905.0,1925702.0,1801107.0,338065.9000000007,20830,1989667.0,3219,69711.0,55641.0,42326.0,38480.0,635.0,206793.0
MQ,2018,1,22502,861,60,21581,16807,4774,151550.0,302254.0,189002.0,2144657.0,2107205.0,333096.1000000008,22431,2228604.0,4774,107628.0,73148.0,65726.0,29598.0,237.0,276337.0
MQ,2018,2,20681,1269,78,19334,14608,4726,176330.0,309598.0,195220.0,1932247.0,1913357.0,310130.5000000009,20570,2046164.0,4726,116024.0,57242.0,79496.0,35513.0,170.0,288445.0
MQ,2018,3,23685,758,30,22897,19745,3152,-2488.0,183536.0,72472.0,2269320.0,2194360.0,377393.7999999985,23595,2343977.0,3152,62560.0,51492.0,36280.0,8694.0,266.0,159292.0
MQ,2018,4,24068,580,62,23426,19510,3916,55593.0,243160.0,110962.0,2299689.0,2244320.0,371240.79999999754,23972,2350603.0,3916,82900.0,54692.0,62448.0,17944.0,114.0,218098.0
MQ,2018,5,25364,939,87,24338,19608,4730,132650.0,339988.0,216961.0,2424340.0,2340029.0,404088.80000000016,25261,2508602.0,4730,126111.0,72107.0,87537.0,31385.0,422.0,317562.0
MQ,2018,6,25961,1228,99,24634,18284,6350,272169.0,440201.0,311650.0,2480326.0,2440845.0,398411.7000000003,25863,2597422.0,6350,173333.0,97611.0,112025.0,29466.0,160.0,412595.0
MQ,2018,7,26139,1070,68,25001,19419,5582,184736.0,366704.0,245173.0,2533765.0,2473328.0,407398.9000000015,26129,2650820.0,5582,144996.0,78039.0,91731.0,22761.0,450.0,337977.0
MQ,2018,8,26429,1200,88,25141,19630,5511,187139.0,378708.0,236205.0,2516427.0,2467361.0,412342.19999999827,26390,2642867.0,5511,134226.0,70303.0,116669.0,30184.0,249.0,351631.0
MQ,2018,9,24836,876,64,23896,19787,4109,75299.0,277622.0,131777.0,2323516.0,2267038.0,368686.10000000056,24768,2400532.0,4109,90642.0,54351.0,84804.0,24505.0,140.0,254442.0
MQ,2018,10,26147,523,76,25548,21069,4479,71957.0,278694.0,128803.0,2464810.0,2407964.0,394322.20000000455,26126,2518595.0,4479,98684.0,54699.0,74302.0,23818.0,262.0,251765.0
MQ,2018,11,24593,779,62,23752,19294,4458,100872.0,293740.0,155279.0,2317903.0,2263496.0,404779.09999999864,24453,2381021.0,4458,109921.0,57402.0,76387.0,23904.0,62.0,267676.0
MQ,2018,12,25596,572,75,24949,19627,5322,118323.0,315073.0,182371.0,2471760.0,2407712.0,419990.0999999988,25451,2517735.0,5322,117301.0,69900.0,73943.0,24870.0,215.0,286229.0
MQ,2019,1,25699,1939,50,23710,17866,5844,188476.0,369333.0,212790.0,2414017.0,2389703.0,435334.7999999977,25639,2597977.0,5844,134101.0,68296.0,111277.0,28628.0,192.0,342494.0
MQ,2019,2,23312,1417,82,21813,15509,6304,301669.0,450041.0,317019.0,2223273.0,2207923.0,386040.19999999856,23311,2361741.0,6304,184008.0,102736.0,103658.0,34169.0,203.0,424774.0
MQ,2019,3,26740,379,49,26312,22019,4293,66127.0,281766.0,142935.0,2641598.0,2564790.0,434110.5000000018,26739,2681677.0,4293,112315.0,72058.0,55121.0,13896.0,113.0,253503.0
MQ,2019,4,26176,1038,75,25063,20834,4229,94874.0,313214.0,175470.0,2469665.0,2389069.0,418363.7000000001,26154,2570344.0,4229,108949.0,72392.0,79049.0,29179.0,459.0,290028.0
MQ,2019,5,28795,1034,82,27679,21341,6338,270439.0,466759.0,314990.0,2761249.0,2716698.0,434641.1999999959,28580,2842823.0,6338,180885.0,90168.0,119128.0,46469.0,147.0,436797.0
MQ,2019,6,28456,1297,139,27020,19509,7511,386988.0,556166.0,411691.0,2747609.0,2722906.0,449796.9999999999,28374,2874096.0,7511,217933.0,123302.0,143507.0,39774.0,329.0,524845.0
MQ,2019,7,29565,1298,99,28168,21949,6219,262097.0,478047.0,340084.0,2866628.0,2788641.0,469687.69999999786,29535,3000178.0,6219,191725.0,106442.0,116250.0,35715.0,168.0,450300.0
MQ,2019,8,29931,1038,102,28791,22723,6068,192804.0,412424.0,268941.0,2913658.0,2837521.0,472784.70000000374,29841,3015992.0,6068,162566.0,83454.0,102407.0,34910.0,227.0,383564.0
MQ,2019,9,27249,776,46,26427,21854,4573,99256.0,316687.0,164975.0,2664178.0,2598459.0,410229.3000000005,27194,2737092.0,4573,114340.0,66002.0,89735.0,19573.0,234.0,289884.0
MQ,2019,10,28052,420,62,27570,22547,5023,121152.0,337636.0,170054.0,2783955.0,2735053.0,439330.3999999996,28033,2829067.0,5023,121742.0,72016.0,88029.0,25472.0,328.0,307587.0
MQ,2019,11,25932,415,45,25472,21559,3913,10152.0,237640.0,94152.0,2623219.0,2539219.0,457284.29999999574,25813,2652936.0,3913,80583.0,61006.0,53791.0,15126.0,333.0,210839.0
MQ,2019,12,27100,379,88,26633,21105,5528,171719.0,396069.0,267005.0,2788019.0,2692733.0,471993.7000000033,26828,2796180.0,5528,175206.0,79169.0,74871.0,39127.0,286.0,368659.0
MQ,2020,1,26200,834,82,25284,20305,4979,99948.0,329835.0,193305.0,2674223.0,2580866.0,491754.4000000021,26141,2755649.0,4979,131164.0,70800.0,67177.0,34304.0,291.0,303736.0
MQ,2020,2,24193,445,41,23707,19557,4150,42843.0,275914.0,134276.0,2517990.0,2426557.0,452096.39999999956,24114,2556651.0,4150,107411.0,63932.0,67338.0,14219.0,201.0,253101.0
MQ,2020,3,27041,3656,34,23351,20590,2761,-80121.0,169142.0,9143.0,2455507.0,2366243.0,457561.7000000022,26731,2780271.0,2761,52185.0,45633.0,40464.0,10339.0,148.0,148769.0
MQ,2020,4,14310,5563,8,8739,8399,340,-136028.0,19419.0,-56402.0,879767.0,800141.0,226966.59999999887,14233,1418728.0,340,3300.0,6904.0,4307.0,1623.0,32.0,16166.0
MQ,2020,5,9369,124,9,9236,8572,664,-85899.0,40817.0,-19447.0,990004.0,923552.0,151420.39999999962,9223,979558.0,664,12662.0,10025.0,9451.0,3426.0,86.0,35650.0
MQ,2020,6,11163,2,17,11144,10004,1140,-20500.0,73002.0,-1938.0,1174143.0,1155581.0,129842.89999999992,11155,1175209.0,1140,18403.0,18771.0,17630.0,6311.0,77.0,61192.0
MQ,2020,7,17852,68,30,17754,15506,2248,-2473.0,142948.0,11852.0,1773555.0,1759230.0,204562.49999999852,17806,1774470.0,2248,41735.0,32439.0,37576.0,12297.0,205.0,124252.0
MQ,2020,8,16483,95,29,16359,14775,1584,-36422.0,108604.0,-11650.0,1572176.0,1547404.0,184030.79999999847,16389,1571292.0,1584,21344.0,22105.0,27867.0,21374.0,151.0,92841.0
MQ,2020,9,15387,105,31,15251,13609,1642,-19744.0,106194.0,-4038.0,1500348.0,1484642.0,182716.600000001,15240,1496119.0,1642,19666.0,24321.0,32092.0,13012.0,129.0,89220.0
MQ,2020,10,16591,104,25,16462,13742,2720,46085.0,160295.0,37917.0,1667199.0,1675367.0,213216.50000000105,16497,1666459.0,2720,45909.0,25787.0,49564.0,17620.0,309.0,139189.0
MQ,2020,11,15865,24,18,15823,14069,1754,-44727.0,96311.0,-13899.0,1688177.0,1657349.0,257215.79999999993,15681,1664611.0,1754,15812.0,26518.0,27988.0,7079.0,316.0,77713.0
MQ,2020,12,16814,182,30,16602,14060,2542,4844.0,155268.0,49771.0,1818896.0,1773969.0,306048.59999999986,16727,1830746.0,2542,39219.0,32513.0,50354.0,14060.0,360.0,136506.0
MQ,2021,1,17665,331,44,17290,14656,2634,-15204.0,174706.0,62670.0,1969153.0,1891279.0,377111.3000000025,17623,1997270.0,2634,36315.0,29387.0,67011.0,25329.0,635.0,158677.0
MQ,2021,2,15648,2233,45,13370,10505,2865,63761.0,194703.0,101556.0,1542564.0,1504769.0,340697.4000000007,15603,1778581.0,2865,43898.0,28349.0,65700.0,43837.0,123.0,181907.0
MQ,2021,3,19760,231,42,19487,17267,2220,-64980.0,155655.0,49861.0,2219266.0,2104425.0,428325.2999999972,19707,2237974.0,2220,44546.0,33823.0,45512.0,15420.0,275.0,139576.0
MQ,2021,4,19605,127,58,19420,16881,2539,-45247.0,157314.0,52860.0,2147213.0,2049106.0,376858.9999999979,19552,2160859.0,2539,51708.0,29776.0,41482.0,17559.0,408.0,140933.0
MQ,2021,5,21513,472,78,20963,17726,3237,65218.0,256938.0,147882.0,2254912.0,2172248.0,373719.7999999993,21331,2279176.0,3237,84017.0,40669.0,67955.0,44350.0,678.0,237669.0
MQ,2021,6,23506,352,84,23070,18185,4885,184225.0,372327.0,298982.0,2430472.0,2315715.0,404255.9000000009,23426,2458471.0,4885,144035.0,76137.0,78351.0,50044.0,696.0,349263.0
MQ,2021,7,24276,217,63,23996,19214,4782,148745.0,347948.0,272299.0,2535161.0,2411607.0,414450.9000000016,24187,2546391.0,4782,145376.0,94073.0,58824.0,25602.0,291.0,324166.0
MQ,2021,8,24055,875,97,23083,18688,4395,139269.0,327776.0,225366.0,2406828.0,2320731.0,393080.5000000014,23978,2487218.0,4395,106135.0,69276.0,76362.0,51880.0,551.0,304204.0
MQ,2021,9,21735,141,37,21557,19268,2289,-54262.0,147829.0,42552.0,2231164.0,2134350.0,329483.59999999945,21540,2217501.0,2289,41661.0,40897.0,33946.0,12338.0,130.0,128972.0
MQ,2021,10,22776,478,36,22262,19166,3096,14928.0,203526.0,106705.0,2312412.0,2220635.0,360748.8999999983,22691,2349843.0,3096,59105.0,50764.0,52253.0,18302.0,212.0,180636.0
MQ,2021,11,22326,58,28,22240,19771,2469,-80743.0,147769.0,70754.0,2390117.0,2238620.0,410677.4999999991,22018,2349233.0,2469,46842.0,50285.0,21748.0,6874.0,692.0,126441.0
MQ,2021,12,22845,185,54,22606,19172,3434,-4469.0,212095.0,139768.0,2478746.0,2334509.0,417619.2000000032,22471,2448115.0,3434,73138.0,59410.0,34403.0,22890.0,376.0,190217.0
MQ,2022,1,22205,669,39,21497,18249,3248,-28515.0,203125.0,108265.0,2364478.0,2227698.0,439094.30000000086,22120,2431448.0,3248,61576.0,58011.0,46362.0,19109.0,363.0,185421.0
MQ,2022,2,20764,2065,25,18674,15433,3241,34949.0,218896.0,148433.0,2062958.0,1949474.0,396425.0000000013,20704,2266368.0,3241,68823.0,58740.0,43539.0,29982.0,832.0,201916.0
MQ,2022,3,22536,358,60,22118,18776,3342,10380.0,213647.0,127959.0,2409717.0,2292138.0,405304.9999999962,22408,2434642.0,3342,67549.0,57950.0,44908.0,22105.0,563.0,193075.0
MQ,2022,4,21790,364,62,21364,17575,3789,85304.0,244448.0,150376.0,2305306.0,2240234.0,350792.7999999977,21525,2312317.0,3789,79595.0,63193.0,52066.0,24980.0,450.0,220284.0
MQ,2022,5,21351,222,63,21066,17403,3663,66337.0,232379.0,148513.0,2245927.0,2163751.0,349171.79999999556,21033,2226868.0,3663,72560.0,62615.0,48463.0,24701.0,337.0,208676.0
MQ,2022,6,20284,143,64,20077,16628,3449,74292.0,220653.0,135513.0,2099909.0,2038688.0,295331.89999999665,20168,2105438.0,3449,70780.0,55299.0,45254.0,26883.0,197.0,198413.0
MQ,2022,7,21855,130,58,21667,17814,3853,97336.0,260911.0,169797.0,2286170.0,2213709.0,319468.49999999895,21767,2291115.0,3853,102877.0,56823.0,52719.0,24000.0,375.0,236794.0
MQ,2022,8,21866,542,67,21257,17218,4039,131274.0,296132.0,201670.0,2221597.0,2151201.0,327891.4999999966,21655,2252504.0,4039,98455.0,64939.0,66407.0,44893.0,463.0,275157.0
MQ,2022,9,19919,216,23,19680,17054,2626,7565.0,172157.0,74221.0,2029371.0,1962715.0,278726.50000000116,19731,2027125.0,2626,62303.0,43029.0,33781.0,14496.0,135.0,153744.0
MQ,2022,10,19256,66,31,19159,16777,2382,1285.0,161175.0,70389.0,2009406.0,1940302.0,287311.10000000003,19129,1999497.0,2382,53968.0,40477.0,31527.0,16747.0,348.0,143067.0
MQ,2022,11,17425,302,39,17084,13726,3358,93294.0,219768.0,134724.0,1818028.0,1776598.0,279059.1999999995,17141,1810067.0,3358,77089.0,54487.0,46905.0,21445.0,288.0,200214.0
MQ,2022,12,18808,473,39,18296,13395,4901,242444.0,355072.0,265484.0,1995652.0,1972612.0,293826.50000000425,18263,1975917.0,4901,139577.0,71859.0,63555.0,56689.0,386.0,332066.0
MQ,2023,1,18849,482,42,18325,14051,4274,134192.0,265903.0,157986.0,2014787.0,1990993.0,300972.2000000004,18081,1968327.0,4274,87216.0,52089.0,80352.0,25059.0,318.0,245034.0
MQ,2023,2,17228,415,43,16770,14023,2747,36525.0,176557.0,95559.0,1852756.0,1793722.0,270238.40000000474,16521,1803370.0,2747,60523.0,48525.0,34344.0,14822.0,421.0,158635.0
MQ,2023,3,19380,277,62,19041,14757,4284,149816.0,278189.0,180195.0,2086944.0,2056565.0,310189.4000000014,18664,2018822.0,4284,108023.0,61299.0,58069.0,26411.0,533.0,254335.0
MQ,2023,4,18137,348,56,17733,14321,3412,110129.0,245036.0,154311.0,1950132.0,1905950.0,278679.29999999906,17202,1862992.0,3412,90604.0,48374.0,54784.0,31658.0,463.0,225883.0
MQ,2023,5,17641,48,31,17562,14926,2636,13163.0,167493.0,93404.0,1954721.0,1874480.0,284151.1000000001,16766,1826390.0,2636,55324.0,43071.0,34640.0,16939.0,552.0,150526.0
MQ,2023,6,17176,98,51,17027,13152,3875,141337.0,256091.0,169983.0,1854004.0,1825358.0,259246.79999999964,16499,1776171.0,3875,94703.0,51959.0,64058.0,26766.0,192.0,237678.0
MQ,2023,7,19526,141,37,19348,15246,4102,137404.0,276887.0,194654.0,2096613.0,2039363.0,290471.30000000383,18901,2026582.0,4102,115093.0,59234.0,57165.0,25060.0,298.0,256850.0
MQ,2023,8,20359,137,43,20179,16990,3189,36809.0,214517.0,133365.0,2206165.0,2109609.0,326967.40000000043,19629,2120158.0,3189,86788.0,52198.0,38986.0,17493.0,610.0,196075.0
MQ,2023,9,18789,69,55,18665,15432,3233,45880.0,201393.0,118981.0,2114025.0,2040924.0,329213.0000000064,18181,2042392.0,3233,75726.0,43540.0,47160.0,15374.0,319.0,182119.0
MQ,2023,10,20254,191,28,20035,16717,3318,33137.0,200061.0,109328.0,2261984.0,2185793.0,361556.50000000483,19636,2201254.0,3318,70973.0,48248.0,43381.0,14388.0,429.0,177419.0
MQ,2023,11,19729,43,13,19673,16854,2819,-1669.0,176178.0,95172.0,2244333.0,2147492.0,359454.4000000036,18709,2093905.0,2819,69920.0,48214.0,29181.0,8010.0,327.0,155652.0
MQ,2023,12,20420,42,41,20337,17433,2904,-22952.0,171910.0,92292.0,2346805.0,2231561.0,375273.9999999982,19356,2193462.0,2904,64476.0,39476.0,30335.0,16425.0,578.0,151290.0
MQ,2024,1,20750,932,78,19740,14267,5473,263536.0,399158.0,298448.0,2237005.0,2202093.0,362426.2999999984,19780,2198272.0,5473,165724.0,66134.0,80973.0,62610.0,662.0,376103.0
MQ,2024,2,20117,41,31,20045,17581,2464,-39522.0,155267.0,61158.0,2210959.0,2110279.0,346466.0,19371,2105527.0,2464,50033.0,37429.0,31350.0,15398.0,411.0,134621.0
MQ,2024,3,22725,292,47,22386,18012,4374,101083.0,288548.0,186860.0,2462755.0,2376978.0,410658.09999999794,21961,2376678.0,4374,116429.0,60039.0,58925.0,29559.0,592.0,265544.0
MQ,2024,4,23148,350,46,22752,18375,4377,124798.0,302324.0,192704.0,2467350.0,2399444.0,388492.2000000015,22406,2401792.0,4377,117250.0,59037.0,60852.0,40899.0,398.0,278436.0
MQ,2024,5,24488,790,124,23574,15744,7830,504661.0,634477.0,510473.0,2568502.0,2562690.0,380217.99999999505,23702,2541770.0,7830,275658.0,114447.0,129213.0,86793.0,785.0,606896.0
MQ,2024,6,25111,407,59,24645,17672,6973,325086.0,491375.0,407037.0,2651052.0,2569101.0,399694.599999999,23932,2536631.0,6973,237899.0,109228.0,79027.0,37507.0,628.0,464289.0
MQ,2024,7,26111,280,62,25769,18314,7455,347112.0,507101.0,408299.0,2770410.0,2709223.0,395305.8999999918,24679,2599737.0,7455,239985.0,118135.0,86072.0,31980.0,668.0,476840.0
MQ,2024,8,25925,191,55,25679,20565,5114,129393.0,331259.0,215768.0,2757221.0,2670846.0,404021.99999999517,24680,2610259.0,5114,139998.0,79951.0,66394.0,19122.0,359.0,305824.0
MQ,2024,9,23598,140,20,23438,19852,3586,2446.0,209745.0,97275.0,2575082.0,2480253.0,398974.20000000036,22364,2407056.0,3586,78783.0,51711.0,46035.0,8522.0,279.0,185330.0
MQ,2024,10,23564,64,12,23488,20982,2506,-106499.0,148569.0,55080.0,2592839.0,2431260.0,424127.79999999865,22460,2441268.0,2506,51085.0,45008.0,27262.0,6693.0,308.0,130356.0
MQ,2024,11,21834,198,40,21596,18772,2824,-22259.0,190131.0,89298.0,2433836.0,2322279.0,391542.90000000264,20684,2283634.0,2824,64673.0,41866.0,43981.0,19799.0,212.0,170531.0
MQ,2024,12,22584,300,79,22205,17749,4456,148084.0,338606.0,251837.0,2558245.0,2454492.0,408930.89999999735,21391,2422670.0,4456,137936.0,67542.0,59415.0,51037.0,512.0,316442.0
MQ,2025,1,21890,1030,29,20831,16992,3839,100254.0,298231.0,185737.0,2410635.0,2325152.0,412076.9000000004,20705,2356804.0,3839,101293.0,72749.0,63825.0,41204.0,412.0,279483.0
MQ,2025,2,19995,346,40,19609,15859,3750,68075.0,252132.0,144241.0,2258940.0,2182774.0,353009.3000000024,18825,2132877.0,3750,91996.0,59412.0,57473.0,24469.0,296.0,233646.0
MQ,2025,3,24032,662,76,23294,18558,4736,132300.0,317620.0,195940.0,2657292.0,2593652.0,406345.59999999934,22711,2547788.0,4736,123831.0,70703.0,66927.0,30163.0,555.0,292179.0
MQ,2025,4,24343,601,60,23682,18584,5098,164158.0,344375.0,211427.0,2543885.0,2496616.0,398750.9999999972,23063,2438620.0,5098,133060.0,67498.0,79281.0,39238.0,234.0,319311.0
MQ,2025,5,25534,595,65,24874,19561,5313,190149.0,371620.0,244132.0,2672436.0,2618453.0,420877.7999999973,24104,2540114.0,5313,139315.0,69013.0,83742.0,51272.0,375.0,343717.0
MQ,2025,6,26837,459,85,26293,19200,7093,302630.0,467332.0,338333.0,2785021.0,2749318.0,436642.299999998,25334,2634606.0,7093,201330.0,92634.0,95747.0,45227.0,470.0,435408.0
MQ,2025,7,27489,637,100,26752,19699,7053,283930.0,468786.0,349331.0,2857429.0,2792028.0,465326.1999999984,25841,2715394.0,7053,207097.0,86559.0,95882.0,49833.0,403.0,439774.0
MQ,2025,8,26564,398,100,26066,20545,5521,182856.0,378708.0,246066.0,2750963.0,2687753.0,427929.7999999988,24552,2536458.0,5521,166598.0,54208.0,77484.0,51615.0,506.0,350411.0
MQ,2025,9,25170,192,64,24914,20948,3966,39645.0,267916.0,142107.0,2679361.0,2576899.0,426630.99999999854,23336,2450187.0,3966,108637.0,46113.0,62816.0,28361.0,31.0,245958.0
MQ,2025,10,27348,136,43,27169,22165,5004,93303.0,309738.0,175166.0,2910550.0,2828687.0,478508.9000000046,25391,2666540.0,5004,131578.0,52610.0,73920.0,21519.0,432.0,280059.0
MQ,2025,11,24683,1213,50,23420,19241,4179,63133.0,305648.0,171918.0,2630932.0,2522147.0,491277.40000000224,22646,2482288.0,4179,114259.0,48474.0,86786.0,36673.0,342.0,286534.0
MQ,2025,12,25437,444,62,24931,19083,5848,199415.0,405184.0,289894.0,2851750.0,2761271.0,502497.4999999997,23508,2644222.0,5848,179874.0,70151.0,89234.0,39619.0,375.0,379253.0
MQ,2026,1,24155,1180,49,22926,18295,4631,114283.0,341875.0,234250.0,2653253.0,2533286.0,505977.099999999,22489,2544301.0,4631,136573.0,61616.0,70913.0,52589.0,277.0,321968.0
MQ,2026,2,22728,179,36,22513,18767,3746,-513.0,242551.0,140065.0,2587429.0,2446851.0,469128.20000000036,21019,2359118.0,3746,99489.0,55815.0,51828.0,16308.0,255.0,223695.0
MQ,2026,3,26721,815,114,25792,20660,5132,140316.0,407100.0,285201.0,2973919.0,2829034.0,570228.9000000011,24888,2808003.0,5132,163738.0,73321.0,95824.0,52755.0,571.0,386209.0
MQ,2026,4,27127,557,68,26502,21546,4956,88802.0,374754.0,253846.0,3040392.0,2875348.0,606031.1000000024,25393,2867820.0,4956,164709.0,64024.0,81796.0,43627.0,276.0,354432.0
MQ,2026,5,28806,516,78,28212,23452,4760,50325.0,366570.0,251546.0,3208707.0,3007486.0,627136.8999999962,26689,2982484.0,4760,148916.0,69776.0,69537.0,55518.0,219.0,343966.0
MQ,2026,6,29207,993,114,28100,22126,5974,195341.0,485754.0,389326.0,3145308.0,2951323.0,605274.3000000016,26624,2916154.0,5974,204063.0,96637.0,91752.0,70207.0,824.0,463483.0
MQ,2026,7,29780,441,69,29270,23773,5497,127146.0,447885.0,338231.0,3269832.0,3058747.0,608769.9000000014,27221,2985935.0,5497,180784.0,104823.0,85793.0,53512.0,488.0,425400.0
NK,2015,1,8743,98,13,8632,6286,2346,98388.0,151665.0,112847.0,1389349.0,1374890.0,137298.3000000001,8743,1406374.0,2346,24678.0,20312.0,93908.0,607.0,384.0,139889.0
NK,2015,2,8089,266,10,7813,5247,2566,128715.0,172220.0,131336.0,1250983.0,1248362.0,124861.99999999991,8041,1290225.0,2566,53801.0,38397.0,63097.0,6142.0,179.0,161616.0
NK,2015,3,9400,139,7,9254,6949,2305,92902.0,154705.0,116501.0,1476526.0,1452927.0,144498.99999999936,9387,1497808.0,2305,48688.0,35912.0,55158.0,3324.0,277.0,143359.0
NK,2015,4,9496,64,17,9415,7094,2321,82534.0,138812.0,92958.0,1483919.0,1473495.0,137746.19999999966,9451,1491575.0,2321,38999.0,23243.0,59217.0,3972.0,189.0,125620.0
NK,2015,5,10051,225,26,9800,6152,3648,219494.0,265392.0,230544.0,1529688.0,1518638.0,138238.30000000016,9980,1562813.0,3648,101022.0,57746.0,84560.0,8891.0,751.0,252970.0
NK,2015,6,9826,479,22,9325,4906,4419,331611.0,365551.0,336218.0,1450665.0,1446058.0,134316.60000000024,9786,1518833.0,4419,142110.0,90331.0,115557.0,6295.0,565.0,354858.0
NK,2015,7,10351,131,18,10202,7109,3093,146423.0,200445.0,166819.0,1585468.0,1565072.0,136703.39999999976,10348,1606982.0,3093,69394.0,42177.0,71278.0,3332.0,931.0,187112.0
NK,2015,8,10432,186,19,10227,6640,3587,209848.0,257983.0,226859.0,1589132.0,1572121.0,134951.49999999988,10430,1620574.0,3587,71208.0,46464.0,123755.0,3097.0,285.0,244809.0
NK,2015,9,9948,68,12,9868,7633,2235,78945.0,141483.0,95338.0,1548738.0,1532345.0,135139.19999999987,9846,1549804.0,2235,42569.0,34487.0,49594.0,1811.0,181.0,128642.0
NK,2015,10,10208,61,13,10134,7967,2167,69020.0,131339.0,83730.0,1597841.0,1583131.0,140324.10000000012,10200,1607800.0,2167,9572.0,5602.0,102491.0,194.0,231.0,118090.0
NK,2015,11,10164,105,9,10050,7653,2397,75816.0,140373.0,86583.0,1600029.0,1589262.0,148599.0999999995,10065,1602228.0,2397,32781.0,29780.0,60826.0,3143.0,396.0,126926.0
NK,2015,12,10671,182,16,10473,7336,3137,133354.0,193049.0,149889.0,1688353.0,1671818.0,156641.5000000004,10670,1719647.0,3137,66396.0,46664.0,61982.0,3280.0,778.0,179100.0
NK,2016,1,11047,308,10,10729,7519,3210,140848.0,199931.0,155818.0,1721779.0,1706809.0,165464.59999999998,11046,1773033.0,3210,67400.0,51735.0,61554.0,3381.0,592.0,184662.0
NK,2016,2,10354,404,12,9938,6540,3398,192308.0,244927.0,209503.0,1586866.0,1569671.0,153370.30000000092,10300,1647376.0,3398,58490.0,40157.0,131174.0,2246.0,239.0,232306.0
NK,2016,3,11246,174,20,11052,7262,3790,189917.0,241968.0,210130.0,1764476.0,1744263.0,167935.9999999993,11244,1793050.0,3790,3909.0,3269.0,218832.0,188.0,36.0,226234.0
NK,2016,4,11281,193,22,11066,8326,2740,101194.0,170286.0,131395.0,1741798.0,1711596.0,164903.8000000003,11279,1774804.0,2740,52825.0,35025.0,64847.0,2872.0,442.0,156011.0
NK,2016,5,11992,164,14,11814,9164,2650,82005.0,164359.0,121879.0,1855341.0,1815467.0,184408.80000000005,11992,1882115.0,2650,48707.0,31926.0,64342.0,5500.0,434.0,150909.0
NK,2016,6,11605,270,21,11314,8470,2844,98298.0,176319.0,132199.0,1768558.0,1734657.0,175387.7999999989,11605,1814246.0,2844,56496.0,38051.0,64509.0,3835.0,701.0,163592.0
NK,2016,7,11995,251,34,11710,8729,2981,134474.0,217286.0,174033.0,1832425.0,1792866.0,181821.99999999854,11994,1875497.0,2981,26378.0,13263.0,163869.0,1393.0,78.0,204981.0
NK,2016,8,11992,197,15,11780,8604,3176,166594.0,248317.0,207977.0,1844704.0,1803321.0,184767.49999999913,11990,1877907.0,3176,41671.0,22190.0,167557.0,4448.0,581.0,236447.0
NK,2016,9,11151,49,13,11089,9492,1597,7778.0,112449.0,53593.0,1752425.0,1706610.0,181799.60000000024,11071,1752478.0,1597,4179.0,3054.0,96021.0,239.0,8.0,103501.0
NK,2016,10,11503,295,16,11192,9612,1580,15088.0,118756.0,63342.0,1777835.0,1729581.0,188770.79999999958,11484,1819648.0,1580,21171.0,17412.0,69823.0,524.0,162.0,109092.0
NK,2016,11,11607,38,7,11562,10033,1529,-7672.0,105223.0,41831.0,1848774.0,1799271.0,188823.09999999966,11502,1839359.0,1529,28600.0,21105.0,43120.0,1754.0,156.0,94735.0
NK,2016,12,12426,286,15,12125,8961,3164,141937.0,224964.0,166198.0,1960255.0,1935994.0,197523.1000000006,12425,2009197.0,3164,66599.0,51770.0,88662.0,3618.0,250.0,210899.0
NK,2017,1,12570,441,19,12110,9153,2957,108913.0,207384.0,141474.0,1970274.0,1937713.0,208504.60000000114,12566,2042854.0,2957,35892.0,26852.0,129635.0,2166.0,104.0,194649.0
NK,2017,2,11443,199,16,11228,9335,1893,27869.0,131264.0,69931.0,1816303.0,1774241.0,188788.20000000132,11385,1844468.0,1893,32924.0,28591.0,56942.0,1616.0,167.0,120240.0
NK,2017,3,12882,321,19,12542,9665,2877,118529.0,216500.0,157974.0,2032286.0,1992841.0,222432.09999999937,12878,2086208.0,2877,63441.0,50083.0,87269.0,3494.0,158.0,204445.0
NK,2017,4,12544,229,17,12298,9663,2635,97160.0,206697.0,149001.0,1989240.0,1937399.0,220010.49999999942,12532,2028319.0,2635,61295.0,50024.0,81278.0,2513.0,341.0,195451.0
NK,2017,5,13405,840,12,12553,9246,3307,143647.0,241143.0,186402.0,1996837.0,1954082.0,218329.99999999913,13295,2123595.0,3307,65892.0,54842.0,104179.0,4124.0,529.0,229566.0
NK,2017,6,13486,549,25,12912,9211,3701,192280.0,285275.0,232043.0,2090481.0,2050660.0,216889.7999999992,13418,2178483.0,3701,90104.0,52594.0,119751.0,9251.0,1290.0,272990.0
NK,2017,7,14212,416,32,13764,10446,3318,134431.0,248657.0,189745.0,2240477.0,2185163.0,229159.29999999976,14194,2313237.0,3318,38206.0,23125.0,169541.0,5241.0,330.0,236443.0
NK,2017,8,14253,486,27,13740,10956,2784,73210.0,192260.0,126292.0,2232882.0,2179800.0,225794.90000000037,14233,2318910.0,2784,40231.0,27447.0,105983.0,5830.0,325.0,179816.0
NK,2017,9,12919,1350,9,11560,9696,1864,-4169.0,137579.0,86059.0,1911379.0,1821151.0,243562.59999999913,12839,2113899.0,1864,40466.0,39892.0,46187.0,3715.0,286.0,130546.0
NK,2017,10,13080,81,9,12990,11399,1591,-36081.0,123136.0,59835.0,2147020.0,2051104.0,254711.8999999986,13034,2154617.0,1591,38438.0,27016.0,45063.0,3109.0,915.0,114541.0
NK,2017,11,12806,50,10,12746,11494,1252,-67481.0,87803.0,22946.0,2130701.0,2040274.0,248489.49999999919,12761,2134396.0,1252,24455.0,22022.0,31856.0,358.0,896.0,79587.0
NK,2017,12,13218,179,14,13025,10622,2403,57268.0,176291.0,110605.0,2199847.0,2146510.0,242469.10000000102,13218,2230464.0,2403,46045.0,40762.0,71130.0,5094.0,453.0,163484.0
NK,2018,1,14180,369,12,13799,11757,2042,-6723.0,146467.0,77080.0,2347263.0,2263460.0,288229.9000000015,14180,2413416.0,2042,35425.0,35756.0,61505.0,2447.0,350.0,135483.0
NK,2018,2,12971,177,18,12776,10627,2149,60373.0,187627.0,128022.0,2169582.0,2101933.0,267186.79999999935,12945,2201422.0,2149,54761.0,38193.0,78171.0,5287.0,250.0,176662.0
NK,2018,3,14841,257,20,14564,12625,1939,-6057.0,145270.0,79236.0,2454841.0,2369548.0,306208.4000000019,14828,2500027.0,1939,38496.0,32262.0,58593.0,3657.0,167.0,133175.0
NK,2018,4,14548,100,30,14418,11905,2513,77987.0,210706.0,138275.0,2434600.0,2374312.0,272250.9000000001,14492,2447683.0,2513,11065.0,6240.0,180069.0,232.0,58.0,197664.0
NK,2018,5,14889,83,27,14779,11951,2828,115456.0,238580.0,173226.0,2500252.0,2442485.0,261425.09999999887,14823,2507390.0,2828,67642.0,37487.0,108324.0,11182.0,480.0,225115.0
NK,2018,6,15433,83,41,15309,11849,3460,153198.0,265726.0,200944.0,2562920.0,2515245.0,263304.4000000005,15394,2578831.0,3460,40186.0,21839.0,180191.0,7893.0,269.0,250378.0
NK,2018,7,16093,156,43,15894,11841,4053,221425.0,332852.0,267691.0,2642697.0,2596431.0,263902.6999999994,16085,2676046.0,4053,92565.0,54469.0,152653.0,16939.0,209.0,316835.0
NK,2018,8,16095,210,37,15848,11790,4058,240955.0,350625.0,286794.0,2628580.0,2582741.0,256281.59999999983,16085,2667997.0,4058,109879.0,63047.0,148826.0,12322.0,981.0,335055.0
NK,2018,9,13917,142,24,13751,11714,2037,21877.0,167315.0,108413.0,2262598.0,2176062.0,262353.6999999995,13851,2267600.0,2037,44044.0,33010.0,75568.0,4629.0,312.0,157563.0
NK,2018,10,13780,32,23,13725,12258,1467,-40085.0,103339.0,42628.0,2252959.0,2170246.0,268559.39999999834,13770,2261071.0,1467,20695.0,18726.0,51721.0,1644.0,355.0,93141.0
NK,2018,11,14418,76,16,14326,11836,2490,51458.0,176333.0,111829.0,2371490.0,2311119.0,287859.0999999994,14380,2381641.0,2490,38988.0,35480.0,83209.0,2194.0,1813.0,161684.0
NK,2018,12,15013,52,21,14940,12691,2249,10636.0,155008.0,99171.0,2520846.0,2432311.0,309820.20000000054,15002,2530893.0,2249,35859.0,35778.0,65251.0,3176.0,246.0,140310.0
NK,2019,1,15222,199,14,15009,12626,2383,40858.0,189802.0,117453.0,2525178.0,2448583.0,312802.10000000015,15212,2560651.0,2383,43570.0,34139.0,86446.0,11075.0,371.0,175601.0
NK,2019,2,13654,207,11,13436,10612,2824,101407.0,218621.0,168433.0,2259742.0,2192716.0,287430.40000000125,13615,2290462.0,2824,58987.0,40989.0,95310.0,10221.0,349.0,205856.0
NK,2019,3,17154,120,14,17020,14821,2199,-14774.0,157334.0,101837.0,2855213.0,2738602.0,367051.2000000005,17116,2874250.0,2199,41181.0,40947.0,57765.0,2546.0,424.0,142863.0
NK,2019,4,16774,458,32,16284,13446,2838,61243.0,225052.0,176446.0,2726932.0,2611729.0,357906.99999999814,16748,2807091.0,2838,63863.0,51076.0,90078.0,7517.0,396.0,212930.0
NK,2019,5,18055,241,52,17762,13728,4034,154636.0,300692.0,251629.0,2900282.0,2803289.0,342187.79999999894,17946,2935623.0,4034,91770.0,61329.0,122454.0,8280.0,486.0,284319.0
NK,2019,6,17874,321,60,17493,12797,4696,214797.0,341007.0,282795.0,2831734.0,2763736.0,334060.50000000227,17803,2885327.0,4696,106113.0,52707.0,151463.0,12905.0,596.0,323784.0
NK,2019,7,18845,417,61,18367,13959,4408,191944.0,336005.0,289162.0,2945510.0,2848292.0,345283.80000000045,18778,3014858.0,4408,102965.0,56235.0,141629.0,17971.0,551.0,319351.0
NK,2019,8,18860,564,32,18264,13363,4901,261062.0,383629.0,333178.0,2913094.0,2840978.0,327685.7000000005,18802,3001042.0,4901,112721.0,80837.0,159581.0,10953.0,1045.0,365137.0
NK,2019,9,16759,763,23,15973,14039,1934,-35016.0,146931.0,93655.0,2573909.0,2445238.0,342615.2999999992,16706,2686374.0,1934,36741.0,38205.0,55470.0,5315.0,247.0,135978.0
NK,2019,10,16911,114,22,16775,14296,2479,2548.0,165151.0,111224.0,2689919.0,2581243.0,340377.79999999946,16865,2705780.0,2479,38018.0,37484.0,72238.0,3523.0,153.0,151416.0
NK,2019,11,17438,88,18,17332,15160,2172,-16446.0,146405.0,85139.0,2802794.0,2701209.0,343177.0999999995,17331,2806663.0,2172,39942.0,38109.0,50681.0,1859.0,201.0,130792.0
NK,2019,12,17299,98,25,17176,14052,3124,62985.0,223542.0,177938.0,2884819.0,2769866.0,364297.10000000155,17268,2899818.0,3124,58372.0,49635.0,88978.0,9233.0,943.0,207161.0
NK,2020,1,17477,119,25,17333,14999,2334,-27225.0,165795.0,107367.0,2943968.0,2809376.0,390045.6999999976,17471,2968568.0,2334,42720.0,41033.0,63160.0,4139.0,676.0,151728.0
NK,2020,2,17364,59,26,17279,14375,2904,40920.0,211521.0,160771.0,2909838.0,2789987.0,376656.4000000002,17233,2908773.0,2904,58293.0,48896.0,83170.0,3721.0,1067.0,195147.0
NK,2020,3,19729,1458,20,18251,16098,2153,-58315.0,163668.0,98874.0,3045473.0,2888284.0,426860.7000000003,19619,3283355.0,2153,42754.0,47002.0,57887.0,1952.0,323.0,149918.0
NK,2020,4,5543,1099,4,4440,4133,307,-56259.0,22225.0,-3220.0,756054.0,703015.0,116371.5000000002,5496,927175.0,307,4576.0,14393.0,1373.0,353.0,39.0,20734.0
NK,2020,5,1410,0,2,1408,1365,43,-18752.0,2523.0,-4968.0,214550.0,200766.0,23316.499999999975,1301,207104.0,43,334.0,1170.0,379.0,142.0,0.0,2025.0
NK,2020,6,4395,0,13,4382,4150,232,-43802.0,17186.0,94.0,696799.0,652903.0,78939.39999999978,4322,688240.0,232,2540.0,9620.0,2149.0,1261.0,0.0,15570.0
NK,2020,7,15993,8,46,15939,14415,1524,-79195.0,105508.0,40642.0,2604995.0,2485158.0,276022.1999999999,15953,2609940.0,1524,28109.0,36066.0,15918.0,13017.0,1818.0,94928.0
NK,2020,8,11578,63,35,11480,10565,915,-74903.0,63677.0,19393.0,1957614.0,1863295.0,203478.59999999937,11550,1966756.0,915,11945.0,18022.0,19220.0,7347.0,201.0,56735.0
NK,2020,9,7460,0,20,7440,6881,559,-48308.0,33871.0,4317.0,1287946.0,1235321.0,123734.90000000002,7358,1276970.0,559,6348.0,10535.0,10020.0,1395.0,364.0,28662.0
NK,2020,10,9117,2,14,9101,8246,855,-28543.0,53695.0,15916.0,1534524.0,1490065.0,139109.0000000002,9097,1534901.0,855,11465.0,11168.0,19694.0,2208.0,810.0,45345.0
NK,2020,11,12291,20,19,12252,11088,1164,-37332.0,68499.0,12483.0,2032628.0,1982813.0,179656.7999999999,12163,2020456.0,1164,15684.0,15099.0,22616.0,1462.0,684.0,55545.0
NK,2020,12,12745,136,21,12588,10692,1896,15852.0,115122.0,54173.0,2068569.0,2030248.0,178247.10000000024,12585,2072442.0,1896,23864.0,23750.0,47981.0,3652.0,824.0,100071.0
NK,2021,1,11202,99,14,11089,9950,1139,-47304.0,72727.0,13719.0,1845428.0,1784405.0,181448.4,11093,1845788.0,1139,11214.0,12542.0,37338.0,1644.0,859.0,63597.0
NK,2021,2,10105,349,17,9739,8286,1453,5552.0,90509.0,34902.0,1603750.0,1574400.0,147064.80000000072,9973,1645942.0,1453,15702.0,18292.0,39771.0,6233.0,370.0,80368.0
NK,2021,3,14687,56,20,14611,12462,2149,24767.0,127380.0,62967.0,2369492.0,2331292.0,200729.8000000001,14595,2368022.0,2149,24908.0,30020.0,47546.0,4648.0,1111.0,108233.0
NK,2021,4,14487,232,34,14221,11019,3202,161321.0,254463.0,195150.0,2304973.0,2271144.0,205904.99999999945,14292,2320980.0,3202,79156.0,53314.0,77631.0,13451.0,12472.0,236024.0
NK,2021,5,17032,20,44,16968,14370,2598,43939.0,179371.0,123879.0,2748682.0,2668742.0,262628.40000000055,16696,2714681.0,2598,54781.0,38769.0,53361.0,11879.0,2409.0,161199.0
NK,2021,6,16608,105,68,16435,12307,4128,174740.0,293535.0,241936.0,2692368.0,2625172.0,294670.6000000006,16252,2668994.0,4128,90025.0,59301.0,103129.0,20350.0,2520.0,275325.0
NK,2021,7,18993,333,83,18577,12205,6372,386462.0,497368.0,465580.0,3034952.0,2955834.0,351790.4999999992,18618,3043796.0,6372,170652.0,129784.0,141549.0,28096.0,5027.0,475108.0
NK,2021,8,19096,2923,47,16126,11670,4456,218284.0,336348.0,299565.0,2637254.0,2555965.0,354982.59999999974,18701,3059767.0,4456,92542.0,100129.0,103163.0,20146.0,4115.0,320095.0
NK,2021,9,16867,316,24,16527,13714,2813,28876.0,184923.0,132688.0,2774623.0,2670811.0,333373.1999999979,16453,2762898.0,2813,44066.0,56154.0,57916.0,8007.0,3473.0,169616.0
NK,2021,10,16858,249,19,16590,13872,2718,33143.0,187841.0,142085.0,2791712.0,2682770.0,335469.4999999992,16562,2790936.0,2718,46282.0,57618.0,58800.0,7877.0,1458.0,172035.0
NK,2021,11,17441,108,17,17316,14305,3011,55123.0,196580.0,149937.0,2904913.0,2810099.0,330509.29999999795,16854,2828636.0,3011,56400.0,61316.0,54337.0,3216.0,2376.0,177645.0
NK,2021,12,17985,871,27,17087,12686,4401,146545.0,282917.0,249469.0,2912012.0,2809088.0,360670.6999999983,17776,3035363.0,4401,80929.0,92695.0,83376.0,4608.0,2547.0,264155.0
NK,2022,1,17554,601,20,16933,13004,3929,144272.0,271364.0,198592.0,2861105.0,2806785.0,319889.1000000016,17427,2949012.0,3929,77322.0,80329.0,85852.0,8140.0,2385.0,254028.0
NK,2022,2,16729,559,37,16133,11916,4217,188930.0,297604.0,234300.0,2699505.0,2654135.0,282289.60000000324,16421,2753738.0,4217,82980.0,95211.0,94051.0,5544.0,1606.0,279392.0
NK,2022,3,19236,410,33,18793,13178,5615,297829.0,400218.0,317586.0,3133186.0,3113429.0,307905.29999999946,18675,3116135.0,5615,108255.0,93444.0,156933.0,12896.0,3494.0,375022.0
NK,2022,4,18653,1920,41,16692,10907,5785,362423.0,446719.0,379907.0,2761270.0,2743786.0,293494.59999999945,18130,3006967.0,5785,125718.0,130685.0,147201.0,19570.0,2505.0,425679.0
NK,2022,5,19089,413,41,18635,13139,5496,254016.0,358985.0,290617.0,3082148.0,3045547.0,300249.39999999845,18399,3045891.0,5496,88975.0,97393.0,127705.0,18601.0,2197.0,334871.0
NK,2022,6,18555,227,46,18282,13970,4312,165948.0,319959.0,276426.0,3006925.0,2896447.0,381489.60000000056,18370,3020360.0,4312,73765.0,81490.0,128616.0,16656.0,1519.0,302046.0
NK,2022,7,19392,68,32,19292,15277,4015,113009.0,297065.0,247184.0,3179648.0,3045473.0,411059.49999999994,19352,3188293.0,4015,68126.0,69817.0,119769.0,19233.0,2340.0,279285.0
NK,2022,8,19581,176,43,19362,15980,3382,58395.0,253432.0,190546.0,3153268.0,3021117.0,401146.3000000006,19463,3165271.0,3382,58758.0,54834.0,100960.0,18945.0,3751.0,237248.0
NK,2022,9,20123,714,44,19365,15721,3644,77354.0,254667.0,182552.0,3133076.0,3027878.0,390040.5000000001,19963,3224097.0,3644,68312.0,55504.0,100258.0,10698.0,1230.0,236002.0
NK,2022,10,21317,488,22,20807,17289,3518,62361.0,249326.0,198543.0,3394310.0,3258128.0,428766.09999999986,21273,3473014.0,3518,64977.0,75716.0,79570.0,7287.0,1281.0,228831.0
NK,2022,11,20935,403,25,20507,15376,5131,207148.0,342352.0,281041.0,3355110.0,3281132.0,396149.60000000056,20553,3367999.0,5131,95542.0,103791.0,110343.0,4809.0,1610.0,316095.0
NK,2022,12,21236,994,11,20231,13795,6436,343524.0,464646.0,409692.0,3319295.0,3252767.0,398353.70000000455,20550,3362615.0,6436,132896.0,156110.0,133105.0,16009.0,2514.0,440634.0
NK,2023,1,21876,507,21,21348,15139,6209,296634.0,456353.0,397083.0,3531115.0,3430536.0,437547.29999999836,20925,3448268.0,6209,115151.0,137335.0,168227.0,9439.0,2985.0,433137.0
NK,2023,2,20192,272,25,19895,15129,4766,200262.0,365725.0,313381.0,3264195.0,3151076.0,410008.29999999935,19196,3151835.0,4766,104239.0,106720.0,123261.0,8908.0,2034.0,345162.0
NK,2023,3,22613,381,35,22197,14475,7722,451866.0,583126.0,523848.0,3621605.0,3549503.0,457737.7000000014,21438,3490078.0,7722,155302.0,158406.0,230068.0,9172.0,3498.0,556446.0
NK,2023,4,22751,815,49,21887,13808,8079,517576.0,634750.0,566569.0,3501424.0,3452431.0,423527.20000000304,21400,3424592.0,8079,172133.0,158257.0,251127.0,22223.0,4825.0,608565.0
NK,2023,5,22506,172,55,22279,16620,5659,234478.0,392210.0,321943.0,3741603.0,3654138.0,392359.29999999923,20902,3477919.0,5659,104058.0,101612.0,139559.0,18095.0,3099.0,366423.0
NK,2023,6,21155,697,105,20353,12432,7921,563844.0,678974.0,609144.0,3436931.0,3391751.0,382891.7000000015,19849,3327888.0,7921,211443.0,183947.0,218264.0,37551.0,4421.0,655626.0
NK,2023,7,21187,467,70,20650,12881,7769,526281.0,647981.0,582010.0,3475129.0,3419400.0,389837.89999999886,19991,3345077.0,7769,161369.0,151516.0,265290.0,43511.0,4508.0,626194.0
NK,2023,8,21514,297,68,21149,14111,7038,415622.0,554976.0,507422.0,3579393.0,3487593.0,396611.4000000014,20296,3412164.0,7038,148155.0,154856.0,198414.0,24515.0,6487.0,532427.0
NK,2023,9,21036,334,59,20643,15736,4907,176938.0,357295.0,304779.0,3418916.0,3291075.0,439458.20000000007,19706,3256357.0,4907,86684.0,89704.0,142319.0,16818.0,2228.0,337753.0
NK,2023,10,23294,362,23,22909,18554,4355,70778.0,286022.0,254265.0,3866954.0,3683407.0,496933.5000000015,21758,3658205.0,4355,87662.0,88982.0,80711.0,4238.0,2289.0,263882.0
NK,2023,11,23164,84,13,23067,17506,5561,184279.0,367218.0,333202.0,3891330.0,3742397.0,489110.30000000267,21526,3615701.0,5561,129610.0,107955.0,95855.0,3040.0,3768.0,340228.0
NK,2023,12,22583,98,24,22461,17019,5442,155827.0,358437.0,344236.0,3805638.0,3617229.0,509448.5000000021,20771,3510730.0,5442,119032.0,100238.0,108203.0,2572.0,4391.0,334436.0
NK,2024,1,20415,303,31,20081,14807,5274,194472.0,365453.0,300604.0,3383076.0,3277004.0,447924.90000000014,18822,3164946.0,5274,96935.0,89128.0,141686.0,13001.0,3442.0,344192.0
NK,2024,2,19929,138,26,19765,15501,4264,96726.0,283453.0,228299.0,3278755.0,3147182.0,411271.7000000052,18424,3052120.0,4264,81918.0,73427.0,100255.0,4697.0,2269.0,262566.0
NK,2024,3,22885,394,32,22459,15931,6528,285540.0,465153.0,405083.0,3722107.0,3602984.0,477989.7000000042,21147,3500233.0,6528,106403.0,97157.0,226294.0,10022.0,2598.0,442474.0
NK,2024,4,21998,239,36,21723,17905,3818,44515.0,272007.0,201876.0,3575219.0,3417858.0,449194.2000000013,20341,3343815.0,3818,64947.0,66985.0,113744.0,6629.0,1448.0,253753.0
NK,2024,5,23298,259,88,22951,16744,6207,301294.0,488566.0,418147.0,3715049.0,3598196.0,436826.7000000043,21487,3460360.0,6207,123397.0,113287.0,215247.0,12124.0,1948.0,466003.0
NK,2024,6,23437,600,67,22770,16581,6189,272103.0,468356.0,428382.0,3717014.0,3560735.0,459395.2999999995,21555,3487852.0,6189,139102.0,110089.0,180378.0,14643.0,3007.0,447219.0
NK,2024,7,24769,1278,55,23436,15127,8309,502741.0,676452.0,631192.0,3818838.0,3690447.0,487729.1999999969,22884,3703345.0,8309,202551.0,197467.0,233153.0,19283.0,2381.0,654835.0
NK,2024,8,24676,977,65,23634,16563,7071,382654.0,568088.0,508704.0,3817681.0,3691511.0,458269.8999999993,22744,3647084.0,7071,152913.0,133083.0,239647.0,18586.0,1577.0,545806.0
NK,2024,9,20399,236,16,20147,16651,3496,20964.0,242777.0,164081.0,3173120.0,3030003.0,406351.0999999997,18910,2969169.0,3496,57036.0,66665.0,95035.0,6413.0,911.0,226060.0
NK,2024,10,21176,421,22,20733,17663,3070,-31649.0,211212.0,144374.0,3237523.0,3061560.0,426352.2999999977,19659,3059244.0,3070,54064.0,61910.0,78265.0,1148.0,1201.0,196588.0
NK,2024,11,19459,55,13,19391,16616,2775,-42687.0,187064.0,112963.0,3057214.0,2901624.0,391051.80000000127,17935,2821741.0,2775,43703.0,52016.0,75263.0,1564.0,351.0,172897.0
NK,2024,12,18662,98,21,18543,14381,4162,124560.0,301735.0,267336.0,3024908.0,2882192.0,382496.6000000001,17153,2789492.0,4162,88297.0,79019.0,110029.0,5296.0,1469.0,284110.0
NK,2025,1,17544,572,26,16946,13882,3064,10939.0,194630.0,124707.0,2763782.0,2650181.0,371526.00000000186,16400,2676141.0,3064,49986.0,49519.0,76094.0,2946.0,860.0,179405.0
NK,2025,2,16232,179,12,16041,13048,2993,39169.0,224016.0,143864.0,2591186.0,2486431.0,340977.6000000002,15063,2439549.0,2993,45516.0,48618.0,114943.0,2469.0,494.0,212040.0
NK,2025,3,19828,215,36,19577,15885,3692,76248.0,300660.0,216111.0,3220737.0,3080754.0,434112.9000000034,18333,3042180.0,3692,61033.0,67492.0,146176.0,9757.0,458.0,284916.0
NK,2025,4,18303,81,27,18195,15100,3095,42804.0,243374.0,163386.0,2933443.0,2813041.0,365327.00000000064,16860,2744417.0,3095,61610.0,59143.0,103233.0,5274.0,625.0,229885.0
NK,2025,5,17744,220,43,17481,13116,4365,208554.0,357164.0,282450.0,2731052.0,2657096.0,317575.30000000005,16525,2596956.0,4365,71459.0,62719.0,196521.0,9745.0,942.0,341386.0
NK,2025,6,17623,242,52,17329,13005,4324,179441.0,336453.0,272560.0,2704761.0,2611882.0,320438.4000000008,16139,2534734.0,4324,80248.0,81962.0,144348.0,12703.0,1597.0,320858.0
NK,2025,7,17307,329,54,16924,12711,4213,184612.0,345438.0,285781.0,2667530.0,2566241.0,317684.1999999999,15725,2485059.0,4213,76338.0,76716.0,160830.0,15239.0,908.0,330031.0
NK,2025,8,17155,93,63,16999,13185,3814,135433.0,296549.0,234129.0,2657212.0,2558456.0,296230.10000000114,15487,2426716.0,3814,79394.0,65263.0,121159.0,15901.0,931.0,282648.0
NK,2025,9,15058,130,44,14884,12526,2358,14191.0,196356.0,144590.0,2385085.0,2254566.0,307441.9000000001,13815,2228478.0,2358,55447.0,58244.0,65566.0,6925.0,211.0,186393.0
NK,2025,10,14128,156,14,13958,11231,2727,66604.0,200763.0,141560.0,2237711.0,2162760.0,266885.29999999976,13307,2139881.0,2727,44459.0,58315.0,82842.0,2224.0,535.0,188375.0
NK,2025,11,11793,270,10,11513,9048,2465,83957.0,200321.0,153324.0,1799015.0,1729828.0,238240.7999999995,11042,1732490.0,2465,46472.0,46469.0,94852.0,2171.0,539.0,190503.0
NK,2025,12,11800,440,16,11344,7523,3821,219884.0,308456.0,292875.0,1835530.0,1762539.0,240721.99999999977,10890,1770539.0,3821,93646.0,91619.0,106157.0,4771.0,1306.0,297499.0
NK,2026,1,11915,857,11,11047,7940,3107,114910.0,219948.0,192211.0,1762198.0,1683457.0,254008.80000000124,11187,1792826.0,3107,70963.0,72937.0,62377.0,3639.0,498.0,210414.0
NK,2026,2,11512,921,12,10579,7228,3351,163347.0,253525.0,229228.0,1689016.0,1623075.0,242919.3000000002,10796,1723445.0,3351,83056.0,89323.0,67934.0,2631.0,422.0,243366.0
NK,2026,3,12952,1345,32,11575,6272,5303,374521.0,438947.0,397181.0,1818293.0,1795633.0,239937.80000000063,12283,1933394.0,5303,138176.0,133621.0,149308.0,4964.0,1152.0,427221.0
NK,2026,4,10469,352,21,10096,6598,3498,193027.0,253035.0,202880.0,1551810.0,1536877.0,177463.50000000076,9885,1527180.0,3498,70900.0,79118.0,88077.0,3246.0,419.0,241760.0
NK,2026,5,354,50,0,304,208,96,5140.0,6973.0,5666.0,43923.0,43397.0,5806.200000000001,329,48460.0,96,2786.0,993.0,2736.0,35.0,50.0,6600.0
OH,2018,1,22210,1553,56,20601,15594,5007,219325.0,343525.0,282106.0,1947866.0,1885085.0,328854.5000000009,22106,2088222.0,5007,160979.0,90271.0,46462.0,16394.0,680.0,314786.0
OH,2018,2,20546,550,77,19919,14813,5106,248873.0,364153.0,306229.0,1873183.0,1815827.0,304266.2000000036,20454,1925925.0,5106,189805.0,77890.0,41751.0,27006.0,625.0,337077.0
OH,2018,3,23295,1231,43,22021,17577,4444,123412.0,264414.0,197197.0,2051289.0,1977504.0,365739.59999999986,23094,2158655.0,4444,116535.0,76193.0,33568.0,8570.0,259.0,235125.0
OH,2018,4,23303,454,60,22789,18496,4293,146156.0,285667.0,210313.0,2082408.0,2018251.0,344034.299999999,23087,2110674.0,4293,129289.0,72821.0,40138.0,10526.0,689.0,253463.0
OH,2018,5,23869,557,82,23230,17900,5330,252684.0,395613.0,322286.0,2135144.0,2065542.0,349276.79999999894,23506,2161417.0,5330,182650.0,87887.0,63966.0,32139.0,457.0,367099.0
OH,2018,6,23760,3300,63,20397,14648,5749,383480.0,495369.0,446667.0,1868309.0,1805122.0,348927.80000000016,23600,2165179.0,5749,218555.0,164448.0,60034.0,26287.0,434.0,469758.0
OH,2018,7,24352,628,98,23626,18021,5605,266917.0,416560.0,350628.0,2170562.0,2086851.0,366081.00000000146,24299,2236636.0,5605,195943.0,85098.0,69855.0,36449.0,430.0,387775.0
OH,2018,8,24387,555,75,23757,18035,5722,265733.0,432482.0,346319.0,2210937.0,2130351.0,380032.6000000001,24256,2259024.0,5722,195733.0,90980.0,82306.0,38347.0,213.0,407579.0
OH,2018,9,22939,1224,73,21642,17846,3796,79425.0,265632.0,181617.0,2055653.0,1953461.0,367523.80000000005,22819,2158857.0,3796,119228.0,59692.0,46224.0,20828.0,239.0,246211.0
OH,2018,10,23969,441,69,23459,20250,3209,15425.0,220826.0,141557.0,2232035.0,2105903.0,388586.00000000134,23949,2277505.0,3209,96207.0,65835.0,29475.0,6540.0,173.0,198230.0
OH,2018,11,22766,358,55,22353,18330,4023,119663.0,282277.0,212823.0,2153505.0,2060345.0,382866.79999999935,22490,2171408.0,4023,137345.0,72291.0,36924.0,7803.0,322.0,254685.0
OH,2018,12,23061,1019,52,21990,18114,3876,68263.0,244835.0,179009.0,2128111.0,2017365.0,370870.60000000184,22826,2208192.0,3876,109234.0,67195.0,33860.0,9239.0,552.0,220080.0
OH,2019,1,23169,751,49,22369,18894,3475,36626.0,228724.0,144713.0,2160147.0,2052060.0,396109.8000000005,23067,2231391.0,3475,93702.0,64567.0,34598.0,10881.0,371.0,204119.0
OH,2019,2,21465,1013,86,20366,16060,4306,143691.0,306453.0,243076.0,1976188.0,1876803.0,373968.600000001,21397,2078545.0,4306,148694.0,81790.0,38731.0,14866.0,311.0,284392.0
OH,2019,3,24446,414,41,23991,19933,4058,73002.0,262378.0,194571.0,2304565.0,2182996.0,424249.90000000386,24382,2337984.0,4058,118541.0,82703.0,30906.0,3466.0,384.0,236000.0
OH,2019,4,23984,550,86,23348,18022,5326,242031.0,410812.0,327472.0,2244237.0,2158796.0,415629.8000000032,23927,2299292.0,5326,207302.0,83559.0,60550.0,34261.0,399.0,386071.0
OH,2019,5,24783,523,78,24182,19907,4275,140281.0,323238.0,219133.0,2308270.0,2229418.0,400561.4000000026,24508,2334423.0,4275,144244.0,72830.0,59270.0,21808.0,299.0,298451.0
OH,2019,6,24681,502,100,24079,18578,5501,262446.0,422077.0,319408.0,2305163.0,2248201.0,396187.99999999884,24549,2349988.0,5501,200474.0,95412.0,72088.0,26622.0,429.0,395025.0
OH,2019,7,25249,846,88,24315,19153,5162,228835.0,411739.0,309147.0,2332886.0,2252574.0,408610.0000000015,25176,2415516.0,5162,189675.0,90346.0,73840.0,34236.0,315.0,388412.0
OH,2019,8,25452,956,89,24407,18464,5943,301999.0,483375.0,367692.0,2353481.0,2287788.0,423979.5000000005,25369,2447235.0,5943,235576.0,96942.0,85683.0,41308.0,410.0,459919.0
OH,2019,9,23683,475,47,23161,19791,3370,17536.0,241171.0,138238.0,2260728.0,2140026.0,408637.39999999426,23613,2300286.0,3370,118197.0,66768.0,28894.0,7572.0,284.0,221715.0
OH,2019,10,24514,316,51,24147,19742,4405,94695.0,290128.0,187830.0,2358490.0,2265355.0,428032.5999999951,24453,2386569.0,4405,147683.0,71574.0,36361.0,8209.0,368.0,264195.0
OH,2019,11,23602,207,44,23351,19214,4137,92924.0,303380.0,213074.0,2327106.0,2206956.0,448546.70000000123,23370,2325778.0,4137,157406.0,90459.0,28767.0,2781.0,460.0,279873.0
OH,2019,12,24276,273,72,23931,18162,5769,254749.0,421263.0,320957.0,2378548.0,2312340.0,411317.6000000007,23831,2363317.0,5769,220241.0,101718.0,58039.0,12629.0,349.0,392976.0
OH,2020,1,24309,262,48,23999,18833,5166,187887.0,376629.0,261968.0,2412898.0,2338817.0,437686.30000000284,24151,2429113.0,5166,188908.0,106803.0,44495.0,8465.0,488.0,349159.0
OH,2020,2,22902,1051,94,21757,15526,6231,386065.0,541977.0,447648.0,2202831.0,2141248.0,421536.90000000235,22712,2293553.0,6231,300190.0,128053.0,66631.0,23382.0,241.0,518497.0
OH,2020,3,25215,3585,36,21594,18333,3261,-4417.0,225413.0,87539.0,2154020.0,2062064.0,446286.2000000062,25004,2473309.0,3261,105478.0,67341.0,30107.0,2976.0,214.0,206116.0
OH,2020,4,18155,8657,10,9488,8984,504,-153794.0,39156.0,-28548.0,963982.0,838736.0,336944.0000000009,18009,1803476.0,504,8658.0,22897.0,2992.0,2103.0,195.0,36845.0
OH,2020,5,8678,135,15,8528,8063,465,-115316.0,32840.0,-11970.0,857979.0,754633.0,158964.09999999934,8563,858958.0,465,7963.0,17368.0,2425.0,1953.0,95.0,29804.0
OH,2020,6,9330,21,27,9282,8552,730,-57768.0,52698.0,4024.0,891712.0,829920.0,132321.6999999997,9305,894226.0,730,15639.0,20318.0,5742.0,5275.0,179.0,47153.0
OH,2020,7,13932,33,56,13843,11961,1882,30055.0,154093.0,68915.0,1315700.0,1276840.0,192976.99999999977,13804,1314618.0,1882,47745.0,36074.0,30317.0,27856.0,289.0,142281.0
OH,2020,8,14671,117,49,14505,12355,2150,22101.0,145392.0,45023.0,1380275.0,1357353.0,207248.7999999999,14665,1395640.0,2150,46215.0,32803.0,32167.0,19619.0,276.0,131080.0
OH,2020,9,13378,124,13,13241,12167,1074,-50746.0,67354.0,-19143.0,1255609.0,1224006.0,176375.00000000064,13332,1265810.0,1074,19032.0,19276.0,13276.0,2825.0,512.0,54921.0
OH,2020,10,14081,44,30,14007,12650,1357,-33416.0,88490.0,-2172.0,1323611.0,1292367.0,195567.19999999975,13886,1312605.0,1357,25817.0,27385.0,16883.0,4363.0,211.0,74659.0
OH,2020,11,13672,15,27,13630,12498,1132,-72373.0,76818.0,-12546.0,1351094.0,1291267.0,231429.19999999925,13502,1336648.0,1132,22717.0,25377.0,12635.0,3323.0,338.0,64390.0
OH,2020,12,14291,64,17,14210,12817,1393,-44142.0,101611.0,14582.0,1431169.0,1372445.0,251993.30000000205,14123,1421339.0,1393,29475.0,36183.0,15421.0,5459.0,438.0,86976.0
OH,2021,1,12615,373,16,12226,10762,1464,-25366.0,115413.0,36812.0,1258259.0,1196081.0,255392.00000000343,12566,1293343.0,1464,33194.0,41751.0,23632.0,5500.0,257.0,104334.0
OH,2021,2,11491,354,32,11105,9609,1496,-11332.0,104653.0,37324.0,1147551.0,1098895.0,243522.0000000018,11444,1184562.0,1496,33357.0,24317.0,21305.0,14099.0,276.0,93354.0
OH,2021,3,15943,21,58,15864,14358,1506,-94332.0,108109.0,20815.0,1666518.0,1551371.0,390019.09999999916,15833,1662779.0,1506,39580.0,22877.0,21896.0,11224.0,374.0,95951.0
OH,2021,4,18090,8,10,18072,16851,1221,-130856.0,75676.0,-23593.0,1854311.0,1747048.0,392044.69999999984,18059,1852411.0,1221,17817.0,27286.0,12041.0,1560.0,804.0,59508.0
OH,2021,5,20681,105,42,20534,18242,2292,-25705.0,183138.0,75278.0,2078669.0,1977686.0,396250.0000000035,20542,2076692.0,2292,69504.0,57388.0,24709.0,13074.0,317.0,164992.0
OH,2021,6,20396,146,47,20203,16294,3909,132392.0,299387.0,207530.0,2038960.0,1963822.0,366492.79999999923,20275,2043729.0,3909,115588.0,82065.0,52125.0,28339.0,781.0,278898.0
OH,2021,7,21269,368,73,20828,16395,4433,182593.0,347326.0,255150.0,2107396.0,2034839.0,381102.89999999723,21217,2146779.0,4433,147954.0,93229.0,54916.0,28728.0,415.0,325242.0
OH,2021,8,21381,538,75,20768,16508,4260,182385.0,356277.0,243875.0,2091344.0,2029854.0,368345.000000004,21210,2137619.0,4260,148064.0,92424.0,60515.0,34567.0,756.0,336326.0
OH,2021,9,19618,202,38,19378,16985,2393,-7314.0,179427.0,63268.0,1919101.0,1848519.0,317066.70000000054,19476,1927539.0,2393,67804.0,50335.0,32366.0,10505.0,873.0,161883.0
OH,2021,10,20865,40,47,20778,18340,2438,-24718.0,181676.0,76624.0,2108424.0,2007082.0,366966.99999999977,20725,2103077.0,2438,76961.0,56506.0,23557.0,5645.0,452.0,163121.0
OH,2021,11,19727,51,16,19660,16971,2689,-13501.0,190978.0,97270.0,2040852.0,1930081.0,379526.9999999993,19159,1980312.0,2689,88450.0,59067.0,22429.0,1972.0,783.0,172701.0
OH,2021,12,20535,72,49,20414,16827,3587,58892.0,243857.0,148987.0,2120767.0,2030672.0,380300.5000000008,20224,2097748.0,3587,101146.0,77569.0,33126.0,9489.0,696.0,222026.0
OH,2022,1,20541,2242,37,18262,14031,4231,195382.0,366009.0,266532.0,1892421.0,1821271.0,399962.00000000227,20407,2108527.0,4231,166641.0,101388.0,50358.0,31536.0,387.0,350310.0
OH,2022,2,18896,657,41,18198,14061,4137,168738.0,324146.0,238900.0,1866666.0,1796504.0,345889.2000000023,18819,1933279.0,4137,162242.0,95096.0,37880.0,10343.0,726.0,306287.0
OH,2022,3,19525,368,72,19085,15187,3898,140422.0,307732.0,219704.0,1954149.0,1874867.0,371190.200000002,19355,1978426.0,3898,150045.0,81359.0,42917.0,13331.0,997.0,288649.0
OH,2022,4,19191,180,45,18966,15569,3397,71242.0,245706.0,158321.0,1931092.0,1844013.0,346790.40000000014,18964,1929179.0,3397,106104.0,83521.0,30517.0,7524.0,511.0,228177.0
OH,2022,5,19301,582,63,18656,14724,3932,156488.0,310272.0,219586.0,1849901.0,1786803.0,333028.10000000184,19050,1884732.0,3932,128788.0,84821.0,46464.0,31549.0,452.0,292074.0
OH,2022,6,19279,795,48,18436,14182,4254,230442.0,363118.0,269179.0,1772716.0,1733979.0,298640.60000000027,19153,1842514.0,4254,149912.0,101375.0,57619.0,33313.0,555.0,342774.0
OH,2022,7,19152,540,92,18520,13675,4845,250560.0,374244.0,263870.0,1793193.0,1779883.0,294832.0999999996,19074,1844832.0,4845,153015.0,94497.0,65913.0,39510.0,802.0,353737.0
OH,2022,8,17392,397,52,16943,13628,3315,103216.0,248174.0,151519.0,1646073.0,1597770.0,280465.6999999996,17319,1682568.0,3315,95447.0,59983.0,41026.0,35463.0,239.0,232158.0
OH,2022,9,16570,411,20,16139,14180,1959,-37151.0,126689.0,28821.0,1593185.0,1527213.0,273397.90000000095,16427,1621429.0,1959,48343.0,39208.0,21151.0,3895.0,416.0,113013.0
OH,2022,10,15980,59,40,15881,14032,1849,-22914.0,135508.0,39541.0,1568751.0,1506296.0,270145.0000000003,15750,1556328.0,1849,59221.0,39712.0,19959.0,2160.0,419.0,121471.0
OH,2022,11,14467,155,44,14268,12181,2087,20103.0,156949.0,66728.0,1463286.0,1416661.0,264944.70000000147,14278,1466420.0,2087,65080.0,47305.0,24534.0,5566.0,372.0,142857.0
OH,2022,12,14156,226,26,13904,11737,2167,25873.0,158441.0,79967.0,1456467.0,1402373.0,266408.89999999874,13720,1427850.0,2167,58764.0,41562.0,26434.0,16881.0,574.0,144215.0
OH,2023,1,15456,250,41,15165,12945,2220,8510.0,172680.0,74125.0,1550365.0,1484750.0,301309.2999999979,14938,1522947.0,2220,67079.0,41330.0,38200.0,12501.0,218.0,159328.0
OH,2023,2,14050,47,32,13971,12349,1622,-31664.0,124943.0,32324.0,1433628.0,1369640.0,266184.8999999994,13433,1371918.0,1622,46398.0,41499.0,17882.0,6667.0,579.0,113025.0
OH,2023,3,16471,176,46,16249,13784,2465,32213.0,182872.0,80627.0,1627482.0,1579068.0,322074.4000000028,16006,1601824.0,2465,73778.0,51265.0,29060.0,11416.0,710.0,166229.0
OH,2023,4,16033,150,40,15843,13214,2629,36421.0,187546.0,87963.0,1614738.0,1563196.0,294055.10000000376,15540,1580156.0,2629,75771.0,48585.0,36123.0,11665.0,652.0,172796.0
OH,2023,5,16049,49,29,15971,14075,1896,-37345.0,134660.0,39257.0,1665019.0,1588417.0,295997.1000000043,15502,1613743.0,1896,52254.0,42697.0,20442.0,5119.0,425.0,120937.0
OH,2023,6,17125,639,68,16418,12362,4056,211299.0,338789.0,247742.0,1677149.0,1640706.0,310137.0999999987,16576,1694310.0,4056,147705.0,101052.0,48888.0,22130.0,584.0,320359.0
OH,2023,7,16940,570,61,16309,11697,4612,287240.0,412789.0,322158.0,1676421.0,1641503.0,307347.3000000027,16290,1669990.0,4612,193175.0,107823.0,59689.0,34681.0,752.0,396120.0
OH,2023,8,16777,322,57,16398,13241,3157,90476.0,250918.0,157439.0,1688486.0,1621523.0,313504.0000000029,16025,1646374.0,3157,104115.0,64263.0,36351.0,30803.0,572.0,236104.0
OH,2023,9,16175,232,36,15907,13305,2602,49654.0,213203.0,122653.0,1650421.0,1577422.0,309218.4999999973,15365,1589602.0,2602,83868.0,64640.0,30938.0,19580.0,415.0,199441.0
OH,2023,10,16777,32,33,16712,14517,2195,3643.0,181722.0,84753.0,1699056.0,1617946.0,310117.8999999976,15918,1609524.0,2195,76442.0,63288.0,19799.0,6444.0,606.0,166579.0
OH,2023,11,16150,32,17,16101,14064,2037,-31123.0,150850.0,63381.0,1646712.0,1552208.0,329431.0999999984,15422,1570057.0,2037,68838.0,45159.0,18042.0,4648.0,378.0,137065.0
OH,2023,12,16141,72,41,16028,13769,2259,168.0,187871.0,103880.0,1676733.0,1573021.0,332817.699999998,15240,1580776.0,2259,79951.0,54074.0,21651.0,17947.0,804.0,174427.0
OH,2024,1,16526,944,43,15539,11615,3924,232865.0,377095.0,287595.0,1634136.0,1579406.0,335953.5999999985,15542,1619845.0,3924,161728.0,100741.0,51106.0,49121.0,432.0,363128.0
OH,2024,2,15655,35,14,15606,13473,2133,-37642.0,140340.0,51205.0,1643161.0,1554314.0,310894.99999999814,14638,1522146.0,2133,60509.0,41338.0,19618.0,4171.0,610.0,126246.0
OH,2024,3,17364,61,27,17276,14428,2848,42700.0,219842.0,127422.0,1778176.0,1693454.0,341200.4000000009,16382,1668544.0,2848,98544.0,68172.0,25760.0,9994.0,908.0,203378.0
OH,2024,4,18611,130,54,18427,14418,4009,189539.0,341489.0,235828.0,1862976.0,1816687.0,344269.2000000006,17673,1772532.0,4009,159992.0,89252.0,43378.0,28111.0,571.0,321304.0
OH,2024,5,18822,179,64,18579,13258,5321,323426.0,449371.0,338979.0,1861612.0,1846059.0,327155.3000000014,17836,1773686.0,5321,214772.0,103398.0,66627.0,42505.0,885.0,428187.0
OH,2024,6,18526,215,43,18268,14927,3341,122582.0,298313.0,205729.0,1903087.0,1819940.0,357203.4999999991,17298,1784891.0,3341,132469.0,80587.0,39480.0,27434.0,756.0,280726.0
OH,2024,7,20078,773,88,19217,12708,6509,537502.0,668108.0,575666.0,1981266.0,1943102.0,374888.50000000576,18780,1917506.0,6509,334984.0,182138.0,77529.0,53305.0,890.0,648846.0
OH,2024,8,20730,629,61,20040,15038,5002,306311.0,469016.0,359633.0,2058590.0,2005268.0,378703.9000000017,19183,1946694.0,5002,217827.0,121064.0,65701.0,44023.0,744.0,449359.0
OH,2024,9,19944,419,45,19480,15368,4112,193767.0,375806.0,269197.0,2017387.0,1941957.0,387695.5999999998,18582,1893522.0,4112,188013.0,101187.0,41617.0,25592.0,476.0,356885.0
OH,2024,10,21146,104,26,21016,17807,3209,31225.0,256326.0,140876.0,2177302.0,2067651.0,422392.99999999895,19679,2010866.0,3209,113057.0,78512.0,27596.0,15336.0,332.0,234833.0
OH,2024,11,19666,32,26,19608,16980,2628,-38294.0,188943.0,74445.0,2065697.0,1952958.0,410507.399999998,18490,1919655.0,2628,75906.0,62445.0,27131.0,6167.0,345.0,171994.0
OH,2024,12,20903,230,56,20617,14959,5658,338740.0,505598.0,424016.0,2202225.0,2116949.0,420834.3999999953,19638,2066906.0,5658,259941.0,135252.0,55472.0,32394.0,493.0,483552.0
OH,2025,1,21094,1899,44,19151,14271,4880,270723.0,447786.0,336563.0,2056799.0,1990959.0,439130.7999999992,19790,2095133.0,4880,196021.0,122939.0,63227.0,46314.0,925.0,429426.0
OH,2025,2,19508,1987,56,17465,11148,6317,474150.0,599483.0,507246.0,1857709.0,1824613.0,379604.499999998,18183,1907871.0,6317,296924.0,173166.0,79091.0,33905.0,386.0,583472.0
OH,2025,3,21980,870,68,21042,15697,5345,306336.0,482153.0,363542.0,2212599.0,2155393.0,425999.0000000007,20539,2135621.0,5345,230035.0,135882.0,58413.0,35893.0,721.0,460944.0
OH,2025,4,21311,456,37,20818,15475,5343,295105.0,460596.0,342843.0,2192440.0,2144702.0,390050.0000000055,19999,2083104.0,5343,229221.0,136521.0,58757.0,14271.0,507.0,439277.0
OH,2025,5,22147,1003,74,21070,14487,6583,448733.0,597193.0,484852.0,2227529.0,2191410.0,403906.90000000765,20437,2136538.0,6583,287279.0,163621.0,85991.0,37593.0,609.0,575093.0
OH,2025,6,21161,1459,77,19625,12477,7148,600154.0,727491.0,617698.0,2130329.0,2112785.0,372230.6000000021,19397,2078273.0,7148,346080.0,186919.0,97777.0,77563.0,446.0,708785.0
OH,2025,7,21214,1516,84,19614,13550,6064,513197.0,671932.0,583162.0,2184325.0,2114360.0,412085.5999999998,19359,2125451.0,6064,299344.0,188873.0,84454.0,81381.0,593.0,654645.0
OH,2025,8,20427,530,48,19849,15093,4756,271437.0,450193.0,354296.0,2163850.0,2080991.0,377050.8999999982,18762,2019417.0,4756,220213.0,129756.0,49476.0,31555.0,1377.0,432377.0
OH,2025,9,19218,151,44,19023,15930,3093,30005.0,266512.0,161978.0,2110783.0,1978810.0,392129.7999999979,17549,1920502.0,3093,122703.0,81686.0,35744.0,13583.0,366.0,254082.0
OH,2025,10,20423,93,33,20297,16432,3865,81670.0,295907.0,180424.0,2226222.0,2127468.0,398362.39999999973,18713,2024740.0,3865,139781.0,84273.0,44713.0,8728.0,340.0,277835.0
OH,2025,11,19746,720,55,18971,14243,4728,250432.0,444713.0,340671.0,2123708.0,2033469.0,424176.99999999785,18420,2039652.0,4728,229654.0,108675.0,69764.0,20260.0,1183.0,429536.0
OH,2025,12,20505,709,39,19757,12721,7036,557837.0,707131.0,640984.0,2227830.0,2144683.0,437905.4999999973,19180,2142190.0,7036,390368.0,189986.0,66542.0,40102.0,796.0,687794.0
OH,2026,1,19550,2267,36,17247,13061,4186,241970.0,432276.0,349257.0,1957304.0,1850017.0,461953.3000000011,18452,2079870.0,4186,205094.0,108154.0,50528.0,55104.0,237.0,419117.0
OH,2026,2,17664,850,34,16780,12248,4532,255603.0,423957.0,352338.0,1909548.0,1812813.0,399959.39999999804,16313,1836734.0,4532,205468.0,126988.0,45767.0,31376.0,238.0,409837.0
OH,2026,3,20938,1558,101,19279,13739,5540,404846.0,597897.0,525390.0,2191593.0,2071049.0,486165.00000000367,19571,2199456.0,5540,286833.0,180688.0,65767.0,47084.0,2244.0,582616.0
OH,2026,4,20547,258,64,20225,15550,4675,221222.0,450096.0,358765.0,2333500.0,2195957.0,472878.8999999982,19010,2167037.0,4675,232326.0,131818.0,47041.0,23844.0,445.0,435474.0
OH,2026,5,20854,402,69,20383,15631,4752,177787.0,398287.0,297795.0,2369126.0,2249118.0,471611.2999999979,19034,2182598.0,4752,170402.0,112082.0,64906.0,33790.0,708.0,381888.0
OH,2026,6,20871,1437,88,19346,14005,5341,368145.0,557982.0,490411.0,2270101.0,2147835.0,469801.90000000695,18770,2176017.0,5341,234074.0,161219.0,81145.0,64709.0,720.0,541867.0
OH,2026,7,21472,1417,82,19973,12687,7286,633738.0,798219.0,733481.0,2332805.0,2233062.0,479121.2000000053,19389,2236021.0,7286,364652.0,231847.0,100600.0,83887.0,707.0,781693.0
OO,2015,1,48114,1262,197,46655,35300,11355,508068.0,793905.0,559858.0,4729515.0,4677725.0,684969.3000000031,47511,4811901.0,11355,348926.0,215580.0,136501.0,30684.0,671.0,732362.0
OO,2015,2,43989,1403,137,42449,32571,9878,407039.0,671172.0,462826.0,4305463.0,4249676.0,625504.799999992,43631,4413018.0,9878,287589.0,164448.0,125811.0,37990.0,446.0,616284.0
OO,2015,3,50078,544,99,49435,41310,8125,157287.0,520632.0,288031.0,5025041.0,4894297.0,734445.30000001,49805,5059350.0,8125,205673.0,144529.0,94804.0,16058.0,656.0,461720.0
OO,2015,4,49329,714,120,48495,41005,7490,156338.0,498385.0,256070.0,4930015.0,4830283.0,701928.5000000045,49015,4975880.0,7490,192646.0,143364.0,93113.0,11278.0,386.0,440787.0
OO,2015,5,49864,619,117,49128,40934,8194,203447.0,527728.0,293938.0,5012268.0,4921777.0,709029.4999999955,49644,5058971.0,8194,196033.0,153440.0,99933.0,15646.0,707.0,465759.0
OO,2015,6,50307,1108,141,49058,38871,10187,409069.0,700160.0,495727.0,4994138.0,4907480.0,695077.9999999974,50008,5082723.0,10187,280219.0,209536.0,121030.0,25846.0,1142.0,637773.0
OO,2015,7,52627,821,148,51658,41429,10229,350775.0,674855.0,454670.0,5311188.0,5207293.0,721497.8999999933,52508,5389974.0,10229,285746.0,192384.0,118092.0,16998.0,1050.0,614270.0
OO,2015,8,52730,794,150,51786,42067,9719,290348.0,616720.0,397301.0,5301784.0,5194831.0,710668.2999999977,52497,5365276.0,9719,243855.0,181385.0,109061.0,18112.0,1470.0,553883.0
OO,2015,9,47625,352,66,47207,40637,6570,72269.0,424929.0,180509.0,4783608.0,4675368.0,649524.6000000043,47320,4790814.0,6570,151075.0,132002.0,79324.0,10176.0,1037.0,373614.0
OO,2015,10,48808,241,81,48486,41842,6644,84894.0,424001.0,176375.0,4972664.0,4881183.0,682222.3999999948,48601,4981230.0,6644,150365.0,133152.0,71174.0,8260.0,459.0,363410.0
OO,2015,11,47292,707,112,46473,38349,8124,228905.0,559313.0,313006.0,4869031.0,4784930.0,724493.2000000034,46903,4895840.0,8124,203653.0,154528.0,116977.0,26753.0,567.0,502478.0
OO,2015,12,47590,1395,211,45984,34704,11280,503415.0,803386.0,583970.0,4955047.0,4874492.0,771960.2999999986,47230,5075251.0,11280,322904.0,219355.0,168152.0,32524.0,1305.0,744240.0
OO,2016,1,47619,984,194,46441,36942,9499,345826.0,704413.0,461823.0,4972792.0,4856795.0,787136.0000000012,47416,5063301.0,9499,273268.0,214133.0,135898.0,27413.0,744.0,651456.0
OO,2016,2,45616,1092,131,44393,37368,7025,145859.0,533804.0,306240.0,4706876.0,4546495.0,743980.1000000043,45346,4799383.0,7025,202763.0,166784.0,97369.0,21603.0,597.0,489116.0
OO,2016,3,52057,1214,189,50654,40971,9683,373570.0,719195.0,455051.0,5267462.0,5185981.0,778734.4,51697,5360671.0,9683,277028.0,209060.0,145995.0,25003.0,782.0,657868.0
OO,2016,4,50117,694,88,49335,42959,6376,26396.0,448583.0,200262.0,5113874.0,4940008.0,786456.0000000045,49964,5182437.0,6376,163770.0,146750.0,75419.0,14301.0,234.0,400474.0
OO,2016,5,51253,305,151,50797,43601,7196,104289.0,527045.0,281114.0,5289108.0,5112283.0,795310.1000000081,51070,5316261.0,7196,199351.0,149825.0,109864.0,19108.0,600.0,478748.0
OO,2016,6,52850,422,173,52255,44727,7528,151474.0,566813.0,327588.0,5383375.0,5207261.0,813925.8999999946,52567,5416069.0,7528,205651.0,192414.0,94121.0,23150.0,366.0,515702.0
OO,2016,7,54964,501,186,54277,45574,8703,251916.0,680580.0,444568.0,5641974.0,5449322.0,855389.6999999989,54821,5696837.0,8703,246761.0,226719.0,124331.0,30368.0,782.0,628961.0
OO,2016,8,54552,356,175,54021,44444,9577,290540.0,704588.0,457799.0,5594526.0,5427267.0,849874.4999999988,54445,5636737.0,9577,286670.0,199669.0,140521.0,22969.0,866.0,650695.0
OO,2016,9,48976,187,122,48667,43385,5282,-49190.0,386163.0,124543.0,4992137.0,4818404.0,775283.9999999986,48705,4992655.0,5282,125150.0,115098.0,80193.0,20804.0,205.0,341450.0
OO,2016,10,51015,533,71,50411,43637,6774,79448.0,498889.0,246432.0,5254661.0,5087677.0,844012.8999999955,50900,5299828.0,6774,170712.0,153637.0,103903.0,17645.0,513.0,446410.0
OO,2016,11,47286,328,146,46812,40292,6520,62070.0,514543.0,284491.0,5003253.0,4780832.0,873023.5000000031,47000,5015236.0,6520,188924.0,152175.0,91885.0,37439.0,541.0,470964.0
OO,2016,12,49628,1830,283,47515,34650,12865,753018.0,1074433.0,842141.0,5180652.0,5091529.0,934244.4000000011,49244,5351199.0,12865,428682.0,332779.0,185940.0,67838.0,795.0,1016034.0
OO,2017,1,50146,1880,272,47994,35608,12386,601294.0,980275.0,721734.0,5251403.0,5130963.0,987941.6000000043,49995,5454646.0,12386,387883.0,291017.0,188101.0,57385.0,1248.0,925634.0
OO,2017,2,46953,1115,233,45605,37483,8122,229612.0,688821.0,436886.0,4916586.0,4709312.0,903226.0000000003,46817,5037817.0,8122,255595.0,221800.0,134858.0,32466.0,590.0,645309.0
OO,2017,3,58100,1110,190,56800,45629,11171,455444.0,905424.0,610026.0,5901693.0,5747111.0,1029805.5000000115,57847,6002136.0,11171,361172.0,273258.0,167504.0,43823.0,245.0,846002.0
OO,2017,4,56210,914,122,55174,44945,10229,433158.0,883660.0,594375.0,5612319.0,5451102.0,940017.5000000064,56148,5701445.0,10229,342324.0,298927.0,156707.0,31866.0,309.0,830133.0
OO,2017,5,58567,400,111,58056,48243,9813,313035.0,792486.0,472530.0,5854409.0,5694914.0,954749.1000000101,58455,5892530.0,9813,301502.0,253398.0,153426.0,27258.0,127.0,735711.0
OO,2017,6,61567,590,159,60818,49879,10939,437625.0,929015.0,633786.0,6143268.0,5947107.0,1015119.7,61433,6200223.0,10939,364765.0,322765.0,146279.0,36820.0,1003.0,871632.0
OO,2017,7,64559,814,139,63606,51042,12564,578802.0,1069107.0,759320.0,6404373.0,6223855.0,1055945.5,64413,6477334.0,12564,439684.0,361051.0,168590.0,36731.0,447.0,1006503.0
OO,2017,8,66073,1015,153,64905,51234,13671,713395.0,1193956.0,867078.0,6538217.0,6384534.0,1087332.300000001,65859,6639171.0,13671,479257.0,411529.0,192198.0,45330.0,1077.0,1129391.0
OO,2017,9,59781,366,126,59289,51442,7847,67173.0,600435.0,265042.0,6036998.0,5839129.0,1013219.699999999,59488,6051449.0,7847,211705.0,213592.0,96981.0,21855.0,556.0,544689.0
OO,2017,10,64740,963,164,63613,52876,10737,377861.0,900275.0,554150.0,6454826.0,6278537.0,1115924.600000004,64564,6538655.0,10737,338462.0,312324.0,148380.0,34317.0,736.0,834219.0
OO,2017,11,59263,390,130,58743,50633,8110,87907.0,670035.0,345554.0,6178068.0,5920421.0,1162905.3000000042,58870,6182161.0,8110,226838.0,240442.0,112561.0,35950.0,1505.0,617296.0
OO,2017,12,60567,901,256,59410,46312,13098,619287.0,1154943.0,846117.0,6462216.0,6235386.0,1286388.899999997,60203,6542011.0,13098,440362.0,372855.0,190405.0,88905.0,943.0,1093470.0
OO,2018,1,62189,1561,289,60339,46833,13506,632018.0,1212279.0,901543.0,6535589.0,6266064.0,1332325.799999998,61982,6709986.0,13506,489617.0,402723.0,181847.0,79080.0,2086.0,1155353.0
OO,2018,2,55986,1543,238,54205,42546,11659,476299.0,978847.0,653704.0,5869542.0,5692137.0,1183463.8000000007,55790,6032596.0,11659,374456.0,289455.0,185262.0,76652.0,334.0,926159.0
OO,2018,3,64597,978,210,63409,53037,10372,257450.0,796779.0,424003.0,6742150.0,6575599.0,1236373.000000006,64413,6844286.0,10372,271815.0,245924.0,166709.0,43727.0,617.0,728792.0
OO,2018,4,62861,830,131,61900,52203,9697,197235.0,734391.0,343410.0,6471052.0,6324877.0,1149293.4000000064,62771,6556837.0,9697,256881.0,212456.0,146425.0,55923.0,363.0,672048.0
OO,2018,5,65157,684,219,64254,52629,11625,490734.0,1017590.0,650860.0,6667645.0,6507519.0,1158330.100000003,65006,6742919.0,11625,359762.0,269662.0,222301.0,99642.0,2527.0,953894.0
OO,2018,6,66909,723,255,65931,52661,13270,646900.0,1145498.0,780852.0,6812963.0,6679011.0,1153642.8999999966,66754,6892285.0,13270,448146.0,325381.0,218766.0,86456.0,281.0,1079030.0
OO,2018,7,69454,642,242,68570,55846,12724,509526.0,1033571.0,685313.0,7127883.0,6952226.0,1191175.699999996,69350,7208048.0,12724,378012.0,325664.0,172592.0,85171.0,990.0,962429.0
OO,2018,8,70727,1098,282,69347,54001,15346,842298.0,1332586.0,975662.0,7188431.0,7055067.0,1217246.4999999953,70546,7315345.0,15346,505719.0,403937.0,260689.0,87694.0,1447.0,1259486.0
OO,2018,9,62748,544,182,62022,52909,9113,154805.0,722261.0,374740.0,6445343.0,6225408.0,1100802.6999999965,62572,6505498.0,9113,245057.0,220849.0,136763.0,64271.0,418.0,667358.0
OO,2018,10,66562,311,188,66063,55500,10563,249226.0,820598.0,437499.0,6895431.0,6707158.0,1200697.5999999975,66460,6936022.0,10563,280819.0,261581.0,153680.0,57550.0,715.0,754345.0
OO,2018,11,62263,847,214,61202,48966,12236,458911.0,978872.0,626710.0,6575523.0,6407724.0,1267892.1000000003,61802,6636446.0,12236,344559.0,268229.0,215036.0,86386.0,824.0,915034.0
OO,2018,12,64677,848,279,63550,50652,12898,440550.0,1063401.0,743290.0,7190501.0,6887761.0,1451415.7999999924,64327,7272687.0,12898,378866.0,337361.0,187086.0,95900.0,1040.0,1000253.0
OO,2019,1,64926,2821,335,61770,47746,14024,740939.0,1346270.0,1016388.0,6961106.0,6685687.0,1474793.9999999919,64787,7286410.0,14024,485884.0,419147.0,244679.0,139106.0,499.0,1289315.0
OO,2019,2,59589,2799,396,56394,41387,15007,925846.0,1410752.0,1118638.0,6318274.0,6125444.0,1345191.899999989,59454,6640655.0,15007,504856.0,447528.0,256977.0,144685.0,649.0,1354695.0
OO,2019,3,70419,1609,246,68564,55775,12789,491892.0,1132138.0,820259.0,7477326.0,7148959.0,1443515.7000000023,70107,7633327.0,12789,392595.0,421947.0,173947.0,79491.0,990.0,1068970.0
OO,2019,4,68502,1420,187,66895,56184,10711,251479.0,918575.0,600184.0,7140783.0,6792078.0,1339786.8000000042,68419,7302659.0,10711,321094.0,319333.0,143199.0,78330.0,2095.0,864051.0
OO,2019,5,72041,1163,280,70598,57966,12632,416796.0,1065769.0,761428.0,7496310.0,7151678.0,1380100.2000000002,71624,7602149.0,12632,393804.0,346638.0,190066.0,76104.0,485.0,1007097.0
OO,2019,6,72158,970,285,70903,55027,15876,844454.0,1412202.0,1101486.0,7582563.0,7325531.0,1337182.3999999934,71869,7676144.0,15876,532806.0,437996.0,279578.0,91277.0,5408.0,1347065.0
OO,2019,7,73742,1021,235,72486,58010,14476,671385.0,1299516.0,989853.0,7743583.0,7425115.0,1358605.0999999978,73595,7862631.0,14476,469872.0,440474.0,231129.0,94769.0,736.0,1236980.0
OO,2019,8,74973,886,224,73863,60719,13144,421884.0,1094493.0,798435.0,7879693.0,7503076.0,1389712.8999999976,74553,7953312.0,13144,382181.0,388829.0,191497.0,69375.0,839.0,1032721.0
OO,2019,9,68051,1320,237,66494,56943,9551,155583.0,827660.0,553828.0,7117678.0,6719433.0,1280095.599999996,67706,7240833.0,9551,259724.0,271886.0,186790.0,56618.0,537.0,775555.0
OO,2019,10,72350,725,177,71448,60144,11304,251355.0,954993.0,675891.0,7660020.0,7235484.0,1404463.5999999943,72144,7730150.0,11304,331197.0,353318.0,142981.0,68045.0,729.0,896270.0
OO,2019,11,67690,1188,211,66291,56555,9736,120520.0,862184.0,595129.0,7178949.0,6704340.0,1434257.800000011,67345,7285757.0,9736,288778.0,278652.0,144916.0,98782.0,794.0,811922.0
OO,2019,12,72004,1531,340,70133,56268,13865,569632.0,1330034.0,1147591.0,7846406.0,7268447.0,1646588.1999999874,71319,7961801.0,13865,484754.0,473345.0,185341.0,127948.0,838.0,1272226.0
OO,2020,1,71159,1461,198,69500,58809,10691,86475.0,965678.0,736447.0,7802325.0,7152353.0,1693631.6999999897,70934,7956175.0,10691,47671.0,533305.0,192235.0,143272.0,662.0,917145.0
OO,2020,2,67056,831,221,66004,55608,10396,74097.0,944664.0,698044.0,7348572.0,6725277.0,1573409.8999999883,66735,7418554.0,10396,50151.0,498260.0,196014.0,156131.0,1512.0,902068.0
OO,2020,3,74153,7936,154,66063,59869,6194,-486910.0,501738.0,152955.0,7206016.0,6566151.0,1553841.600000007,72204,7841809.0,6194,153573.0,208201.0,67785.0,35492.0,469.0,465520.0
OO,2020,4,39382,11116,38,28228,26621,1607,-330387.0,131495.0,-68145.0,2821364.0,2559122.0,603031.2000000043,38875,3812587.0,1607,17634.0,77858.0,15114.0,9319.0,106.0,120031.0
OO,2020,5,26040,1622,32,24386,23309,1077,-279812.0,88710.0,-55163.0,2509662.0,2285009.0,407985.6000000006,24942,2572338.0,1077,14939.0,49231.0,10706.0,4342.0,55.0,79273.0
OO,2020,6,26241,133,53,26055,24320,1735,-173435.0,125468.0,-25775.0,2669451.0,2521658.0,360564.1999999991,25956,2668416.0,1735,11157.0,74078.0,5006.0,18970.0,0.0,109211.0
OO,2020,7,39954,180,82,39692,35969,3723,-93653.0,311806.0,90916.0,4053301.0,3868732.0,533329.9999999937,39749,4067797.0,3723,58124.0,189129.0,8295.0,25156.0,505.0,281209.0
OO,2020,8,49605,269,91,49245,45696,3549,-266127.0,289694.0,27333.0,5047872.0,4754402.0,711131.0999999961,49259,5054474.0,3549,37474.0,184395.0,6675.0,30028.0,85.0,258657.0
OO,2020,9,46680,393,94,46193,42990,3203,-290357.0,274220.0,52035.0,4847468.0,4505076.0,750083.7999999949,46284,4857205.0,3203,38917.0,165152.0,7291.0,38644.0,524.0,250528.0
OO,2020,10,51051,388,122,50541,45689,4852,-109668.0,437238.0,175342.0,5287600.0,5002590.0,811545.999999997,50880,5317479.0,4852,87587.0,242772.0,10228.0,60036.0,744.0,401367.0
OO,2020,11,51025,87,106,50832,46700,4132,-263424.0,326000.0,44600.0,5440806.0,5132782.0,877177.2999999921,50473,5390837.0,4132,60663.0,183207.0,6237.0,39005.0,389.0,289501.0
OO,2020,12,54674,539,152,53983,47174,6809,-19763.0,577952.0,282989.0,5952378.0,5649626.0,992674.8999999859,54368,5989321.0,6809,89211.0,315598.0,34402.0,91654.0,909.0,531774.0
OO,2021,1,51999,588,165,51246,46057,5189,-185896.0,489656.0,209841.0,5870891.0,5475214.0,1086704.6999999937,51844,5937263.0,5189,76509.0,262692.0,24850.0,88190.0,1425.0,453666.0
OO,2021,2,47307,2084,158,45065,38048,7017,164406.0,666058.0,412635.0,5121451.0,4873222.0,949839.5999999932,46987,5368052.0,7017,73261.0,359926.0,23419.0,169422.0,429.0,626457.0
OO,2021,3,57629,1504,103,56022,50531,5491,-196956.0,470432.0,202076.0,6314606.0,5915574.0,1131607.0000000047,57000,6422015.0,5491,44294.0,305902.0,20091.0,57785.0,1587.0,429659.0
OO,2021,4,56649,127,129,56393,51881,4512,-322133.0,380895.0,116926.0,6288899.0,5849840.0,1112140.700000002,56508,6302610.0,4512,48589.0,236947.0,13033.0,47060.0,821.0,346450.0
OO,2021,5,60400,237,175,59988,53213,6775,-47506.0,566720.0,295474.0,6621093.0,6278113.0,1095842.7999999984,59692,6588401.0,6775,104555.0,302029.0,33008.0,79214.0,1142.0,519948.0
OO,2021,6,67511,505,247,66759,53810,12949,648796.0,1164119.0,904663.0,7263491.0,7007624.0,1101013.7000000007,67193,7311474.0,12949,347180.0,528674.0,73640.0,142034.0,1560.0,1093088.0
OO,2021,7,72133,765,274,71094,54415,16679,1037815.0,1530411.0,1266406.0,7747843.0,7519252.0,1152920.5000000065,71848,7824858.0,16679,469879.0,752531.0,70830.0,155736.0,2379.0,1451355.0
OO,2021,8,71616,1462,231,69923,54875,15048,855098.0,1341128.0,1030087.0,7620911.0,7445922.0,1103633.7999999977,70948,7717575.0,15048,396636.0,628700.0,85293.0,151511.0,610.0,1262750.0
OO,2021,9,66966,297,128,66541,58228,8313,89377.0,692127.0,392791.0,7195970.0,6892556.0,1108043.9999999974,65960,7133175.0,8313,176805.0,368258.0,35018.0,49856.0,812.0,630749.0
OO,2021,10,68988,2458,152,66378,54762,11616,580067.0,1118669.0,875071.0,7138137.0,6843111.0,1181397.5999999987,68586,7367842.0,11616,287684.0,622737.0,37997.0,103620.0,1601.0,1053639.0
OO,2021,11,66279,280,123,65876,57389,8487,93793.0,766579.0,544231.0,7268329.0,6817891.0,1317394.8999999983,65554,7222800.0,8487,165123.0,466499.0,7614.0,71504.0,1369.0,712109.0
OO,2021,12,65939,3105,249,62585,47969,14616,775971.0,1327674.0,1127582.0,7092335.0,6740724.0,1375986.4999999846,64721,7320842.0,14616,272872.0,755959.0,29861.0,207401.0,450.0,1266543.0
OO,2022,1,63146,4284,211,58651,46587,12064,465013.0,1074813.0,865492.0,6719255.0,6318776.0,1385797.899999974,62818,7177040.0,12064,207164.0,670109.0,20396.0,126954.0,1253.0,1025876.0
OO,2022,2,54943,2235,159,52549,42584,9965,378324.0,916518.0,719778.0,5869804.0,5528350.0,1154582.2999999828,54468,6094431.0,9965,237524.0,472415.0,23111.0,137650.0,1031.0,871731.0
OO,2022,3,60933,576,170,60187,50430,9757,232024.0,799226.0,546147.0,6534403.0,6220280.0,1145249.200000009,59667,6476496.0,9757,216775.0,413191.0,13064.0,97640.0,2380.0,743050.0
OO,2022,4,63870,823,142,62905,53024,9881,337194.0,885758.0,605859.0,6659735.0,6391070.0,1125128.6000000215,63435,6707099.0,9881,210195.0,480501.0,22117.0,108604.0,3810.0,825227.0
OO,2022,5,66677,523,147,66007,55746,10261,372969.0,952843.0,687242.0,6882223.0,6567950.0,1144912.2000000116,65915,6869640.0,10261,217128.0,571256.0,12778.0,90572.0,1012.0,892746.0
OO,2022,6,66038,431,160,65447,54102,11345,449925.0,991453.0,756626.0,6789836.0,6483135.0,1111473.7000000027,65255,6770781.0,11345,193705.0,635050.0,25991.0,72418.0,2449.0,929613.0
OO,2022,7,65225,507,220,64498,54054,10444,325454.0,887914.0,638828.0,6723360.0,6409986.0,1122386.9999999898,64940,6776470.0,10444,174831.0,503430.0,56996.0,93606.0,2817.0,831680.0
OO,2022,8,63698,876,181,62641,52832,9809,295218.0,854704.0,613259.0,6571619.0,6253578.0,1109243.4999999895,63389,6655831.0,9809,171413.0,482526.0,39594.0,106447.0,1436.0,801416.0
OO,2022,9,62347,225,106,62016,53834,8182,88881.0,670846.0,415953.0,6428143.0,6101071.0,1084670.20000001,61459,6372716.0,8182,116884.0,423717.0,20720.0,56983.0,917.0,619221.0
OO,2022,10,60553,177,131,60245,53581,6664,-26792.0,567989.0,305330.0,6236561.0,5904439.0,1087591.2000000032,60307,6243010.0,6664,100622.0,326504.0,15429.0,75540.0,1380.0,519475.0
OO,2022,11,55716,646,148,54922,45610,9312,247748.0,732542.0,469241.0,5768171.0,5546676.0,1077073.799999997,55186,5781694.0,9312,119316.0,421159.0,17267.0,118311.0,1208.0,677261.0
OO,2022,12,50430,2028,221,48181,36285,11896,686199.0,1046540.0,832098.0,5146428.0,5000573.0,962689.5999999971,48267,5177320.0,11896,225633.0,506427.0,30896.0,228176.0,1406.0,992538.0
OO,2023,1,50347,1670,299,48378,37208,11170,537705.0,922897.0,659594.0,5172633.0,5050744.0,982974.0999999883,48141,5184934.0,11170,211381.0,432867.0,45163.0,175490.0,4324.0,869225.0
OO,2023,2,50486,1351,155,48980,39917,9063,301973.0,757703.0,517476.0,5206330.0,4990827.0,980110.7999999912,48172,5146158.0,9063,177194.0,383358.0,22118.0,124901.0,2283.0,709854.0
OO,2023,3,57835,976,248,56611,45315,11296,410114.0,855725.0,558385.0,5905551.0,5757280.0,1063815.200000009,54013,5635482.0,11296,181047.0,417322.0,59302.0,133065.0,1979.0,792715.0
OO,2023,4,56048,811,156,55081,47300,7781,139868.0,633938.0,361980.0,5623016.0,5400904.0,990589.4000000035,52994,5409964.0,7781,100610.0,338904.0,35801.0,106972.0,706.0,582993.0
OO,2023,5,56397,413,129,55855,48595,7260,21730.0,557804.0,290551.0,5657174.0,5388350.0,987533.3999999999,53295,5399108.0,7260,116813.0,300302.0,40400.0,52486.0,778.0,510779.0
OO,2023,6,56372,704,123,55545,46265,9280,321324.0,779604.0,534783.0,5572686.0,5359205.0,975716.5000000047,53951,5403836.0,9280,156538.0,417553.0,61602.0,87604.0,2496.0,725793.0
OO,2023,7,57287,848,177,56262,46486,9776,379304.0,853395.0,617310.0,5673005.0,5434999.0,986326.4999999994,54494,5481993.0,9776,237306.0,413342.0,65512.0,87052.0,306.0,803518.0
OO,2023,8,58093,404,161,57528,48487,9041,265043.0,770518.0,496839.0,5812287.0,5579714.0,998217.199999998,55276,5566660.0,9041,162509.0,437942.0,38311.0,78921.0,1086.0,718769.0
OO,2023,9,59245,230,106,58909,49682,9227,237435.0,761228.0,477996.0,5900271.0,5659710.0,1054102.800000003,56894,5681081.0,9227,201606.0,383993.0,65388.0,56067.0,1891.0,708945.0
OO,2023,10,59863,306,114,59443,50962,8481,161587.0,709942.0,410086.0,5967223.0,5717786.0,1085755.9000000015,57262,5718663.0,8481,145614.0,402102.0,25366.0,83667.0,993.0,657742.0
OO,2023,11,57194,118,124,56952,49387,7565,45428.0,645543.0,373111.0,5898311.0,5569928.0,1172317.7999999984,54567,5621678.0,7565,122388.0,280826.0,92161.0,103246.0,721.0,599342.0
OO,2023,12,55995,421,257,55317,47157,8160,150675.0,771891.0,531804.0,5931629.0,5549497.0,1220423.199999989,52509,5596951.0,8160,136491.0,278428.0,114425.0,196705.0,780.0,726829.0
OO,2024,1,56814,2384,224,54206,41124,13082,824085.0,1316481.0,1061206.0,5840651.0,5603530.0,1226240.1999999874,53328,5707280.0,13082,249238.0,581854.0,149045.0,283294.0,2353.0,1265784.0
OO,2024,2,53325,709,219,52397,43625,8772,188895.0,757730.0,487412.0,5638641.0,5340124.0,1141260.4999999907,50034,5364105.0,8772,144220.0,308669.0,136882.0,122871.0,2342.0,714984.0
OO,2024,3,56241,771,197,55273,46140,9133,157912.0,697679.0,416310.0,5845117.0,5586719.0,1156821.8000000059,52039,5478189.0,9133,106735.0,294819.0,148613.0,95284.0,2562.0,648013.0
OO,2024,4,59669,400,176,59093,49464,9629,291182.0,801625.0,489391.0,6099460.0,5901251.0,1107701.5000000051,56085,5762815.0,9629,127115.0,381479.0,135689.0,99582.0,1792.0,745657.0
OO,2024,5,62107,848,201,61058,48468,12590,708463.0,1172668.0,869023.0,6265828.0,6105268.0,1116924.3000000052,57969,5932548.0,12590,210313.0,493692.0,213722.0,193691.0,1418.0,1112836.0
OO,2024,6,61853,530,211,61112,47375,13737,759203.0,1200769.0,904690.0,6300615.0,6155128.0,1098099.7000000007,57683,5923589.0,13737,185006.0,625406.0,162420.0,159933.0,2503.0,1135268.0
OO,2024,7,63914,568,164,63182,49578,13604,637118.0,1106338.0,812963.0,6478722.0,6302877.0,1131612.7999999977,59586,6091075.0,13604,195515.0,575757.0,148215.0,120288.0,1859.0,1041634.0
OO,2024,8,65390,279,197,64914,51755,13159,569311.0,1075046.0,747997.0,6633765.0,6455079.0,1166213.100000001,60917,6196064.0,13159,206066.0,530695.0,169079.0,105929.0,1426.0,1013195.0
OO,2024,9,64633,109,106,64418,54500,9918,138770.0,735685.0,403747.0,6582081.0,6317104.0,1189609.0999999999,60242,6115906.0,9918,171056.0,370414.0,69106.0,68738.0,557.0,679871.0
OO,2024,10,69069,120,115,68834,58947,9887,121226.0,789510.0,449907.0,7113732.0,6785051.0,1299709.3000000014,64290,6592315.0,9887,149460.0,456970.0,64985.0,60830.0,659.0,732904.0
OO,2024,11,65042,923,164,63955,52271,11684,341409.0,949528.0,588555.0,6721221.0,6474075.0,1329375.9000000067,60439,6295368.0,11684,169328.0,455817.0,126164.0,139211.0,474.0,890994.0
OO,2024,12,66601,886,271,65444,51215,14229,660444.0,1284518.0,993698.0,7105914.0,6772660.0,1451862.3999999953,60834,6555784.0,14229,211563.0,615888.0,152979.0,242631.0,1453.0,1224514.0
OO,2025,1,65036,1343,191,63502,50241,13261,504264.0,1172101.0,825663.0,6969107.0,6647708.0,1469625.7999999956,59264,6449237.0,13261,235074.0,541772.0,156670.0,181519.0,1020.0,1116055.0
OO,2025,2,59806,1055,189,58562,44702,13860,628650.0,1188260.0,838450.0,6354742.0,6144942.0,1288667.0999999943,54548,5868816.0,13860,263987.0,542935.0,162303.0,165502.0,663.0,1135390.0
OO,2025,3,70517,1075,265,69177,55444,13733,481698.0,1154139.0,780371.0,7380438.0,7081765.0,1475828.300000011,64236,6786573.0,13733,213556.0,539058.0,181750.0,158294.0,858.0,1093516.0
OO,2025,4,69319,664,204,68451,56391,12060,356693.0,993087.0,576942.0,7106601.0,6886352.0,1381684.200000008,63899,6579971.0,12060,164722.0,436207.0,195305.0,135673.0,2623.0,934530.0
OO,2025,5,72962,628,214,72120,58639,13481,519466.0,1127711.0,707326.0,7390206.0,7202346.0,1387850.1000000085,66184,6701599.0,13481,192801.0,477415.0,218738.0,166465.0,2275.0,1057694.0
OO,2025,6,73660,589,320,72751,54546,18205,1131190.0,1680110.0,1301923.0,7563795.0,7393062.0,1415616.4000000008,67225,6921976.0,18205,348379.0,790247.0,290717.0,175914.0,3229.0,1608486.0
OO,2025,7,75877,1025,377,74475,56111,18364,1100681.0,1658379.0,1280764.0,7783324.0,7603241.0,1427019.6999999983,68729,7096520.0,18364,328634.0,725883.0,306333.0,222290.0,2424.0,1585564.0
OO,2025,8,74150,755,287,73108,57890,15218,693594.0,1301095.0,912479.0,7642811.0,7423926.0,1414378.0999999933,67178,6937488.0,15218,259054.0,589077.0,207339.0,175368.0,1395.0,1232233.0
OO,2025,9,69406,272,135,68999,58448,10551,99969.0,787242.0,379355.0,7182823.0,6903437.0,1381314.800000013,63183,6496378.0,10551,134860.0,372078.0,131450.0,88572.0,1075.0,728035.0
OO,2025,10,71927,146,150,71631,59291,12340,266257.0,947601.0,526053.0,7458843.0,7199047.0,1465595.9000000008,65781,6772236.0,12340,159320.0,501368.0,134444.0,86833.0,863.0,882828.0
OO,2025,11,68346,2964,161,65221,53498,11723,354564.0,1039589.0,609466.0,6967416.0,6712514.0,1517298.7999999986,62420,6559392.0,11723,152218.0,430790.0,253402.0,148776.0,352.0,985538.0
OO,2025,12,68814,1327,283,67204,49005,18199,1412666.0,2031874.0,1663511.0,7449362.0,7198517.0,1583999.5999999964,61661,6747113.0,18199,441531.0,871661.0,324146.0,333444.0,1082.0,1971864.0
OO,2026,1,66168,2192,268,63708,48996,14712,838751.0,1527220.0,1188234.0,7177994.0,6828511.0,1594578.4999999907,59027,6574952.0,14712,280900.0,710690.0,188769.0,293909.0,722.0,1474990.0
OO,2026,2,62073,731,198,61144,47822,13322,617691.0,1289753.0,975386.0,6818557.0,6460862.0,1445191.3999999925,55603,6138106.0,13322,236162.0,662234.0,168357.0,171682.0,3228.0,1241663.0
OO,2026,3,73390,2626,217,70547,54886,15661,903512.0,1628424.0,1264113.0,7788586.0,7427985.0,1640033.2000000163,64751,7042032.0,15661,346910.0,782461.0,244410.0,197613.0,661.0,1572055.0
OO,2026,4,73115,1338,188,71589,57137,14452,578393.0,1288339.0,863217.0,7716952.0,7432128.0,1602662.7000000097,64500,6858170.0,14452,308266.0,556889.0,211537.0,150147.0,930.0,1227769.0
OO,2026,5,75994,647,203,75144,60219,14925,579807.0,1293622.0,893080.0,8072299.0,7759026.0,1639367.4000000122,66764,7077936.0,14925,317891.0,535133.0,235319.0,137931.0,760.0,1227034.0
OO,2026,6,73673,1035,316,72322,56132,16190,723355.0,1385477.0,1020625.0,7857047.0,7559777.0,1612495.7999999924,64679,6945343.0,16190,333027.0,542453.0,263868.0,181121.0,624.0,1321093.0
OO,2026,7,77072,1193,323,75556,57498,18058,951855.0,1618535.0,1254448.0,8174014.0,7871421.0,1657486.599999987,67344,7183322.0,18058,372465.0,686594.0,294580.0,194204.0,1357.0,1549200.0
QX,2021,1,8906,122,19,8765,8107,658,-46429.0,36640.0,-8473.0,892480.0,854524.0,123123.4999999992,8766,890053.0,658,8857.0,12435.0,5762.0,2033.0,162.0,29249.0
QX,2021,2,8336,656,18,7662,6339,1323,21022.0,74700.0,30344.0,763911.0,754589.0,108107.99999999988,8025,802132.0,1323,20268.0,19102.0,17000.0,8230.0,123.0,64723.0
QX,2021,3,9572,110,22,9440,8468,972,-17104.0,53704.0,12800.0,939625.0,909721.0,129092.29999999968,9386,932279.0,972,14962.0,20163.0,7439.0,669.0,103.0,43336.0
QX,2021,4,9575,100,9,9466,8735,731,-38299.0,38245.0,798.0,988718.0,949621.0,136979.49999999927,9563,999496.0,731,9269.0,14307.0,5746.0,243.0,60.0,29625.0
QX,2021,5,10137,86,17,10034,9103,931,-18972.0,54826.0,16002.0,1037486.0,1002512.0,137116.69999999925,9844,1018689.0,931,14862.0,22150.0,7299.0,996.0,30.0,45337.0
QX,2021,6,10607,212,12,10383,8860,1523,23380.0,84081.0,52728.0,1030777.0,1001429.0,133153.9,10365,1029256.0,1523,29416.0,28278.0,10177.0,1536.0,44.0,69451.0
QX,2021,7,11400,125,10,11265,9652,1613,19484.0,86608.0,54107.0,1098707.0,1064084.0,146317.00000000006,11377,1109364.0,1613,31316.0,29329.0,10403.0,1114.0,298.0,72460.0
QX,2021,8,11127,131,9,10987,9212,1775,31239.0,96373.0,61812.0,1057393.0,1026820.0,142613.5999999999,10959,1056679.0,1775,36594.0,31844.0,12283.0,1326.0,216.0,82263.0
QX,2021,9,9200,42,11,9147,8051,1096,-5488.0,61825.0,27511.0,866334.0,833335.0,121871.29999999944,8705,825304.0,1096,20917.0,22783.0,8736.0,354.0,196.0,52986.0
QX,2021,10,7683,30,14,7639,6857,782,-11959.0,44598.0,15475.0,711232.0,683798.0,104912.00000000035,7566,704622.0,782,13178.0,14357.0,8337.0,702.0,68.0,36642.0
QX,2021,11,7687,46,16,7625,6724,901,1281.0,52688.0,26456.0,735719.0,710544.0,109457.00000000007,7456,712099.0,901,18186.0,16561.0,7505.0,1297.0,247.0,43796.0
QX,2021,12,7398,436,15,6947,5067,1880,98139.0,132188.0,101907.0,686613.0,682845.0,104196.10000000015,7042,693118.0,1880,48067.0,37336.0,24934.0,11621.0,372.0,122330.0
QX,2022,1,8105,426,30,7649,5719,1930,83868.0,121996.0,92497.0,731036.0,722407.0,106840.40000000078,8017,765724.0,1930,48135.0,40049.0,16515.0,7463.0,100.0,112262.0
QX,2022,2,7026,102,15,6909,5926,983,12619.0,55302.0,29180.0,653590.0,637029.0,92114.40000000068,6978,662362.0,983,18515.0,17796.0,7329.0,2900.0,67.0,46607.0
QX,2022,3,7888,139,12,7737,6789,948,8616.0,55285.0,29387.0,722509.0,701738.0,102820.29999999967,7790,724779.0,948,17175.0,20511.0,6850.0,1138.0,243.0,45917.0
QX,2022,4,7731,160,11,7560,6204,1356,42556.0,78422.0,48845.0,684296.0,678007.0,86749.39999999986,7645,689122.0,1356,27844.0,24140.0,12854.0,2043.0,993.0,67874.0
QX,2022,5,8278,68,13,8197,6905,1292,34498.0,73271.0,40975.0,732023.0,725546.0,89744.19999999963,8071,715075.0,1292,27986.0,23840.0,8266.0,618.0,14.0,60724.0
QX,2022,6,8776,50,10,8716,7106,1610,46557.0,87069.0,53498.0,790002.0,783061.0,94183.09999999977,8485,763225.0,1610,33606.0,28380.0,12201.0,596.0,137.0,74920.0
QX,2022,7,8516,35,9,8472,7423,1049,7618.0,58384.0,29264.0,782586.0,760940.0,97055.30000000013,8467,780610.0,1049,20158.0,21398.0,6124.0,1432.0,189.0,49301.0
QX,2022,8,8246,18,4,8224,7240,984,4287.0,53162.0,23712.0,757262.0,737837.0,93384.29999999992,8207,754157.0,984,17041.0,17160.0,7956.0,974.0,476.0,43607.0
QX,2022,9,7548,12,11,7525,6447,1078,21585.0,62796.0,33987.0,650176.0,637774.0,81233.50000000033,7346,630244.0,1078,22384.0,18729.0,9461.0,1828.0,381.0,52783.0
QX,2022,10,5646,16,8,5622,5084,538,-8006.0,29981.0,10119.0,473591.0,455466.0,63249.4000000002,5589,469265.0,538,7422.0,10525.0,5284.0,984.0,47.0,24262.0
QX,2022,11,5478,61,12,5405,4352,1053,37368.0,65173.0,41322.0,472243.0,468289.0,64388.300000000134,5326,459605.0,1053,22464.0,14196.0,14615.0,5967.0,53.0,57295.0
QX,2022,12,5553,425,23,5105,3429,1676,112774.0,134464.0,115161.0,460178.0,457791.0,60665.29999999999,4985,431086.0,1676,54271.0,28838.0,18995.0,24191.0,100.0,126395.0
UA,2015,1,38395,967,65,37363,28962,8401,237357.0,534034.0,518806.0,7467896.0,7186447.0,870221.0000000042,38305,7664983.0,8401,167279.0,173564.0,114005.0,33093.0,32.0,487973.0
UA,2015,2,36235,1006,57,35172,26681,8491,255372.0,516728.0,521762.0,6950865.0,6684475.0,823514.8999999999,36140,7142745.0,8491,152922.0,163222.0,118593.0,37149.0,0.0,471886.0
UA,2015,3,43603,641,91,42871,34083,8788,209734.0,575686.0,591347.0,8558742.0,8177129.0,983371.1999999945,43506,8690085.0,8788,194410.0,176035.0,124785.0,31272.0,0.0,526502.0
UA,2015,4,41342,370,107,40865,32819,8046,178829.0,538357.0,522738.0,8194967.0,7851058.0,919405.5999999966,41276,8275202.0,8046,196042.0,167650.0,112397.0,17630.0,0.0,493719.0
UA,2015,5,44411,348,199,43864,34037,9827,299490.0,659336.0,639960.0,8800832.0,8460362.0,977607.7999999967,44327,8885751.0,9827,249791.0,176150.0,144926.0,37835.0,362.0,609064.0
UA,2015,6,46084,1105,234,44745,30576,14169,757652.0,1042199.0,1084519.0,9067233.0,8740366.0,984268.200000001,46005,9305017.0,14169,441425.0,306708.0,197916.0,42807.0,0.0,988856.0
UA,2015,7,46478,468,137,45873,34180,11693,470774.0,835148.0,887569.0,9330507.0,8913712.0,1004847.2000000005,46447,9442945.0,11693,352110.0,268091.0,141755.0,24095.0,0.0,786051.0
UA,2015,8,45413,341,131,44941,35807,9134,225336.0,621932.0,639463.0,9042347.0,8628220.0,973943.6000000001,45350,9118458.0,9134,235238.0,185326.0,127334.0,28280.0,714.0,576892.0
UA,2015,9,41778,106,70,41602,36023,5579,-74645.0,368081.0,308062.0,8150219.0,7767512.0,920351.5000000071,41728,8173381.0,5579,126518.0,114873.0,81376.0,10361.0,117.0,333245.0
UA,2015,10,45894,128,90,45676,40216,5460,-112205.0,381625.0,335558.0,8895716.0,8447953.0,1043959.9000000064,45869,8934129.0,5460,135264.0,126702.0,75363.0,5643.0,0.0,342972.0
UA,2015,11,42647,307,104,42236,35796,6440,11871.0,501656.0,472844.0,8297008.0,7836035.0,1053011.6000000057,42467,8342106.0,6440,182828.0,142992.0,120229.0,22448.0,80.0,468577.0
UA,2015,12,43443,786,103,42554,33860,8694,298392.0,727051.0,755153.0,8616969.0,8160208.0,1046874.1000000067,43174,8725189.0,8694,290945.0,213000.0,151693.0,34431.0,0.0,690069.0
UA,2016,1,39761,1336,56,38369,32798,5571,-110849.0,371214.0,357444.0,7604604.0,7136311.0,1005445.3000000046,39576,7877078.0,5571,114689.0,123659.0,88045.0,16681.0,46.0,343120.0
UA,2016,2,38944,348,59,38537,33580,4957,-137593.0,396012.0,343041.0,7587791.0,7107157.0,981265.3000000048,38865,7642959.0,4957,134376.0,104276.0,111286.0,23789.0,0.0,373727.0
UA,2016,3,44250,483,77,43690,35891,7799,89767.0,570752.0,522232.0,8698927.0,8266462.0,1025353.4999999988,44023,8743219.0,7799,221361.0,159701.0,136767.0,20147.0,38.0,538014.0
UA,2016,4,43281,650,81,42550,36832,5718,-98415.0,416722.0,354832.0,8367865.0,7914618.0,998119.4999999988,43232,8489957.0,5718,160939.0,116888.0,95872.0,13543.0,0.0,387242.0
UA,2016,5,45914,247,172,45495,38443,7052,-6848.0,517316.0,449080.0,8928048.0,8472120.0,1055889.2999999963,45812,8980919.0,7052,197833.0,141564.0,119899.0,24531.0,0.0,483827.0
UA,2016,6,46424,357,242,45825,36772,9053,215031.0,679168.0,632793.0,9059624.0,8641862.0,1039413.8000000018,46322,9157458.0,9053,265374.0,185203.0,153882.0,37036.0,0.0,641495.0
UA,2016,7,48049,561,230,47258,36785,10473,406446.0,852079.0,813162.0,9399975.0,8993259.0,1044153.1999999997,47979,9536288.0,10473,334788.0,216062.0,202660.0,59741.0,0.0,813251.0
UA,2016,8,49758,313,181,49264,38571,10693,323610.0,763591.0,695228.0,9521822.0,9150204.0,1024540.7000000017,49683,9604764.0,10693,304031.0,191407.0,189407.0,32581.0,1717.0,719143.0
UA,2016,9,46935,175,83,46677,39614,7063,13701.0,493393.0,385181.0,8736712.0,8365232.0,958271.6000000072,46860,8768488.0,7063,173630.0,145058.0,121097.0,15524.0,0.0,455309.0
UA,2016,10,49951,349,65,49537,41638,7899,36611.0,543348.0,454515.0,9130290.0,8712386.0,1021918.9000000084,49919,9193627.0,7899,199391.0,153199.0,145508.0,4152.0,53.0,502303.0
UA,2016,11,46082,116,64,45902,39673,6229,-143617.0,424806.0,352138.0,8544192.0,8048437.0,1055042.500000008,45946,8556322.0,6229,148179.0,118092.0,110883.0,12354.0,0.0,389508.0
UA,2016,12,45718,535,97,45086,34752,10334,357011.0,754661.0,720163.0,8810000.0,8446848.0,1015095.2000000087,45650,8914059.0,10334,277424.0,199703.0,181510.0,51154.0,224.0,710015.0
UA,2017,1,42403,232,115,42056,33225,8831,206578.0,654290.0,569707.0,8030580.0,7667451.0,978860.2999999993,42373,8093566.0,8831,217176.0,189305.0,187095.0,22680.0,148.0,616404.0
UA,2017,2,40004,370,78,39556,32615,6941,55763.0,521244.0,418554.0,7466315.0,7103524.0,924343.7000000065,39916,7539823.0,6941,180273.0,130713.0,161398.0,18207.0,33.0,490624.0
UA,2017,3,48497,663,68,47766,39262,8504,137212.0,603984.0,496680.0,9082206.0,8722738.0,1048902.1999999941,48330,9203501.0,8504,217110.0,152120.0,181339.0,11211.0,0.0,561780.0
UA,2017,4,45541,34,84,45423,37287,8136,146852.0,601097.0,465461.0,8637860.0,8319251.0,969998.0999999975,45503,8655036.0,8136,206353.0,124913.0,221799.0,9924.0,0.0,562989.0
UA,2017,5,49408,69,110,49229,40642,8587,131667.0,642155.0,490969.0,9295920.0,8936618.0,1041326.9999999994,49311,9307366.0,8587,207859.0,140085.0,234258.0,20395.0,0.0,602597.0
UA,2017,6,52015,241,151,51623,41292,10331,314516.0,813568.0,672549.0,9842796.0,9484763.0,1088545.0999999973,51887,9884240.0,10331,302894.0,191316.0,244696.0,30054.0,117.0,769077.0
UA,2017,7,53569,435,228,52906,42167,10739,356075.0,896778.0,753758.0,10164203.0,9766520.0,1116842.7000000014,53537,10275723.0,10739,368667.0,196130.0,240875.0,51341.0,0.0,857013.0
UA,2017,8,55445,2201,193,53051,42958,10093,209451.0,746939.0,569099.0,10068802.0,9709154.0,1151737.0000000016,55378,10478429.0,10093,275778.0,152343.0,225083.0,50921.0,134.0,704259.0
UA,2017,9,48875,1456,67,47352,41764,5588,-217175.0,367931.0,165019.0,8765104.0,8382910.0,1023256.0000000048,48776,9023410.0,5588,112459.0,89683.0,125113.0,8826.0,7.0,336088.0
UA,2017,10,51284,156,85,51043,44082,6961,-68802.0,506838.0,317611.0,9432543.0,9046130.0,1081753.7000000053,51250,9469544.0,6961,165076.0,102825.0,183573.0,16738.0,101.0,468313.0
UA,2017,11,48354,18,44,48292,42827,5465,-226794.0,383800.0,196892.0,8985853.0,8562167.0,1117198.2000000044,48145,8960920.0,5465,133186.0,89612.0,126180.0,2598.0,0.0,351576.0
UA,2017,12,49086,84,87,48915,41512,7403,-42630.0,500862.0,322571.0,9356718.0,8991517.0,1104099.0000000007,48926,9351764.0,7403,158710.0,120433.0,150066.0,30674.0,0.0,459883.0
UA,2018,1,45384,898,81,44405,38418,5987,-105655.0,416094.0,259120.0,8457572.0,8092797.0,1043820.900000004,45281,8624151.0,5987,132831.0,97697.0,120382.0,31978.0,0.0,382888.0
UA,2018,2,41650,163,91,41396,35270,6126,-49472.0,410104.0,216494.0,7805313.0,7539347.0,954100.3000000005,41573,7838307.0,6126,116854.0,84630.0,145335.0,28553.0,247.0,375619.0
UA,2018,3,49800,1109,90,48601,41798,6803,-63520.0,481282.0,313647.0,9349970.0,8972803.0,1148288.5999999961,49744,9573173.0,6803,158877.0,113775.0,147731.0,22798.0,0.0,443181.0
UA,2018,4,49937,94,97,49746,41885,7861,91955.0,573714.0,358532.0,9412265.0,9145688.0,1008311.2999999959,49864,9435219.0,7861,207076.0,125418.0,174993.0,23286.0,0.0,530773.0
UA,2018,5,52816,328,213,52275,41647,10628,367757.0,829833.0,592646.0,9798983.0,9574094.0,1019458.500000001,52781,9889522.0,10628,295974.0,163170.0,273708.0,49545.0,0.0,782397.0
UA,2018,6,55056,272,205,54579,41411,13168,606335.0,1004625.0,756662.0,10193480.0,10043153.0,974120.8000000003,54991,10264726.0,13168,415316.0,208799.0,270975.0,52316.0,25.0,947431.0
UA,2018,7,57209,394,229,56586,42975,13611,683661.0,1096185.0,869715.0,10558464.0,10372410.0,987329.9999999994,57192,10674705.0,13611,456643.0,239360.0,275054.0,64350.0,0.0,1035407.0
UA,2018,8,57921,745,283,56893,41018,15875,930417.0,1305124.0,1043283.0,10475995.0,10363129.0,976706.1000000004,57858,10650130.0,15875,517654.0,260988.0,381861.0,85066.0,0.0,1245569.0
UA,2018,9,52905,204,120,52581,43471,9110,232306.0,684943.0,395446.0,9473913.0,9310773.0,879416.0999999999,52826,9506979.0,9110,224103.0,147762.0,215435.0,47084.0,32.0,634416.0
UA,2018,10,55565,64,113,55388,45514,9874,188194.0,641406.0,346424.0,9957795.0,9799565.0,942107.3999999993,55521,9983884.0,9874,218922.0,144298.0,195406.0,22633.0,0.0,581259.0
UA,2018,11,51792,557,106,51129,40316,10813,421094.0,792599.0,544255.0,9279094.0,9155993.0,956906.1000000066,51644,9369340.0,10813,274363.0,164081.0,243778.0,49968.0,0.0,732190.0
UA,2018,12,51530,75,119,51336,41548,9788,241836.0,666686.0,437880.0,9678183.0,9482139.0,948917.3000000033,51483,9707421.0,9788,244243.0,156170.0,194728.0,15291.0,0.0,610432.0
UA,2019,1,46915,697,92,46126,36970,9156,302776.0,752600.0,555433.0,8847911.0,8595254.0,1033280.2000000005,46869,8972902.0,9156,237279.0,137212.0,295122.0,41221.0,0.0,710834.0
UA,2019,2,43722,210,71,43441,33661,9780,387956.0,761656.0,541433.0,8172909.0,8019432.0,920346.5000000013,43681,8212388.0,9780,252263.0,138334.0,277424.0,48240.0,0.0,716261.0
UA,2019,3,53651,644,95,52912,42277,10635,326375.0,793284.0,595086.0,10045831.0,9777180.0,1077733.299999994,53551,10154653.0,10635,334667.0,175761.0,198890.0,31011.0,546.0,740875.0
UA,2019,4,52292,529,125,51638,41702,9936,343204.0,812089.0,611829.0,9753603.0,9484978.0,1055915.2999999942,52287,9866400.0,9936,337621.0,180559.0,209329.0,36730.0,0.0,764239.0
UA,2019,5,54360,380,266,53714,41015,12699,666896.0,1109477.0,864569.0,10050437.0,9852764.0,1076434.4999999956,54345,10164411.0,12699,432717.0,215472.0,314107.0,93933.0,14.0,1056243.0
UA,2019,6,54075,338,283,53454,37960,15494,899674.0,1271215.0,1059551.0,10192494.0,10032617.0,1075709.6999999995,54012,10301449.0,15494,542931.0,248294.0,349370.0,75516.0,1023.0,1217134.0
UA,2019,7,56106,732,310,55064,41308,13756,748102.0,1197899.0,1006486.0,10532389.0,10274005.0,1111786.2000000004,56081,10731414.0,13756,507768.0,239722.0,286053.0,115085.0,0.0,1148628.0
UA,2019,8,56223,517,203,55503,42395,13108,644191.0,1097147.0,879622.0,10503910.0,10268479.0,1115394.0999999985,56178,10637909.0,13108,445638.0,236707.0,290822.0,70150.0,127.0,1043444.0
UA,2019,9,52021,782,134,51105,41695,9410,226396.0,738711.0,506988.0,9448377.0,9167785.0,1062724.600000002,51928,9574517.0,9410,273337.0,138224.0,253457.0,31687.0,0.0,696705.0
UA,2019,10,55074,151,91,54832,45134,9698,134660.0,666636.0,407393.0,10108050.0,9835317.0,1122644.7000000011,55004,10139195.0,9698,249019.0,134363.0,214209.0,18984.0,36.0,616611.0
UA,2019,11,50180,265,57,49858,42087,7771,87155.0,577322.0,350092.0,9331764.0,9068827.0,1044978.8000000066,50107,9374150.0,7771,225991.0,131963.0,159395.0,13827.0,48.0,531224.0
UA,2019,12,51291,139,92,51060,40367,10693,361352.0,803661.0,609323.0,9848108.0,9600137.0,1071438.200000002,51124,9867175.0,10693,306385.0,161066.0,255759.0,27418.0,0.0,750628.0
UA,2020,1,48401,297,85,48019,41784,6235,-134304.0,447377.0,264376.0,9291539.0,8892859.0,1155822.699999999,48352,9351294.0,6235,173045.0,100378.0,116132.0,20853.0,0.0,410408.0
UA,2020,2,46244,94,77,46073,39590,6483,-99523.0,469998.0,280267.0,8862413.0,8482623.0,1115704.2000000004,46150,8874199.0,6483,184750.0,103908.0,135275.0,10274.0,0.0,434207.0
UA,2020,3,53803,12355,46,41402,37181,4221,-290610.0,283644.0,43868.0,8027197.0,7692719.0,1215881.8999999997,53551,10327313.0,4221,101957.0,73522.0,75371.0,5441.0,0.0,256291.0
UA,2020,4,17820,8862,3,8955,8631,324,-174074.0,28837.0,-34925.0,1567190.0,1428041.0,390089.00000000076,17783,3046962.0,324,3329.0,20401.0,2275.0,935.0,0.0,26940.0
UA,2020,5,7166,151,14,7001,6709,292,-113753.0,23542.0,-12274.0,1305049.0,1203570.0,156184.3,7164,1332178.0,292,4151.0,12328.0,2530.0,2244.0,0.0,21253.0
UA,2020,6,7290,5,7,7278,6822,456,-88779.0,33418.0,-279.0,1379819.0,1291319.0,145870.10000000012,7290,1382428.0,456,4675.0,13098.0,6756.0,5989.0,0.0,30518.0
UA,2020,7,14973,59,41,14873,13854,1019,-171215.0,69301.0,-15095.0,2782259.0,2626139.0,286072.9000000001,14973,2800454.0,1019,15324.0,24954.0,15305.0,6770.0,0.0,62353.0
UA,2020,8,21628,288,47,21293,19872,1421,-224096.0,98687.0,-23002.0,3888229.0,3687135.0,392914.0000000001,21620,3947209.0,1421,21096.0,36849.0,20625.0,9784.0,72.0,88426.0
UA,2020,9,17253,53,29,17171,16244,927,-203586.0,64734.0,-16161.0,3229041.0,3041616.0,346808.1000000004,17230,3237382.0,927,13079.0,27511.0,10007.0,6705.0,4.0,57306.0
UA,2020,10,23589,56,34,23499,21769,1730,-205852.0,113448.0,12923.0,4384468.0,4165693.0,483012.79999999946,23584,4400514.0,1730,23022.0,47191.0,20665.0,7213.0,0.0,98091.0
UA,2020,11,24158,57,52,24049,22334,1715,-172888.0,119639.0,-5392.0,4458239.0,4290743.0,440545.0000000003,24076,4458745.0,1715,28355.0,42246.0,19639.0,10753.0,0.0,100993.0
UA,2020,12,25892,316,26,25550,22745,2805,-109955.0,176889.0,56119.0,4844724.0,4678650.0,477741.79999999824,25889,4916011.0,2805,46069.0,60624.0,38777.0,7573.0,118.0,153161.0
UA,2021,1,23960,162,36,23762,21774,1988,-164610.0,143396.0,11769.0,4428643.0,4252264.0,470434.1999999994,23948,4465388.0,1988,34165.0,40591.0,42527.0,10322.0,0.0,127605.0
UA,2021,2,22280,1093,23,21164,18118,3046,-23181.0,203181.0,93441.0,3945057.0,3828435.0,444400.99999999924,22233,4144993.0,3046,45615.0,53648.0,48462.0,35939.0,0.0,183664.0
UA,2021,3,28946,728,24,28194,25593,2601,-155313.0,155671.0,34126.0,5271808.0,5082369.0,576519.5000000033,28928,5397312.0,2601,37473.0,50469.0,35544.0,8656.0,0.0,132142.0
UA,2021,4,27787,47,39,27701,24989,2712,-95629.0,193836.0,74938.0,5179357.0,5008790.0,521182.800000001,27745,5190707.0,2712,53523.0,51013.0,50908.0,14383.0,49.0,169876.0
UA,2021,5,30957,64,91,30802,27080,3722,-31767.0,276241.0,139324.0,5826567.0,5655476.0,573896.3000000034,30899,5831548.0,3722,81442.0,78370.0,57853.0,31055.0,0.0,248720.0
UA,2021,6,35760,66,150,35544,27010,8534,391776.0,610444.0,451851.0,6725732.0,6665657.0,540321.5000000013,35630,6730554.0,8534,199200.0,143683.0,153664.0,66922.0,112.0,563581.0
UA,2021,7,43445,586,189,42670,30541,12129,681158.0,906362.0,730277.0,8020482.0,7971363.0,628255.0000000027,43421,8174107.0,12129,344274.0,228895.0,199608.0,72738.0,1285.0,846800.0
UA,2021,8,44765,628,159,43978,32843,11135,542400.0,802957.0,637936.0,8271357.0,8175821.0,684104.9000000035,44708,8409037.0,11135,292047.0,209243.0,177999.0,66251.0,0.0,745540.0
UA,2021,9,44427,633,109,43685,37604,6081,-9702.0,444122.0,310054.0,8134003.0,7814247.0,890026.6000000003,44135,8190583.0,6081,154703.0,132511.0,95363.0,23852.0,42.0,406471.0
UA,2021,10,47757,254,84,47419,40503,6916,16545.0,492477.0,394374.0,8729567.0,8351738.0,1023255.1000000032,47596,8748953.0,6916,180552.0,152886.0,98412.0,15949.0,0.0,447799.0
UA,2021,11,47212,239,52,46921,40801,6120,-46857.0,392400.0,308070.0,8804351.0,8449424.0,1052979.800000006,47030,8824264.0,6120,140224.0,139471.0,60312.0,4804.0,131.0,344942.0
UA,2021,12,49541,1607,120,47814,36615,11199,392344.0,759716.0,743740.0,9261223.0,8909827.0,1108446.7999999973,49300,9542261.0,11199,284615.0,281946.0,118918.0,17065.0,311.0,702855.0
UA,2022,1,45741,2906,91,42744,33968,8776,203302.0,634605.0,555879.0,8301178.0,7948601.0,1069773.8999999966,45671,8835617.0,8776,214345.0,257475.0,99145.0,25600.0,8.0,596573.0
UA,2022,2,43982,887,44,43051,35172,7879,96407.0,520426.0,450442.0,8188839.0,7834804.0,993237.2999999982,43894,8327843.0,7879,180145.0,172397.0,106887.0,17387.0,165.0,476981.0
UA,2022,3,50773,218,104,50451,40119,10332,293523.0,740812.0,653547.0,9655424.0,9295400.0,1117901.3999999973,50480,9634751.0,10332,309572.0,210242.0,145054.0,22861.0,59.0,687788.0
UA,2022,4,49252,485,161,48606,39395,9211,296401.0,714866.0,614882.0,9218622.0,8900141.0,1012527.4000000017,49209,9323335.0,9211,277196.0,220594.0,137641.0,29163.0,193.0,664787.0
UA,2022,5,53646,1005,175,52466,40947,11519,450909.0,884118.0,750748.0,9691046.0,9391207.0,1095334.1999999941,53537,9873175.0,11519,345632.0,262443.0,179973.0,41992.0,0.0,830040.0
UA,2022,6,53105,1748,228,51129,39830,11299,503344.0,926521.0,843187.0,9575821.0,9235978.0,1084617.299999999,53054,9918391.0,11299,365724.0,301238.0,159743.0,50903.0,10.0,877618.0
UA,2022,7,55510,825,203,54482,42655,11827,427761.0,924141.0,821371.0,10288151.0,9894541.0,1151783.099999994,55445,10453691.0,11827,371849.0,305057.0,155676.0,44328.0,15.0,876925.0
UA,2022,8,54918,1190,234,53494,42933,10561,392338.0,899809.0,784223.0,10054247.0,9662362.0,1142461.8000000012,54853,10302326.0,10561,327602.0,280909.0,181771.0,63708.0,559.0,854549.0
UA,2022,9,50893,554,102,50237,44041,6196,-134289.0,420032.0,250524.0,9120920.0,8736107.0,1055986.0000000037,50708,9196015.0,6196,131205.0,130685.0,94165.0,24169.0,24.0,380248.0
UA,2022,10,56495,288,78,56129,49325,6804,-124721.0,455225.0,269976.0,9991286.0,9596589.0,1150699.2000000025,56451,10047823.0,6804,147072.0,157220.0,96263.0,5535.0,32.0,406122.0
UA,2022,11,53741,360,61,53320,45087,8233,42094.0,573271.0,416194.0,9645548.0,9271448.0,1185682.2000000058,53593,9693845.0,8233,211327.0,172659.0,121632.0,18253.0,230.0,524101.0
UA,2022,12,58417,1420,117,56880,41499,15381,846444.0,1284496.0,1184198.0,10450023.0,10112269.0,1271593.199999999,58186,10669011.0,15381,550833.0,435405.0,190033.0,48328.0,79.0,1224678.0
UA,2023,1,56657,415,140,56102,43137,12965,466527.0,965414.0,785503.0,10323213.0,10004237.0,1287419.799999998,56493,10391084.0,12965,374992.0,281261.0,223115.0,27462.0,55.0,906885.0
UA,2023,2,53408,398,84,52926,41966,10960,246923.0,732431.0,533833.0,9629023.0,9342113.0,1160619.4,53153,9653658.0,10960,261804.0,229673.0,163558.0,22170.0,48.0,677253.0
UA,2023,3,61590,403,108,61079,47389,13690,423454.0,904553.0,683256.0,11159760.0,10899958.0,1300699.1999999983,60813,11070634.0,13690,322303.0,264188.0,223437.0,20698.0,93.0,830719.0
UA,2023,4,57791,953,267,56571,43493,13078,591693.0,1065143.0,883082.0,10382196.0,10090807.0,1229251.0999999947,57258,10466345.0,13078,400105.0,342111.0,216786.0,47566.0,44.0,1006612.0
UA,2023,5,62340,510,214,61616,48627,12989,383049.0,959598.0,796580.0,11147082.0,10733551.0,1328434.999999996,61822,11151195.0,12989,373812.0,297711.0,183542.0,45160.0,0.0,900225.0
UA,2023,6,62395,3309,295,58791,40601,18190,1214775.0,1639435.0,1512590.0,10723889.0,10426074.0,1272949.8999999987,62056,11292603.0,18190,614512.0,633946.0,265266.0,63934.0,344.0,1578002.0
UA,2023,7,65002,2437,294,62271,42214,20057,1288140.0,1722936.0,1627541.0,11353556.0,11014155.0,1322906.6999999955,64584,11746831.0,20057,691631.0,549794.0,310004.0,109429.0,11.0,1660869.0
UA,2023,8,66801,814,180,65807,52908,12899,312676.0,945465.0,769554.0,11794652.0,11337774.0,1356478.7999999977,66415,11900076.0,12899,377427.0,293062.0,173547.0,39760.0,622.0,884418.0
UA,2023,9,62591,760,124,61707,50928,10779,208776.0,822837.0,585464.0,10890119.0,10513431.0,1304510.8999999994,62178,10951402.0,10779,263994.0,258550.0,196115.0,48156.0,226.0,767041.0
UA,2023,10,65896,133,68,65695,57311,8384,-175507.0,541214.0,299568.0,11578586.0,11103511.0,1393032.2000000007,65443,11516020.0,8383,197159.0,178540.0,99736.0,9685.0,77.0,485197.0
UA,2023,11,57897,61,51,57785,51428,6357,-272608.0,405992.0,192260.0,10527262.0,10062394.0,1370027.1000000017,57472,10442371.0,6357,144646.0,140682.0,69948.0,4246.0,101.0,359623.0
UA,2023,12,59844,77,85,59682,51644,8038,-131223.0,536116.0,327623.0,11087205.0,10628359.0,1382412.1000000006,59285,10952606.0,8038,192836.0,169926.0,110522.0,9992.0,65.0,483341.0
UA,2024,1,58855,4714,138,54003,42344,11659,478324.0,1019189.0,850490.0,10011325.0,9639159.0,1439016.7999999984,58252,10748586.0,11659,413094.0,283178.0,175194.0,97103.0,0.0,968569.0
UA,2024,2,56834,335,124,56375,47332,9043,33756.0,682304.0,445833.0,10319966.0,9907889.0,1391381.8999999992,56266,10245459.0,9043,234747.0,178123.0,186916.0,32912.0,142.0,632840.0
UA,2024,3,64929,333,129,64467,52354,12113,194649.0,857459.0,644099.0,11896073.0,11446623.0,1601528.3999999978,63853,11714709.0,12113,320079.0,230840.0,224012.0,22522.0,119.0,797572.0
UA,2024,4,61044,345,160,60539,48935,11604,227194.0,823256.0,603444.0,11181061.0,10804811.0,1428045.999999991,60255,11075030.0,11604,321301.0,212483.0,210036.0,24907.0,59.0,768786.0
UA,2024,5,64156,773,303,63080,46450,16630,861003.0,1387280.0,1165037.0,11627304.0,11323270.0,1452093.9999999935,63079,11538355.0,16630,578974.0,340346.0,306195.0,101266.0,53.0,1326834.0
UA,2024,6,63005,781,263,61961,46994,14967,672707.0,1191765.0,1014454.0,11456240.0,11114493.0,1366909.5999999945,62168,11415024.0,14967,495139.0,316787.0,250868.0,68404.0,53.0,1131251.0
UA,2024,7,65463,2452,320,62691,44706,17985,1102166.0,1585799.0,1425541.0,11634833.0,11311458.0,1396861.0999999947,64601,11904537.0,17985,653775.0,502544.0,298359.0,70949.0,52.0,1525679.0
UA,2024,8,65939,1332,354,64253,49412,14841,643749.0,1195557.0,978039.0,11727630.0,11393340.0,1392001.7999999938,65204,11853776.0,14841,477465.0,319042.0,258400.0,78783.0,55.0,1133745.0
UA,2024,9,64212,341,82,63789,55338,8451,-110040.0,557015.0,280352.0,11345119.0,10954727.0,1383210.2999999993,63639,11272740.0,8451,203306.0,170378.0,112834.0,13718.0,0.0,500236.0
UA,2024,10,68403,551,77,67775,59823,7952,-217243.0,516822.0,248377.0,12047457.0,11581837.0,1506466.500000002,67930,12047771.0,7952,180412.0,172611.0,101616.0,7620.0,0.0,462259.0
UA,2024,11,63581,190,76,63315,52403,10912,124982.0,774604.0,503110.0,11546954.0,11168826.0,1563739.400000001,63189,11488811.0,10912,264252.0,189051.0,248620.0,16578.0,0.0,718501.0
UA,2024,12,64030,331,129,63570,51615,11955,271944.0,867270.0,684559.0,11872262.0,11459647.0,1565413.3999999983,63175,11729436.0,11955,303330.0,251777.0,203088.0,44963.0,37.0,803195.0
UA,2025,1,62007,1189,150,60668,49974,10694,78258.0,731405.0,503048.0,11352800.0,10928010.0,1615146.0999999973,61194,11363172.0,10694,248856.0,225300.0,170665.0,29376.0,0.0,674197.0
UA,2025,2,57628,181,98,57349,46601,10748,152527.0,776853.0,515334.0,10613030.0,10250223.0,1486751.3000000007,56941,10472853.0,10748,249320.0,195080.0,231583.0,46868.0,52.0,722903.0
UA,2025,3,66994,212,165,66617,55062,11555,121379.0,855125.0,584887.0,12499500.0,12035992.0,1731367.3999999892,65858,12266160.0,11555,304128.0,214753.0,237175.0,41423.0,129.0,797608.0
UA,2025,4,64256,279,178,63799,52163,11636,260209.0,920394.0,629425.0,11956360.0,11587144.0,1647465.0999999915,63394,11792546.0,11636,310244.0,206353.0,312686.0,34049.0,0.0,863332.0
UA,2025,5,67807,603,191,67013,50634,16379,746453.0,1334493.0,1027159.0,12366380.0,12085674.0,1648565.7999999903,66554,12175551.0,16379,407693.0,286678.0,496941.0,73018.0,42.0,1264372.0
UA,2025,6,66324,436,314,65574,48248,17326,894194.0,1406573.0,1118455.0,12206810.0,11982549.0,1537101.299999997,65206,12062816.0,17326,499912.0,330250.0,416238.0,91957.0,118.0,1338475.0
UA,2025,7,69788,1218,519,68051,47369,20682,1374965.0,1877497.0,1598234.0,12690596.0,12467327.0,1619310.1999999962,68724,12741066.0,20682,712516.0,443061.0,506130.0,147134.0,241.0,1809082.0
UA,2025,8,68946,789,272,67885,51917,15968,682239.0,1244842.0,979052.0,12469944.0,12173131.0,1564075.100000002,67900,12395036.0,15968,444799.0,344206.0,326522.0,60269.0,136.0,1175932.0
UA,2025,9,67550,176,143,67231,55813,11418,151633.0,781795.0,447294.0,11918409.0,11622748.0,1523521.2000000046,66415,11686299.0,11418,267731.0,183562.0,239013.0,26178.0,0.0,716484.0
UA,2025,10,71415,191,102,71122,57179,13943,269269.0,878399.0,505086.0,12682063.0,12446246.0,1654481.300000006,70407,12475733.0,13943,250915.0,208211.0,325440.0,13043.0,1.0,797610.0
UA,2025,11,66691,993,83,65615,52042,13573,501592.0,1120367.0,785473.0,11994600.0,11710719.0,1660826.0000000065,65752,11923504.0,13573,375898.0,235908.0,416368.0,28429.0,0.0,1056603.0
UA,2025,12,65865,260,152,65453,50560,14893,514196.0,1098929.0,867559.0,12389238.0,12035875.0,1674995.2000000016,64641,12137227.0,14893,400591.0,265817.0,322747.0,40458.0,0.0,1029613.0
UA,2026,1,63781,1515,90,62176,51010,11166,125355.0,804723.0,568039.0,11649961.0,11207277.0,1729150.599999999,62583,11630235.0,11166,262567.0,226050.0,219194.0,41005.0,0.0,748816.0
UA,2026,2,59806,962,104,58740,49461,9279,-7822.0,652733.0,424898.0,10868099.0,10435379.0,1599213.5000000028,58738,10793622.0,9279,207221.0,173819.0,194101.0,24416.0,139.0,599696.0
UA,2026,3,70757,1056,283,69418,54932,14486,533006.0,1265367.0,967964.0,13000358.0,12565400.0,1884596.9999999956,68966,12790622.0,14486,436463.0,296193.0,414231.0,54167.0,118.0,1201172.0
UA,2026,4,69451,375,171,68905,56890,12015,121727.0,862295.0,524844.0,12841088.0,12437971.0,1868686.0999999952,67955,12560887.0,12015,266264.0,191484.0,310338.0,32597.0,317.0,801000.0
UA,2026,5,74200,286,216,73698,58965,14733,314071.0,1045262.0,756876.0,13673964.0,13231159.0,1935147.4999999958,72182,13265696.0,14733,367325.0,237329.0,331868.0,37748.0,272.0,974542.0
UA,2026,6,72791,452,294,72045,53821,18224,841247.0,1450224.0,1159146.0,13466385.0,13148486.0,1849614.3999999878,71267,13211231.0,18224,507176.0,317808.0,490164.0,59457.0,80.0,1374685.0
UA,2026,7,74440,1455,539,72446,53194,19252,1072272.0,1677567.0,1427442.0,13603512.0,13248342.0,1891741.7999999984,72873,13583681.0,19252,580668.0,413144.0,518722.0,90437.0,53.0,1603024.0
US,2015,1,33489,959,52,32478,26456,6022,100924.0,330771.0,168074.0,4957162.0,4890012.0,568247.6000000001,33434,5094269.0,6022,81147.0,100893.0,97172.0,7694.0,1011.0,287917.0
US,2015,2,30153,1574,70,28509,21935,6574,202826.0,391545.0,257718.0,4380906.0,4326014.0,520758.7000000007,30129,4587773.0,6574,103793.0,122276.0,104675.0,20949.0,898.0,352591.0
US,2015,3,34516,784,85,33647,27308,6339,112071.0,354356.0,198053.0,5205864.0,5119882.0,607166.0000000002,34489,5328354.0,6339,92508.0,99630.0,104742.0,10478.0,1248.0,308606.0
US,2015,4,32496,196,49,32251,26515,5736,85797.0,304093.0,144537.0,4933518.0,4874778.0,531378.5999999995,32491,4965570.0,5736,67666.0,99408.0,86131.0,4827.0,536.0,258568.0
US,2015,5,33761,232,80,33449,28522,4927,22799.0,283559.0,133308.0,5199133.0,5088624.0,556763.5000000005,33659,5218524.0,4927,69562.0,84559.0,82367.0,7565.0,786.0,244839.0
US,2015,6,34300,322,89,33889,26938,6951,195414.0,427405.0,279380.0,5384718.0,5300752.0,581550.3999999997,34288,5441328.0,6951,108384.0,129556.0,126876.0,19044.0,1684.0,385544.0
VX,2015,1,4731,80,4,4647,3891,756,6602.0,47035.0,32047.0,991343.0,965898.0,90808.60000000003,4731,1016489.0,756,12141.0,10001.0,14906.0,3951.0,152.0,41151.0
VX,2015,2,4223,155,14,4054,3215,839,31558.0,62954.0,50414.0,857922.0,839066.0,81836.00000000001,4222,905184.0,839,21339.0,9137.0,23867.0,3686.0,20.0,58049.0
VX,2015,3,4873,57,20,4796,3845,951,25650.0,63170.0,50242.0,1027660.0,1003068.0,87205.79999999999,4869,1047596.0,951,21708.0,11845.0,19879.0,3680.0,85.0,57197.0
VX,2015,4,4915,14,5,4896,4104,792,4874.0,45659.0,27528.0,1056850.0,1034196.0,86994.99999999994,4911,1059760.0,792,14478.0,8035.0,12807.0,4129.0,20.0,39469.0
VX,2015,5,5236,30,11,5195,3979,1216,36895.0,72248.0,55765.0,1084234.0,1065364.0,88165.40000000005,5235,1089679.0,1216,24594.0,10328.0,26702.0,3693.0,84.0,65401.0
VX,2015,6,5260,21,12,5227,4235,992,30209.0,62747.0,45502.0,1087550.0,1072257.0,80168.2,5260,1093945.0,992,20239.0,12205.0,19128.0,3681.0,88.0,55341.0
VX,2015,7,5411,18,9,5384,4158,1226,38419.0,71203.0,52371.0,1125342.0,1111390.0,82831.09999999995,5411,1130822.0,1226,24173.0,11456.0,25046.0,2729.0,346.0,63750.0
VX,2015,8,5688,24,6,5658,4585,1073,28891.0,65501.0,50289.0,1150041.0,1128643.0,85354.70000000007,5646,1152681.0,1073,23929.0,11877.0,20249.0,1307.0,169.0,57531.0
VX,2015,9,5154,11,2,5141,4454,687,365.0,37207.0,16926.0,1054029.0,1037468.0,83409.60000000008,5153,1056209.0,687,10010.0,7936.0,10624.0,1638.0,97.0,30305.0
VX,2015,10,5464,23,6,5435,4552,883,12252.0,56530.0,38503.0,1120503.0,1094252.0,97176.19999999997,5464,1124677.0,883,21466.0,12112.0,14759.0,1377.0,103.0,49817.0
VX,2015,11,5414,57,12,5345,4520,825,622.0,46373.0,30693.0,1122018.0,1091947.0,105076.70000000007,5410,1132823.0,825,14631.0,11690.0,11190.0,2229.0,215.0,39955.0
VX,2015,12,5534,44,20,5470,3932,1538,73838.0,112309.0,100553.0,1173209.0,1146494.0,109989.80000000009,5534,1186210.0,1538,46801.0,14088.0,40651.0,3164.0,447.0,105151.0
VX,2016,1,5384,159,7,5218,4013,1205,39739.0,81702.0,69997.0,1105575.0,1075317.0,106211.29999999996,5380,1149278.0,1205,28931.0,13105.0,31251.0,2296.0,81.0,75664.0
VX,2016,2,4941,38,9,4894,4180,714,6141.0,52066.0,37599.0,1043406.0,1011948.0,97010.20000000004,4938,1054349.0,714,16607.0,8812.0,17813.0,3913.0,264.0,47409.0
VX,2016,3,5635,68,9,5558,4156,1402,60660.0,98622.0,83718.0,1188731.0,1165673.0,102422.10000000003,5632,1200521.0,1402,36479.0,14177.0,37953.0,2714.0,169.0,91492.0
VX,2016,4,5644,45,6,5593,4314,1279,31998.0,72416.0,54696.0,1195091.0,1172393.0,100932.6999999999,5644,1206404.0,1279,26497.0,11949.0,22712.0,3228.0,312.0,64698.0
VX,2016,5,5847,40,12,5795,4484,1311,42918.0,81409.0,68997.0,1242937.0,1216858.0,103644.90000000007,5847,1250892.0,1311,29315.0,16731.0,23752.0,3280.0,122.0,73200.0
VX,2016,6,5919,71,15,5833,4295,1538,56692.0,88157.0,66628.0,1259620.0,1249684.0,95410.20000000026,5917,1274461.0,1538,31387.0,19628.0,22243.0,4356.0,1107.0,78721.0
VX,2016,7,6100,32,19,6049,4602,1447,53758.0,89652.0,69384.0,1313438.0,1297812.0,98810.90000000024,6100,1323826.0,1447,30058.0,18937.0,27440.0,4044.0,130.0,80609.0
VX,2016,8,6071,17,7,6047,4486,1561,52268.0,86484.0,66943.0,1314395.0,1299720.0,97985.30000000025,6071,1319389.0,1561,28099.0,16205.0,29260.0,3086.0,346.0,76996.0
VX,2016,9,5726,18,4,5704,4711,993,15045.0,55158.0,34183.0,1200282.0,1181144.0,92320.19999999992,5726,1204906.0,993,17983.0,10510.0,15377.0,3010.0,614.0,47494.0
VX,2016,10,5854,70,16,5768,4465,1303,54682.0,94233.0,72600.0,1216920.0,1199002.0,97177.70000000008,5854,1231852.0,1303,29291.0,10477.0,43483.0,2931.0,169.0,86351.0
VX,2016,11,5917,13,2,5902,4819,1083,4790.0,58761.0,38506.0,1258313.0,1224597.0,105021.6999999999,5898,1254552.0,1083,18218.0,11302.0,17878.0,3588.0,65.0,51051.0
VX,2016,12,6083,98,89,5896,4155,1741,83342.0,122657.0,100433.0,1253480.0,1236389.0,110638.10000000011,6082,1303041.0,1741,51002.0,20335.0,35832.0,7755.0,276.0,115200.0
VX,2017,1,5782,137,77,5568,3694,1874,86671.0,124419.0,97657.0,1189113.0,1178127.0,104398.00000000006,5782,1238875.0,1874,46317.0,17445.0,47026.0,6264.0,78.0,117130.0
VX,2017,2,5140,180,40,4920,3321,1599,73379.0,104693.0,79799.0,1049213.0,1042793.0,92405.99999999997,5140,1097943.0,1599,31262.0,11092.0,47519.0,7663.0,143.0,97679.0
VX,2017,3,5816,143,12,5661,3810,1851,87273.0,115619.0,93684.0,1205648.0,1199237.0,97756.10000000008,5816,1246307.0,1851,40898.0,14656.0,46911.0,4238.0,192.0,106895.0
VX,2017,4,5597,94,6,5497,3617,1880,103004.0,133846.0,112710.0,1189500.0,1179792.0,94559.90000000011,5597,1202555.0,1880,42734.0,13136.0,65879.0,4326.0,996.0,127071.0
VX,2017,5,5894,107,8,5779,3462,2317,120249.0,148566.0,127842.0,1277035.0,1269442.0,107288.50000000012,5894,1291671.0,2317,52785.0,17125.0,69070.0,1414.0,312.0,140706.0
VX,2017,6,5970,67,12,5891,4011,1880,83144.0,119264.0,95315.0,1310157.0,1297986.0,114131.50000000033,5970,1325530.0,1880,43321.0,22857.0,43013.0,1560.0,451.0,111202.0
VX,2017,7,6134,19,8,6107,4646,1461,37047.0,85281.0,62429.0,1361645.0,1336263.0,116952.30000000025,6134,1367838.0,1461,27198.0,14498.0,32791.0,2436.0,276.0,77199.0
VX,2017,8,6150,35,15,6100,4100,2000,86398.0,126421.0,90096.0,1353806.0,1350108.0,114554.60000000033,6150,1365231.0,2000,44209.0,18203.0,54304.0,1683.0,245.0,118644.0
VX,2017,9,5808,53,11,5744,4497,1247,24939.0,74752.0,33790.0,1264576.0,1255725.0,110760.39999999997,5808,1282679.0,1247,23258.0,13557.0,29210.0,1384.0,423.0,67832.0
VX,2017,10,6246,97,12,6137,4577,1560,61531.0,109659.0,74130.0,1379092.0,1366493.0,125751.79999999981,6234,1394958.0,1560,36278.0,16072.0,48328.0,1364.0,130.0,102172.0
VX,2017,11,6135,77,36,6022,4754,1268,18470.0,73116.0,32565.0,1360379.0,1346284.0,138229.69999999995,6125,1385861.0,1268,21523.0,13005.0,29064.0,1824.0,468.0,65884.0
VX,2017,12,6306,21,29,6256,5202,1054,-5183.0,58885.0,16012.0,1425273.0,1404078.0,149893.19999999984,6306,1440022.0,1054,16007.0,17739.0,16792.0,442.0,275.0,51255.0
VX,2018,1,5824,103,6,5715,4804,911,-15737.0,51338.0,16142.0,1296178.0,1264299.0,145580.49999999983,5824,1327401.0,911,10033.0,13030.0,21525.0,768.0,274.0,45630.0
VX,2018,2,5322,27,58,5237,4350,887,-4744.0,48705.0,16173.0,1175651.0,1154734.0,135312.50000000003,5321,1205305.0,887,11812.0,13005.0,17571.0,95.0,70.0,42553.0
VX,2018,3,6524,303,20,6201,4559,1642,50121.0,104952.0,76136.0,1378668.0,1352593.0,164399.70000000022,6524,1458984.0,1642,27443.0,27054.0,41752.0,961.0,457.0,97667.0
WN,2015,1,100042,1767,215,98060,79127,18933,332371.0,1029024.0,927003.0,12446590.0,11851958.0,1669983.7999999858,99740,12655860.0,18933,471913.0,277804.0,130761.0,28065.0,826.0,909369.0
WN,2015,2,90172,3454,174,86544,69920,16624,303022.0,913657.0,849365.0,11010165.0,10463822.0,1531017.0999999933,90013,11452850.0,16624,388656.0,251823.0,129462.0,33270.0,332.0,803543.0
WN,2015,3,109245,2148,243,106854,87441,19413,348701.0,1116083.0,1076412.0,13743825.0,13016114.0,1739555.7999999982,108411,13921725.0,19413,497056.0,331224.0,127731.0,28146.0,1828.0,985985.0
WN,2015,4,106407,621,266,105520,87021,18499,316180.0,1035321.0,928535.0,13411560.0,12799205.0,1609463.1999999953,106104,13477000.0,18499,461689.0,280584.0,128341.0,36403.0,367.0,907384.0
WN,2015,5,107702,976,396,106330,84622,21708,604037.0,1308684.0,1255267.0,13537830.0,12886600.0,1615685.4999999988,107453,13653470.0,21708,617626.0,346950.0,148967.0,70261.0,750.0,1184554.0
WN,2015,6,109776,1884,516,107376,79632,27744,1153590.0,1715677.0,1707603.0,13716505.0,13162492.0,1525919.999999992,109287,13927720.0,27744,812338.0,487450.0,180167.0,92754.0,1110.0,1573819.0
WN,2015,7,113650,839,400,112411,83575,28836,1180871.0,1773716.0,1751015.0,14392785.0,13822641.0,1552039.1999999995,113399,14496820.0,28836,882517.0,489665.0,198561.0,57282.0,1033.0,1629058.0
WN,2015,8,108179,1056,436,106687,85985,20702,590204.0,1301338.0,1243306.0,13510340.0,12857238.0,1546681.3999999957,107194,13541960.0,20702,589277.0,358120.0,165393.0,67825.0,1037.0,1181652.0
WN,2015,9,100645,384,142,100119,88337,11782,-133785.0,671735.0,537532.0,12582230.0,11910913.0,1536127.7000000025,100458,12611940.0,11782,263852.0,187585.0,93994.0,29533.0,1148.0,576112.0
WN,2015,10,104516,322,141,104053,91595,12458,-71677.0,725701.0,626617.0,13095245.0,12396951.0,1623540.5000000072,104365,13125010.0,12458,290204.0,201639.0,99295.0,25907.0,251.0,617296.0
WN,2015,11,104045,970,195,102880,86694,16186,102436.0,880493.0,806738.0,13195095.0,12490793.0,1739257.7000000135,102556,13111105.0,16186,361969.0,252983.0,116462.0,27465.0,1225.0,760104.0
WN,2015,12,107476,1622,285,105569,81828,23741,709518.0,1377828.0,1357187.0,13569885.0,12922216.0,1684404.3999999883,106661,13676535.0,23741,676461.0,365544.0,150064.0,48458.0,1981.0,1242508.0
WN,2016,1,104154,2640,179,101335,87232,14103,-45259.0,767517.0,675632.0,13095655.0,12374764.0,1728098.8999999969,103797,13397410.0,14103,313317.0,216252.0,100773.0,24347.0,1160.0,655849.0
WN,2016,2,97225,1415,168,95642,85398,10244,-271036.0,596702.0,463515.0,12359280.0,11624729.0,1630343.0,97087,12530580.0,10244,235116.0,159542.0,82680.0,30925.0,604.0,508867.0
WN,2016,3,112003,1278,217,110508,90859,19649,359517.0,1071164.0,912700.0,14223125.0,13669942.0,1666259.0000000051,111385,14310130.0,19649,467996.0,249705.0,166413.0,43077.0,1226.0,928417.0
WN,2016,4,107855,968,184,106703,87648,19055,432909.0,1056625.0,906493.0,13569260.0,13095676.0,1475407.1000000122,107608,13667805.0,19055,471430.0,247729.0,159559.0,36742.0,1609.0,917069.0
WN,2016,5,109847,610,390,108847,89245,19602,479427.0,1096357.0,968853.0,13757400.0,13267974.0,1476782.6000000066,109753,13855190.0,19602,494461.0,242238.0,156518.0,55551.0,1615.0,950383.0
WN,2016,6,112286,1510,463,110313,83475,26838,1088611.0,1632260.0,1521429.0,14082365.0,13649547.0,1435770.6000000068,112000,14262930.0,26838,783896.0,412685.0,208813.0,69015.0,4863.0,1479272.0
WN,2016,7,115208,3395,483,111330,81619,29711,1457929.0,2006986.0,1915071.0,14291335.0,13834193.0,1463542.0999999975,114900,14709505.0,29711,968553.0,562131.0,236333.0,95068.0,1488.0,1863573.0
WN,2016,8,110775,703,362,109710,88453,21257,563870.0,1178311.0,997072.0,13734585.0,13301383.0,1382318.5999999943,110485,13812675.0,21257,508482.0,280901.0,189786.0,58806.0,2947.0,1040922.0
WN,2016,9,104083,315,140,103628,89099,14529,135383.0,782312.0,603698.0,12876635.0,12408320.0,1355986.6000000066,103978,12906315.0,14529,318908.0,188054.0,124833.0,27300.0,613.0,659708.0
WN,2016,10,108278,936,107,107235,91865,15370,94833.0,786512.0,624977.0,13448505.0,12918361.0,1528749.3000000042,108163,13560165.0,15370,312484.0,177662.0,147025.0,13861.0,291.0,651323.0
WN,2016,11,106924,220,154,106550,92026,14524,-133238.0,737739.0,615642.0,13632900.0,12884020.0,1748424.9000000018,106203,13547465.0,14524,294836.0,173705.0,124891.0,19299.0,2100.0,614831.0
WN,2016,12,110806,1876,217,108713,82984,25729,834010.0,1438835.0,1360868.0,13951850.0,13424992.0,1727803.1999999972,109926,14075060.0,25729,697706.0,351283.0,199383.0,40410.0,1102.0,1289884.0
WN,2017,1,107785,2313,260,105212,80408,24804,711714.0,1359193.0,1149287.0,13435345.0,12997772.0,1632297.3999999985,107527,13700730.0,24804,636445.0,291141.0,240634.0,53985.0,791.0,1222996.0
WN,2017,2,95741,1301,157,94283,78853,15430,117667.0,794664.0,597261.0,12024375.0,11544781.0,1443935.2999999963,95598,12174410.0,15430,331637.0,163305.0,152806.0,29737.0,205.0,677690.0
WN,2017,3,115144,2111,184,112849,91664,21185,470916.0,1099310.0,891673.0,14457680.0,14036923.0,1637993.7000000002,114747,14699060.0,21185,477510.0,231328.0,191787.0,36942.0,875.0,938442.0
WN,2017,4,112223,844,211,111168,89213,21955,601056.0,1248261.0,1047518.0,14308815.0,13862353.0,1569127.9000000001,111822,14358210.0,21955,580264.0,268972.0,212102.0,41926.0,286.0,1103550.0
WN,2017,5,113239,531,172,112536,87583,24953,768489.0,1388711.0,1304301.0,14294490.0,13758678.0,1638411.0000000005,113025,14330935.0,24953,645959.0,312365.0,232434.0,48786.0,836.0,1240380.0
WN,2017,6,115235,1143,299,113793,84495,29298,1209593.0,1732682.0,1684946.0,14547070.0,14071717.0,1596877.1999999895,115012,14675870.0,29298,834152.0,405718.0,240030.0,81494.0,2427.0,1563821.0
WN,2017,7,117975,852,305,116818,88390,28428,1025394.0,1614890.0,1560309.0,15001620.0,14466705.0,1627990.0999999903,117718,15089400.0,28428,768009.0,382918.0,225258.0,78704.0,1301.0,1456190.0
WN,2017,8,116158,3319,256,112583,81503,31080,1251958.0,1735492.0,1662657.0,14243675.0,13832976.0,1582201.5000000002,115927,14606280.0,31080,832508.0,419307.0,243979.0,65996.0,1302.0,1563092.0
WN,2017,9,105614,3450,205,101959,86999,14960,112298.0,840987.0,761753.0,12597195.0,11947740.0,1484268.0999999938,105417,13039135.0,14960,365912.0,204936.0,123019.0,28738.0,475.0,723080.0
WN,2017,10,110262,648,101,109513,93303,16210,115041.0,846347.0,802582.0,13537505.0,12849964.0,1598286.8999999946,110046,13583225.0,16210,339384.0,245318.0,118391.0,6251.0,3294.0,712638.0
WN,2017,11,109016,473,113,108430,95540,12890,-189172.0,729835.0,726179.0,13757635.0,12842284.0,1838756.8000000045,108171,13682540.0,12890,300755.0,226986.0,76203.0,8527.0,5076.0,617547.0
WN,2017,12,111052,1061,146,109845,87815,22030,410929.0,1174581.0,1187558.0,14015025.0,13238396.0,1772252.0999999978,109968,13992130.0,22030,525389.0,338765.0,148000.0,20552.0,6114.0,1038820.0
WN,2018,1,109676,2467,186,107023,89745,17278,30197.0,899557.0,857068.0,13699215.0,12872344.0,1836922.5999999992,109292,13953340.0,17278,372362.0,242623.0,153453.0,13976.0,2219.0,784633.0
WN,2018,2,97017,2037,227,94753,74788,19965,388573.0,1024492.0,1049723.0,12165795.0,11504645.0,1645983.4000000004,96781,12401420.0,19965,431961.0,281639.0,172246.0,16111.0,2463.0,904420.0
WN,2018,3,116420,2243,108,114069,91812,22257,507361.0,1212982.0,1260755.0,14756980.0,14003586.0,1845149.0000000014,115583,14921725.0,22257,525661.0,351314.0,157210.0,18308.0,3485.0,1055978.0
WN,2018,4,114117,1220,155,112742,88699,24043,722004.0,1380472.0,1405404.0,14458270.0,13774870.0,1714687.1999999993,113647,14540920.0,24043,633909.0,402226.0,171507.0,20882.0,2276.0,1230800.0
WN,2018,5,116849,1445,248,115156,89308,25848,848661.0,1533683.0,1594315.0,14724015.0,13978361.0,1740462.4999999977,116485,14862180.0,25848,712005.0,412470.0,222064.0,40968.0,3061.0,1390568.0
WN,2018,6,115939,1262,326,114351,90048,24303,757006.0,1457532.0,1490693.0,14735400.0,14001713.0,1670495.8999999878,115302,14817465.0,24303,664336.0,400249.0,201169.0,46171.0,3921.0,1315846.0
WN,2018,7,120114,2107,367,117640,89504,28136,1013480.0,1723537.0,1754480.0,15202560.0,14461560.0,1709483.4999999856,119439,15406005.0,28136,783208.0,469499.0,258111.0,63975.0,4628.0,1579421.0
WN,2018,8,115534,1928,333,113273,89950,23323,696137.0,1417547.0,1372927.0,14344190.0,13667400.0,1621648.099999989,114941,14517680.0,23323,595891.0,396455.0,244155.0,48500.0,2553.0,1287554.0
WN,2018,9,106972,1049,207,105716,90885,14831,66318.0,864300.0,766407.0,13314810.0,12614721.0,1548957.799999996,106465,13360980.0,14831,340548.0,232714.0,151311.0,28433.0,5687.0,758693.0
WN,2018,10,114663,648,175,113840,95742,18098,219465.0,983752.0,907502.0,14339850.0,13651813.0,1692561.5999999945,114256,14355480.0,18098,402677.0,275075.0,148696.0,17965.0,2066.0,846479.0
WN,2018,11,112224,938,150,111136,91722,19414,290484.0,1076053.0,1071505.0,14386295.0,13605274.0,1911437.7999999963,110782,14277205.0,19414,455191.0,316931.0,146662.0,21194.0,2376.0,942354.0
WN,2018,12,113027,931,186,111910,89056,22854,478713.0,1232354.0,1258017.0,14516790.0,13737486.0,1820270.7999999963,111555,14401360.0,22854,545422.0,374648.0,151430.0,16765.0,5763.0,1094028.0
WN,2019,1,111312,3949,128,107235,91124,16111,-72823.0,851618.0,754900.0,13899195.0,13071472.0,1981537.9999999914,110807,14340335.0,16111,315380.0,254331.0,151403.0,16840.0,1249.0,739203.0
WN,2019,2,99500,4578,239,94683,73175,21508,646935.0,1303261.0,1311811.0,12319775.0,11654899.0,1811269.19999999,99186,12872255.0,21508,543234.0,416738.0,188077.0,30694.0,11647.0,1190390.0
WN,2019,3,119413,5294,126,113993,95511,18482,176421.0,1051674.0,1100983.0,14937010.0,14012448.0,2093837.6000000075,118159,15504010.0,18482,420602.0,382072.0,112302.0,8314.0,4164.0,927454.0
WN,2019,4,115401,4649,265,110487,90851,19636,349549.0,1165010.0,1199975.0,14245285.0,13394859.0,1899391.000000006,114872,14809010.0,19636,486883.0,382319.0,147707.0,28825.0,2708.0,1048442.0
WN,2019,5,117849,4140,368,113341,89368,23973,713487.0,1475445.0,1507857.0,14543530.0,13749160.0,1906653.599999994,117479,15047055.0,23973,661411.0,438658.0,202717.0,44077.0,2582.0,1349445.0
WN,2019,6,115213,2334,416,112463,86471,25992,883646.0,1579433.0,1574147.0,14273005.0,13582504.0,1770831.700000003,114387,14476595.0,25992,701850.0,424311.0,254869.0,55369.0,6859.0,1443258.0
WN,2019,7,119342,1614,333,117395,95840,21555,495778.0,1351873.0,1346238.0,14868775.0,14018315.0,1801891.800000005,118771,15004055.0,21555,569988.0,385128.0,217831.0,57689.0,3370.0,1234006.0
WN,2019,8,116526,1539,254,114733,95745,18988,248957.0,1112706.0,1062098.0,14393710.0,13580569.0,1772796.600000003,115803,14497510.0,18988,448247.0,300938.0,201967.0,42467.0,1994.0,995613.0
WN,2019,9,109217,1781,184,107252,96213,11039,-357579.0,629004.0,529606.0,13464600.0,12577415.0,1767993.400000018,108690,13623075.0,11039,223969.0,187353.0,112968.0,16282.0,921.0,541493.0
WN,2019,10,116465,1414,181,114870,97845,17025,-2966.0,918741.0,902918.0,14543150.0,13637266.0,1941131.800000023,115897,14638005.0,17025,362826.0,276582.0,140239.0,19598.0,1703.0,800948.0
WN,2019,11,109266,1136,131,107999,93192,14807,-170191.0,790418.0,777396.0,14161815.0,13214228.0,1974768.4000000064,107811,14068565.0,14807,313033.0,254624.0,103336.0,8196.0,3942.0,683131.0
WN,2019,12,114442,1194,137,113111,89118,23993,510379.0,1288400.0,1408137.0,14868345.0,13970587.0,1944108.399999993,112744,14734205.0,23993,558419.0,401750.0,167596.0,11873.0,3742.0,1143380.0
WN,2020,1,109770,1921,141,107708,97387,10321,-601815.0,556962.0,465495.0,13894880.0,12827570.0,2042021.2999999914,109244,14057985.0,10321,192906.0,187937.0,81267.0,8654.0,1007.0,471771.0
WN,2020,2,101581,1109,112,100360,90747,9613,-568063.0,541023.0,430130.0,12959395.0,11961202.0,1914916.899999993,101154,13030350.0,9613,198350.0,166873.0,91512.0,6940.0,1426.0,465101.0
WN,2020,3,116689,19871,105,96713,89999,6714,-808645.0,337832.0,52068.0,12551345.0,11690632.0,2002891.9000000001,115303,14874120.0,6714,88647.0,101893.0,81164.0,2874.0,498.0,275076.0
WN,2020,4,94362,48707,34,45621,44315,1306,-619931.0,62566.0,-135080.0,6008090.0,5523239.0,1538951.600000001,93139,12275255.0,1306,7263.0,23938.0,13355.0,930.0,328.0,45814.0
WN,2020,5,45347,2697,48,42602,41406,1196,-507743.0,62933.0,-74510.0,5351850.0,4918617.0,683226.6000000044,45186,5704385.0,1196,11860.0,24670.0,7338.0,3552.0,285.0,47705.0
WN,2020,6,63828,172,82,63574,59813,3761,-516708.0,205702.0,76286.0,8071950.0,7478956.0,962902.5999999992,63579,8058145.0,3761,59151.0,67492.0,30204.0,13566.0,393.0,170806.0
WN,2020,7,82736,572,107,82057,78201,3856,-845997.0,207847.0,-44400.0,10427140.0,9625543.0,1294118.4000000001,82662,10507785.0,3856,57416.0,67140.0,35953.0,14534.0,497.0,175540.0
WN,2020,8,84843,1052,128,83663,79672,3991,-809442.0,218867.0,-22430.0,10520435.0,9733423.0,1277101.5999999987,84492,10615300.0,3991,59431.0,70554.0,36390.0,16627.0,494.0,183496.0
WN,2020,9,63439,443,48,62948,60093,2855,-570441.0,158936.0,859.0,7853970.0,7282670.0,980755.3999999992,63322,7895425.0,2855,41205.0,65791.0,18737.0,3388.0,256.0,129377.0
WN,2020,10,64101,209,53,63839,61007,2832,-568766.0,143185.0,-51925.0,7959180.0,7442339.0,994900.6000000028,64060,7982585.0,2832,26641.0,48895.0,26139.0,3468.0,866.0,106009.0
WN,2020,11,70238,454,95,69689,66777,2912,-743817.0,170500.0,-38244.0,9224280.0,8518707.0,1299153.7000000067,69696,9207730.0,2912,45094.0,67250.0,23249.0,2992.0,481.0,139066.0
WN,2020,12,64342,635,67,63640,57055,6585,-337790.0,309278.0,236341.0,8425140.0,7851009.0,1141397.3999999997,64065,8476365.0,6585,87267.0,104518.0,56764.0,3202.0,952.0,252703.0
WN,2021,1,61307,677,43,60587,55704,4883,-429123.0,256296.0,109061.0,7996035.0,7457851.0,1100047.8999999906,61140,8065365.0,4883,68788.0,80565.0,59297.0,2241.0,510.0,211401.0
WN,2021,2,52733,3840,73,48820,42706,6114,-174367.0,296817.0,195479.0,6415030.0,6045184.0,947740.3999999968,52658,6914550.0,6114,72755.0,104047.0,61395.0,9864.0,1583.0,249644.0
WN,2021,3,80574,1782,128,78664,69384,9280,-210840.0,507162.0,473605.0,10542300.0,9857855.0,1421459.5000000037,79869,10695445.0,9280,186938.0,164718.0,66077.0,10120.0,2835.0,430688.0
WN,2021,4,80253,491,106,79656,70671,8985,-255558.0,496044.0,464589.0,10609205.0,9889058.0,1345458.8000000017,79787,10623845.0,8985,163796.0,150857.0,84774.0,16073.0,3362.0,418862.0
WN,2021,5,87286,257,215,86814,70932,15882,273849.0,917592.0,991862.0,11519260.0,10801247.0,1403292.700000001,86413,11448925.0,15882,366042.0,286947.0,142672.0,20602.0,1712.0,817975.0
WN,2021,6,98532,3250,346,94936,61531,33405,1688706.0,2134059.0,2276828.0,12675080.0,12086958.0,1488091.4999999988,97378,12971600.0,33405,989583.0,731863.0,235160.0,45970.0,4370.0,2006946.0
WN,2021,7,103956,1725,380,101851,70544,31307,1323559.0,1843657.0,1981829.0,13717125.0,13058855.0,1553339.6999999904,102852,13826730.0,31307,826652.0,597618.0,224146.0,50297.0,3808.0,1702521.0
WN,2021,8,104524,3595,413,100516,70673,29843,1209315.0,1747374.0,1881465.0,13530790.0,12858640.0,1563267.79999999,103460,13880810.0,29843,772933.0,591086.0,196429.0,51018.0,3477.0,1614943.0
WN,2021,9,97438,2326,151,94961,78140,16821,166882.0,905186.0,943430.0,12599205.0,11822657.0,1590359.6999999979,95912,12659530.0,16821,335123.0,327756.0,118693.0,14504.0,1555.0,797631.0
WN,2021,10,103300,3972,195,99133,69309,29824,1068638.0,1612591.0,1819625.0,13068410.0,12317423.0,1718413.5000000063,102178,13424885.0,29824,711986.0,575687.0,170770.0,14514.0,3763.0,1476720.0
WN,2021,11,97398,490,135,96773,78665,18108,179095.0,907689.0,1056436.0,12912745.0,12035404.0,1766149.4000000018,95879,12743310.0,18108,357535.0,335518.0,86302.0,4027.0,3622.0,787004.0
WN,2021,12,97339,1100,190,96049,68509,27540,874080.0,1477641.0,1618839.0,12872955.0,12128168.0,1693586.8999999955,95645,12747585.0,27540,660780.0,509433.0,165086.0,12940.0,3580.0,1351819.0
WN,2022,1,97436,6448,129,90859,74124,16735,95432.0,971670.0,928329.0,12129935.0,11297038.0,1802160.999999997,96398,12822570.0,16735,405678.0,354485.0,114247.0,12876.0,1984.0,889270.0
WN,2022,2,90965,3779,123,87063,71211,15852,-7662.0,808359.0,871047.0,11581850.0,10703141.0,1787232.8999999973,90653,12031645.0,15852,310967.0,299683.0,97967.0,7487.0,2208.0,718312.0
WN,2022,3,103720,2048,192,101480,73773,27707,911081.0,1585588.0,1660467.0,13284505.0,12535900.0,1766856.8000000017,101486,13225640.0,27707,711218.0,515769.0,209823.0,19692.0,4656.0,1461158.0
WN,2022,4,102931,1941,227,100763,72292,28471,1070109.0,1612651.0,1677984.0,12642940.0,12035065.0,1592508.0000000095,102311,12826320.0,28471,750811.0,496619.0,201946.0,22113.0,2655.0,1474144.0
WN,2022,5,108027,809,226,106992,82992,24000,552335.0,1231477.0,1299486.0,13420940.0,12673789.0,1669791.700000008,107598,13478985.0,24000,509044.0,389472.0,165254.0,22658.0,3221.0,1089649.0
WN,2022,6,111002,1296,236,109470,79213,30257,1076339.0,1644975.0,1769808.0,13360150.0,12666681.0,1617204.0999999982,110232,13440585.0,30257,743397.0,522121.0,194658.0,30713.0,3214.0,1494103.0
WN,2022,7,117844,1843,382,115619,81477,34142,1413604.0,2020947.0,2139559.0,14089295.0,13363340.0,1703662.1999999941,117222,14265945.0,34142,994190.0,599033.0,222895.0,49729.0,7495.0,1873342.0
WN,2022,8,118889,3157,356,115376,80441,34935,1513752.0,2101318.0,2244892.0,14014275.0,13283135.0,1718171.2999999942,118393,14356000.0,34935,1030435.0,619011.0,233722.0,57811.0,10409.0,1951388.0
WN,2022,9,112410,1983,245,110182,86510,23672,534517.0,1285618.0,1388737.0,13537950.0,12683730.0,1800475.5000000026,111365,13679625.0,23672,574552.0,392929.0,152670.0,30832.0,2096.0,1153079.0
WN,2022,10,116520,1369,199,114952,93907,21045,284094.0,1070348.0,1173851.0,14149240.0,13259483.0,1897216.9000000155,115686,14234970.0,21045,436982.0,341791.0,129840.0,11031.0,3456.0,923100.0
WN,2022,11,111176,982,144,110050,90090,19960,182959.0,995570.0,1048234.0,13743290.0,12878000.0,1978397.8000000059,109330,13633995.0,19960,401173.0,319622.0,129497.0,7843.0,2479.0,860614.0
WN,2022,12,116229,17000,170,99059,70580,28479,1369061.0,1946532.0,1986881.0,12564065.0,11946740.0,1944491.1000000054,112053,14073750.0,28479,877828.0,693474.0,216511.0,27613.0,4143.0,1819569.0
WN,2023,1,112430,3234,197,108999,87169,21830,535366.0,1390074.0,1311355.0,13674385.0,12898392.0,1941784.2999999893,109244,13632918.0,21830,659779.0,378124.0,205861.0,25209.0,1745.0,1270718.0
WN,2023,2,101455,2143,149,99163,83333,15830,-23469.0,814239.0,744980.0,12460560.0,11692106.0,1761521.099999996,98652,12335530.0,15830,330142.0,229678.0,135119.0,10307.0,1503.0,706749.0
WN,2023,3,117997,1116,215,116666,88553,28113,845017.0,1530195.0,1449221.0,14670555.0,14066559.0,1896776.1000000217,113609,14163080.0,28113,699913.0,349990.0,296926.0,19952.0,4337.0,1371118.0
WN,2023,4,115946,1249,284,114413,85135,29278,1012818.0,1646017.0,1610464.0,14324255.0,13726609.0,1732814.1999999983,111343,13815175.0,29278,794636.0,396064.0,260410.0,34384.0,4463.0,1489957.0
WN,2023,5,122521,623,252,121646,96588,25058,551855.0,1324759.0,1291206.0,15119300.0,14379949.0,1792991.4000000018,117833,14512945.0,25058,598154.0,332718.0,211140.0,25530.0,2129.0,1169671.0
WN,2023,6,119251,708,468,118075,83017,35058,1483401.0,2024467.0,1982185.0,14573310.0,14074526.0,1627154.6999999976,115572,14234005.0,35058,1012451.0,451730.0,323133.0,57457.0,5765.0,1850536.0
WN,2023,7,126469,1191,438,124840,85790,39050,1824252.0,2380557.0,2355392.0,15553943.0,15022441.0,1704910.5999999978,122287,15209688.0,39050,1210042.0,547958.0,366619.0,79561.0,4083.0,2208263.0
WN,2023,8,125664,2064,290,123310,94936,28374,835985.0,1512228.0,1435164.0,15269640.0,14670461.0,1669692.6999999983,121891,15048810.0,28374,695021.0,366429.0,239757.0,36591.0,3894.0,1341692.0
WN,2023,9,117870,660,245,116965,93735,23230,569650.0,1282344.0,1189404.0,14531410.0,13911656.0,1722028.0999999978,114809,14210995.0,23230,553721.0,319884.0,216367.0,35781.0,3419.0,1129172.0
WN,2023,10,128588,287,132,128169,102873,25296,515344.0,1308675.0,1282468.0,16167965.0,15400841.0,1993664.300000023,124478,15621310.0,25296,586574.0,353131.0,180791.0,13656.0,3561.0,1137713.0
WN,2023,11,122501,244,54,122203,105196,17007,-137802.0,840426.0,792756.0,15688595.0,14758096.0,2152143.500000023,118865,15169010.0,17007,336021.0,259181.0,98936.0,3575.0,3020.0,700733.0
WN,2023,12,127773,806,178,126789,104950,21839,237818.0,1180743.0,1168482.0,16329900.0,15398788.0,2114937.3999999915,122497,15640870.0,21839,526077.0,323311.0,160786.0,10236.0,5239.0,1025649.0
WN,2024,1,115389,3566,210,111613,85303,26310,716637.0,1485565.0,1348249.0,14448990.0,13817477.0,1988038.4999999886,111487,14337685.0,26310,668111.0,379809.0,259920.0,31696.0,5734.0,1345270.0
WN,2024,2,105207,466,138,104603,87399,17204,73803.0,949399.0,816208.0,13610040.0,12867635.0,1833707.3999999827,101772,13146680.0,17204,388079.0,232769.0,193224.0,15094.0,2413.0,831579.0
WN,2024,3,125271,1169,197,123905,95929,27976,842033.0,1710616.0,1619219.0,16340590.0,15564558.0,2140996.600000007,119247,15582980.0,27976,817692.0,399792.0,319493.0,23325.0,4319.0,1564621.0
WN,2024,4,120579,482,194,119903,96229,23674,560966.0,1390737.0,1330146.0,15611375.0,14842503.0,1966192.2,115508,14902975.0,23674,642248.0,360631.0,219094.0,23181.0,3371.0,1248525.0
WN,2024,5,122496,828,431,121237,87405,33832,1567131.0,2244783.0,2222902.0,15681205.0,15025703.0,1964644.3999999997,117637,15086915.0,33832,1166849.0,495397.0,356737.0,71521.0,3444.0,2093948.0
WN,2024,6,123817,406,363,123048,91302,31746,1221566.0,1895526.0,1933365.0,16152555.0,15440754.0,1876165.49999999,117182,15303445.0,31746,916001.0,502487.0,260481.0,50958.0,4880.0,1734807.0
WN,2024,7,127642,849,502,126291,90066,36225,1536360.0,2205749.0,2223360.0,16603080.0,15915993.0,1925245.3000000014,120793,15801860.0,36225,1084224.0,591746.0,303596.0,60000.0,5501.0,2045067.0
WN,2024,8,118338,1006,315,117017,93223,23794,593025.0,1423250.0,1315532.0,15171100.0,14448593.0,1852623.7000000027,113551,14670280.0,23794,632635.0,361283.0,258777.0,43019.0,3418.0,1299132.0
WN,2024,9,112561,493,143,111925,95683,16242,-30328.0,854342.0,744472.0,14492375.0,13717575.0,1829768.5000000312,108193,13913850.0,16242,356397.0,226824.0,141152.0,10277.0,1423.0,736073.0
WN,2024,10,119251,1546,135,117570,101863,15707,-147681.0,838058.0,765525.0,15327560.0,14414354.0,2024016.2000000267,113727,14729520.0,15707,355609.0,232103.0,124065.0,7014.0,2030.0,720821.0
WN,2024,11,112591,386,137,112068,97828,14240,-278561.0,779890.0,670335.0,14832265.0,13883369.0,2111922.0000000275,107914,14183185.0,14240,325410.0,208470.0,129580.0,11977.0,2473.0,677910.0
WN,2024,12,116276,574,285,115417,92953,22464,543752.0,1441992.0,1463323.0,15301120.0,14381549.0,2053483.6000000036,110471,14504575.0,22464,736564.0,350339.0,196968.0,30541.0,3303.0,1317715.0
WN,2025,1,105307,3016,171,102120,86589,15531,-119834.0,898551.0,741095.0,13639735.0,12778806.0,2028593.3999999883,101280,13401370.0,15531,370449.0,239675.0,161075.0,32973.0,2682.0,806854.0
WN,2025,2,100199,557,136,99506,83106,16400,22420.0,1014806.0,861780.0,13387675.0,12548315.0,1948259.799999973,95585,12724220.0,16400,443046.0,246600.0,214121.0,19974.0,1983.0,925724.0
WN,2025,3,122432,1022,292,121118,99834,21284,360495.0,1398160.0,1268403.0,16419725.0,15511817.0,2265598.1999999993,114636,15314240.0,21284,663147.0,342671.0,240738.0,32021.0,2829.0,1281406.0
WN,2025,4,117622,585,197,116840,94667,22173,511840.0,1385997.0,1235306.0,15639035.0,14915569.0,2042047.2000000018,110226,14576665.0,22173,654208.0,321725.0,248095.0,36164.0,3144.0,1263336.0
WN,2025,5,119819,626,309,118884,91428,27456,981645.0,1766777.0,1705921.0,15854680.0,15130404.0,2042498.100000002,112308,14814045.0,27456,816825.0,395335.0,350808.0,64692.0,1740.0,1629400.0
WN,2025,6,122348,756,440,121152,87039,34113,1527112.0,2210706.0,2199311.0,16301525.0,15629326.0,1990793.699999997,113806,15104000.0,34113,1096328.0,527804.0,363448.0,69296.0,4725.0,2061601.0
WN,2025,7,125677,1605,545,123527,87796,35731,1820256.0,2507062.0,2534235.0,16654505.0,15940526.0,2026624.3000000126,116893,15539170.0,35731,1234461.0,597280.0,424035.0,100072.0,4011.0,2359859.0
WN,2025,8,114519,435,405,113679,89309,24370,734025.0,1481420.0,1461224.0,15027075.0,14299876.0,1862225.4999999935,107407,14049360.0,24370,674995.0,346959.0,267459.0,56245.0,2946.0,1348604.0
WN,2025,9,110361,265,207,109889,91154,18735,284532.0,1077562.0,1010378.0,14475140.0,13749294.0,1857231.4999999935,103993,13516200.0,18734,460534.0,258031.0,205670.0,27109.0,2339.0,953683.0
WN,2025,10,121588,308,188,121092,93692,27400,786946.0,1514988.0,1540569.0,16010390.0,15256679.0,2036466.5000000538,114147,14904995.0,27398,713078.0,380211.0,231735.0,21289.0,2910.0,1349223.0
WN,2025,11,113935,1970,148,111817,89280,22537,506417.0,1396481.0,1333044.0,15041165.0,14214615.0,2132138.1000000015,106857,14196486.0,22526,657321.0,313766.0,284959.0,16540.0,3690.0,1276276.0
WN,2025,12,118074,653,208,117213,88368,28845,911415.0,1674963.0,1719236.0,15823125.0,15015304.0,2076909.6999999979,109717,14640260.0,28845,816606.0,432083.0,250474.0,19226.0,6462.0,1524851.0
WN,2026,1,103998,2730,148,101120,85711,15409,-122923.0,832312.0,680608.0,13698060.0,12894492.0,2035499.8999999985,98128,13190246.0,15409,316199.0,232863.0,163954.0,13837.0,2501.0,729354.0
WN,2026,2,100782,1017,187,99578,81389,18189,137567.0,992554.0,982653.0,13573230.0,12728144.0,1993492.2999999877,94580,12769551.0,18189,414789.0,277526.0,166382.0,16073.0,3255.0,878025.0
WN,2026,3,122295,1911,282,120102,89310,30792,1012222.0,1897706.0,1983666.0,16391180.0,15419953.0,2286309.899999998,111628,15060052.0,30772,888337.0,506978.0,309297.0,35850.0,10233.0,1750695.0
WN,2026,4,117813,309,174,117330,91072,26258,556853.0,1364329.0,1326105.0,15761920.0,14992758.0,2057503.8000000005,107710,14323800.0,26238,602148.0,362549.0,222640.0,21308.0,2672.0,1211317.0
WN,2026,5,120646,474,320,119852,86726,33126,1139666.0,1884783.0,2005640.0,16048960.0,15182986.0,2074254.2999999998,110416,14645275.0,33108,885363.0,514486.0,281515.0,39256.0,4239.0,1724859.0
WN,2026,6,120933,744,446,119743,79005,40738,1823105.0,2407443.0,2550921.0,16012020.0,15284204.0,1926191.0000000014,110446,14687825.0,40719,1213117.0,631040.0,328471.0,60652.0,5174.0,2238454.0
WN,2026,7,124994,1419,711,122864,85002,37862,1632342.0,2297831.0,2487060.0,16450885.0,15596167.0,2046868.5999999987,114172,15207745.0,37835,1097517.0,606008.0,347032.0,70251.0,6708.0,2127516.0
YV,2018,1,16353,984,37,15332,12578,2754,68026.0,201229.0,134879.0,1740272.0,1673419.0,278225.5000000001,16264,1852541.0,2754,64328.0,79233.0,30461.0,11623.0,291.0,185936.0
YV,2018,2,14630,437,45,14148,10930,3218,131390.0,242338.0,173866.0,1646431.0,1603953.0,257937.4,14616,1699125.0,3218,93726.0,68042.0,41230.0,24527.0,541.0,228066.0
YV,2018,3,16075,402,31,15642,13639,2003,3521.0,135194.0,58243.0,1773100.0,1718383.0,259874.9000000001,15958,1810501.0,2003,41832.0,50887.0,18325.0,8077.0,379.0,119500.0
YV,2018,4,16726,214,38,16474,14237,2237,21305.0,162560.0,75851.0,1817800.0,1763254.0,258369.39999999947,16696,1841932.0,2237,49886.0,62233.0,26097.0,9129.0,221.0,147566.0
YV,2018,5,17866,400,32,17434,14683,2751,61631.0,221143.0,149521.0,1903996.0,1816106.0,281846.5999999997,17853,1949293.0,2751,88349.0,65233.0,35019.0,18178.0,157.0,206936.0
YV,2018,6,18527,405,34,18088,14639,3449,140339.0,267343.0,194409.0,1925047.0,1870977.0,260208.50000000093,18452,1958470.0,3449,110978.0,79429.0,32896.0,24565.0,322.0,248190.0
YV,2018,7,19702,371,53,19278,14724,4554,241536.0,355165.0,268992.0,2043908.0,2016452.0,251578.60000000114,19691,2085325.0,4554,146970.0,97842.0,50949.0,35862.0,320.0,331943.0
YV,2018,8,19986,469,51,19466,15071,4395,242595.0,366748.0,270178.0,2070726.0,2043143.0,261229.50000000134,19870,2112276.0,4395,149512.0,116314.0,46626.0,32759.0,435.0,345646.0
YV,2018,9,18926,662,63,18201,13605,4596,269714.0,380304.0,286664.0,1918934.0,1901984.0,242272.70000000013,18781,1982325.0,4596,161338.0,113229.0,48108.0,34735.0,2305.0,359715.0
YV,2018,10,19306,532,46,18728,14098,4630,276064.0,383658.0,282213.0,2028698.0,2022549.0,254476.40000000037,19286,2087782.0,4630,155313.0,119775.0,51771.0,31895.0,928.0,359682.0
YV,2018,11,18465,220,44,18201,14061,4140,191686.0,295062.0,199389.0,2040499.0,2032796.0,272244.30000000214,18358,2057487.0,4140,116370.0,102776.0,36096.0,14923.0,318.0,270483.0
YV,2018,12,18576,432,41,18103,14139,3964,203298.0,319066.0,238638.0,2056714.0,2021374.0,277326.3000000005,18480,2098604.0,3964,118510.0,108190.0,43595.0,25256.0,372.0,295923.0
YV,2019,1,18346,477,40,17829,14519,3310,106396.0,241938.0,156696.0,2046364.0,1996064.0,285063.29999999993,18275,2096274.0,3310,84755.0,87565.0,33019.0,16873.0,450.0,222662.0
YV,2019,2,16519,566,44,15909,11944,3965,209360.0,310713.0,228189.0,1812829.0,1794000.0,253452.70000000074,16486,1877267.0,3965,118000.0,102661.0,45781.0,24666.0,223.0,291331.0
YV,2019,3,18836,429,29,18378,14796,3582,137909.0,265921.0,179762.0,2074637.0,2032784.0,285676.3999999992,18773,2116072.0,3582,103422.0,91906.0,35490.0,13360.0,284.0,244462.0
YV,2019,4,18171,479,54,17638,14456,3182,139905.0,283036.0,197989.0,2015898.0,1957814.0,274281.3000000007,18066,2062389.0,3182,116733.0,80193.0,30916.0,38317.0,161.0,266320.0
YV,2019,5,19594,976,78,18540,14560,3980,239094.0,375459.0,291760.0,2079932.0,2027266.0,281582.3999999997,19494,2184380.0,3980,148361.0,95388.0,52634.0,61714.0,242.0,358339.0
YV,2019,6,19924,1066,60,18798,13651,5147,378677.0,492872.0,409766.0,2050454.0,2019365.0,271606.5999999995,19836,2157029.0,5147,224170.0,143733.0,58936.0,46327.0,382.0,473548.0
YV,2019,7,20122,639,49,19434,15369,4065,189810.0,334011.0,255785.0,2140078.0,2074103.0,282155.8000000001,20091,2208156.0,4065,138289.0,101060.0,48750.0,27890.0,178.0,316167.0
YV,2019,8,20105,730,49,19326,14861,4465,242514.0,388197.0,315769.0,2144350.0,2071095.0,295884.1999999992,19987,2212360.0,4465,171689.0,127946.0,47821.0,22997.0,567.0,371020.0
YV,2019,9,19099,548,61,18490,15428,3062,71998.0,249716.0,168956.0,2052133.0,1955165.0,300166.30000000075,19026,2118731.0,3062,103361.0,86870.0,28213.0,17311.0,109.0,235864.0
YV,2019,10,19762,393,38,19331,14907,4424,239016.0,392784.0,305238.0,2142137.0,2075915.0,313256.20000000205,19561,2169710.0,4424,174911.0,121582.0,57597.0,20161.0,203.0,374454.0
YV,2019,11,18567,108,33,18426,15442,2984,73475.0,241007.0,159673.0,2082741.0,1996543.0,318377.20000000356,18366,2078816.0,2984,101942.0,94087.0,22491.0,5460.0,217.0,224197.0
YV,2019,12,18843,298,58,18487,13965,4522,280251.0,421069.0,361281.0,2130644.0,2049614.0,308334.89999999944,18597,2143604.0,4522,212093.0,142485.0,30524.0,16910.0,348.0,402360.0
YV,2020,1,17836,295,68,17473,14355,3118,102245.0,256152.0,173651.0,2060853.0,1989447.0,308803.7,17785,2099288.0,3118,103975.0,82828.0,28951.0,23706.0,296.0,239756.0
YV,2020,2,16679,89,40,16550,13869,2681,71880.0,219117.0,139364.0,1996051.0,1928567.0,292968.3000000013,16584,2000228.0,2681,66061.0,98147.0,30215.0,8231.0,179.0,202833.0
YV,2020,3,18273,3011,28,15234,12987,2247,20149.0,180934.0,85848.0,1834478.0,1768779.0,311819.0000000003,18083,2171772.0,2247,58377.0,65604.0,38025.0,7353.0,60.0,169419.0
YV,2020,4,9157,3691,6,5460,5150,310,-72293.0,20908.0,-25278.0,619526.0,572511.0,140029.69999999975,9054,1001482.0,310,2374.0,11398.0,3910.0,1249.0,65.0,18996.0
YV,2020,5,6945,262,19,6664,6260,404,-67269.0,28110.0,-10439.0,736450.0,679620.0,109398.89999999951,6775,748456.0,404,5218.0,13835.0,4326.0,1366.0,23.0,24768.0
YV,2020,6,5040,5,7,5028,4527,501,-9904.0,35941.0,5809.0,543361.0,527648.0,58675.90000000005,5040,544297.0,501,4029.0,11509.0,7873.0,7914.0,80.0,31405.0
YV,2020,7,9117,102,13,9002,7800,1202,45367.0,121129.0,62872.0,1006868.0,989363.0,106255.9999999998,8989,1012455.0,1202,19781.0,57345.0,28058.0,7378.0,175.0,112737.0
YV,2020,8,9972,296,19,9657,8749,908,-34358.0,58405.0,-8262.0,1098777.0,1072681.0,118548.0999999997,9964,1138565.0,908,9872.0,17751.0,15170.0,7930.0,17.0,50740.0
YV,2020,9,10710,117,21,10572,9613,959,-49224.0,72064.0,16969.0,1294659.0,1228466.0,176933.09999999992,10658,1304035.0,959,17314.0,21210.0,15427.0,10146.0,33.0,64130.0
YV,2020,10,9806,57,20,9729,8613,1116,-12268.0,93199.0,42983.0,1156980.0,1101729.0,159955.09999999945,9751,1156488.0,1116,28089.0,23693.0,23611.0,9845.0,9.0,85247.0
YV,2020,11,11004,137,11,10856,9618,1238,-27633.0,95228.0,36578.0,1319701.0,1255490.0,197965.39999999868,10728,1291626.0,1238,33844.0,34100.0,13372.0,3923.0,18.0,85257.0
YV,2020,12,11659,188,28,11443,9606,1837,19210.0,139517.0,85301.0,1436834.0,1370743.0,224621.5000000007,11527,1445603.0,1837,41636.0,41934.0,36740.0,7677.0,248.0,128235.0
YV,2021,1,11232,172,16,11044,9742,1302,-45123.0,104989.0,43034.0,1460612.0,1372455.0,240379.10000000047,11197,1480326.0,1302,20479.0,34199.0,27725.0,14356.0,100.0,96859.0
YV,2021,2,10191,1508,16,8667,7210,1457,29706.0,127822.0,82729.0,1165188.0,1112165.0,211944.5,10131,1358777.0,1457,33088.0,31362.0,32163.0,23890.0,63.0,120566.0
YV,2021,3,12573,133,38,12402,10814,1588,-33762.0,117796.0,63462.0,1642648.0,1545424.0,271492.4999999968,12498,1650584.0,1588,32611.0,39481.0,28495.0,7575.0,183.0,108345.0
YV,2021,4,12530,89,25,12416,10659,1757,-528.0,139882.0,82802.0,1561665.0,1478335.0,253542.29999999725,12523,1575371.0,1757,50728.0,42048.0,29897.0,7281.0,293.0,130247.0
YV,2021,5,13095,229,66,12800,10279,2521,128162.0,249339.0,192461.0,1607222.0,1542923.0,242971.09999999806,13061,1639432.0,2521,71855.0,58601.0,65049.0,42903.0,176.0,238584.0
YV,2021,6,14252,309,65,13878,9963,3915,286137.0,375889.0,326199.0,1714195.0,1674133.0,227949.69999999934,14182,1752390.0,3915,133764.0,98503.0,77144.0,51730.0,375.0,361516.0
YV,2021,7,15755,409,67,15279,10374,4905,387139.0,477228.0,425224.0,1888315.0,1850230.0,251926.59999999916,15694,1935745.0,4905,211879.0,138920.0,49299.0,59904.0,169.0,460171.0
YV,2021,8,15619,464,68,15087,11306,3781,253360.0,358173.0,300192.0,1880637.0,1833805.0,249385.59999999945,15499,1927098.0,3781,128190.0,122353.0,42869.0,48369.0,131.0,341912.0
YV,2021,9,13796,160,23,13613,11625,1988,24717.0,148861.0,98328.0,1697568.0,1623957.0,234209.19999999975,13665,1701004.0,1988,48553.0,56100.0,17266.0,14577.0,78.0,136574.0
YV,2021,10,14610,299,38,14273,11191,3082,142968.0,261592.0,223209.0,1765348.0,1685107.0,266050.8999999986,14463,1788077.0,3082,87509.0,115360.0,26345.0,18296.0,211.0,247721.0
YV,2021,11,13454,282,20,13152,10696,2456,87960.0,222023.0,202178.0,1642414.0,1528196.0,279467.5999999971,13287,1654468.0,2456,90805.0,103103.0,12623.0,4394.0,346.0,211271.0
YV,2021,12,12702,764,29,11909,9415,2494,125517.0,235926.0,228372.0,1524765.0,1421910.0,259938.50000000035,12526,1592450.0,2494,88546.0,116177.0,11813.0,6715.0,1319.0,224570.0
YV,2022,1,11404,1456,28,9920,7719,2201,110702.0,207800.0,187750.0,1289914.0,1212866.0,236397.19999999934,11378,1480379.0,2201,47092.0,110708.0,30791.0,10609.0,120.0,199320.0
YV,2022,2,9881,679,17,9185,7378,1807,78889.0,165014.0,144205.0,1190603.0,1125287.0,196636.10000000038,9814,1272696.0,1807,38873.0,82573.0,21044.0,13918.0,143.0,156551.0
YV,2022,3,9814,99,25,9690,8096,1594,50586.0,149079.0,120112.0,1259768.0,1190242.0,193639.89999999906,9714,1261700.0,1594,32718.0,70617.0,22572.0,14742.0,164.0,140813.0
YV,2022,4,10367,106,28,10233,8732,1501,29013.0,127484.0,89346.0,1215569.0,1155236.0,182540.99999999977,10326,1227937.0,1501,33209.0,57509.0,17733.0,10484.0,111.0,119046.0
YV,2022,5,11037,242,20,10775,8673,2102,100478.0,206151.0,176709.0,1305752.0,1229521.0,195908.99999999942,10916,1324246.0,2102,68872.0,92768.0,23701.0,12286.0,186.0,197813.0
YV,2022,6,9908,216,20,9672,7550,2122,131899.0,214028.0,192672.0,1154980.0,1094207.0,170956.39999999947,9851,1173055.0,2122,74755.0,94331.0,17858.0,17758.0,346.0,205048.0
YV,2022,7,9590,200,19,9371,7392,1979,102193.0,190417.0,168005.0,1136302.0,1070490.0,173490.79999999932,9547,1155389.0,1979,66689.0,87079.0,16097.0,12449.0,88.0,182402.0
YV,2022,8,8895,385,51,8459,6276,2183,147321.0,220538.0,195078.0,1052278.0,1004521.0,157187.99999999968,8840,1096329.0,2183,83598.0,84882.0,25200.0,19903.0,113.0,213696.0
YV,2022,9,8586,88,22,8476,7018,1458,45789.0,137139.0,111519.0,1051479.0,985749.0,152514.79999999926,8423,1038475.0,1458,52983.0,55059.0,14418.0,8692.0,316.0,131468.0
YV,2022,10,8694,109,21,8564,7126,1438,59751.0,143586.0,110943.0,973383.0,922191.0,150947.50000000067,8663,983655.0,1438,51978.0,59217.0,17014.0,8247.0,22.0,136478.0
YV,2022,11,8608,89,21,8498,7003,1495,48170.0,126157.0,93342.0,961175.0,916003.0,156600.89999999935,8526,963157.0,1495,41827.0,47021.0,20889.0,8744.0,60.0,118541.0
YV,2022,12,7995,141,32,7822,5907,1915,125806.0,187285.0,163772.0,897057.0,859091.0,140858.1000000009,7886,903984.0,1915,73588.0,70355.0,19583.0,15410.0,136.0,179072.0
YX,2018,1,25212,1375,45,23792,19215,4577,57190.0,303200.0,172411.0,3071197.0,2956108.0,556195.4999999948,25085,3238739.0,4577,101620.0,67652.0,87351.0,23820.0,216.0,280659.0
YX,2018,2,23244,434,48,22762,18666,4096,29880.0,262772.0,128156.0,2882299.0,2784564.0,503046.00000000146,23015,2921789.0,4096,87134.0,56271.0,89935.0,8990.0,372.0,242702.0
YX,2018,3,26927,2078,38,24811,20907,3904,-22100.0,235467.0,111287.0,3125850.0,2992523.0,599210.5000000057,26576,3356838.0,3904,83194.0,52295.0,67645.0,8340.0,204.0,211678.0
YX,2018,4,26219,660,56,25503,21066,4437,50786.0,317523.0,177586.0,3220299.0,3093273.0,575630.7999999992,26121,3299013.0,4437,112230.0,64575.0,100623.0,18325.0,76.0,295829.0
YX,2018,5,27398,715,87,26596,21854,4742,44548.0,335203.0,204088.0,3335640.0,3176137.0,594645.0999999997,27372,3428386.0,4742,113743.0,68353.0,111834.0,20580.0,232.0,314742.0
YX,2018,6,27690,573,81,27036,21295,5741,160170.0,408177.0,284767.0,3348907.0,3224399.0,584699.4,27464,3403280.0,5741,144797.0,99723.0,120169.0,17682.0,179.0,382550.0
YX,2018,7,27536,1167,82,26287,20816,5471,165059.0,417273.0,281020.0,3256817.0,3141531.0,579398.699999996,27447,3401037.0,5471,146414.0,79557.0,148630.0,21075.0,103.0,395779.0
YX,2018,8,28258,1495,74,26689,20915,5774,202300.0,442236.0,285222.0,3276868.0,3194012.0,572056.9999999957,28126,3457913.0,5774,155420.0,81102.0,160484.0,22166.0,426.0,419598.0
YX,2018,9,25617,582,52,24983,20593,4390,69283.0,306434.0,143454.0,3023373.0,2949190.0,482834.1000000003,25541,3085556.0,4390,102804.0,53353.0,115365.0,13428.0,74.0,285024.0
YX,2018,10,26881,221,60,26600,22044,4556,47480.0,285148.0,119937.0,3211796.0,3139778.0,518518.10000000085,26841,3239281.0,4556,94729.0,55756.0,101710.0,5299.0,151.0,257645.0
YX,2018,11,25462,557,51,24854,19913,4941,113170.0,327639.0,177792.0,3049731.0,2985067.0,546405.9999999999,25374,3113742.0,4941,115134.0,69890.0,105341.0,10825.0,289.0,301479.0
YX,2018,12,25639,243,60,25336,21066,4270,19941.0,271236.0,134084.0,3189046.0,3074971.0,544375.2999999996,25502,3207289.0,4270,93844.0,57145.0,84872.0,9827.0,120.0,245808.0
YX,2019,1,25755,1132,54,24569,18705,5864,211810.0,437674.0,276734.0,3094641.0,3029737.0,565717.700000004,25671,3226037.0,5864,157252.0,85013.0,150893.0,20263.0,190.0,413611.0
YX,2019,2,23786,952,50,22784,18266,4518,85798.0,307408.0,157864.0,2873761.0,2801613.0,521401.40000000095,23700,2989309.0,4518,108792.0,58563.0,98788.0,18371.0,359.0,284873.0
YX,2019,3,27277,348,35,26894,22499,4395,39872.0,297772.0,147033.0,3375705.0,3268653.0,579948.0999999992,27184,3408697.0,4395,103103.0,69697.0,88571.0,10998.0,202.0,272571.0
YX,2019,4,27048,572,55,26421,21207,5214,140670.0,382462.0,233527.0,3245794.0,3152468.0,555352.4000000004,26933,3311184.0,5214,135945.0,85145.0,123736.0,14304.0,170.0,359300.0
YX,2019,5,28147,677,109,27361,22054,5307,146130.0,397237.0,240550.0,3390279.0,3295854.0,577782.5000000052,27954,3459723.0,5307,139277.0,63364.0,145388.0,24675.0,377.0,373081.0
YX,2019,6,27671,681,144,26846,20345,6501,311171.0,526770.0,374933.0,3343754.0,3280215.0,562366.1999999947,27544,3432565.0,6501,203465.0,89178.0,185227.0,22890.0,568.0,501328.0
YX,2019,7,28158,1249,114,26795,21481,5314,205331.0,459249.0,306553.0,3334775.0,3233717.0,571244.0000000007,28063,3491533.0,5314,151928.0,97712.0,158755.0,27926.0,676.0,436997.0
YX,2019,8,28997,927,102,27968,21472,6496,261211.0,506434.0,337385.0,3435488.0,3359232.0,589965.3999999912,28839,3543947.0,6496,192535.0,86647.0,178633.0,23958.0,351.0,482124.0
YX,2019,9,27512,329,41,27142,23566,3576,-63245.0,242146.0,73284.0,3297442.0,3160780.0,547897.1999999984,27364,3324953.0,3576,80019.0,44941.0,89007.0,8404.0,276.0,222647.0
YX,2019,10,28754,126,44,28584,23561,5023,66983.0,346392.0,188382.0,3487634.0,3366237.0,598143.1999999983,28634,3495388.0,5023,125726.0,58166.0,133109.0,5457.0,231.0,322689.0
YX,2019,11,27167,141,22,27004,23548,3456,-87399.0,219966.0,69103.0,3324403.0,3167855.0,606587.3000000013,27013,3324963.0,3456,74128.0,50069.0,68244.0,6305.0,164.0,198910.0
YX,2019,12,28877,558,72,28247,22206,6041,179509.0,453428.0,299179.0,3595761.0,3476139.0,632458.0999999983,28554,3634669.0,6041,181954.0,78608.0,150751.0,15920.0,313.0,427546.0
YX,2020,1,29123,252,45,28826,25398,3428,-153331.0,223073.0,53956.0,3690338.0,3483195.0,681004.0999999933,29016,3715325.0,3428,68534.0,54427.0,63968.0,14033.0,185.0,201147.0
YX,2020,2,27560,188,72,27300,22896,4404,-700.0,332517.0,170768.0,3494195.0,3322789.0,645773.3999999998,27441,3512273.0,4404,141310.0,58914.0,101394.0,9941.0,63.0,311622.0
YX,2020,3,29967,4194,28,25745,23667,2078,-263070.0,125301.0,-53126.0,3275941.0,3066306.0,674673.5999999993,29483,3737009.0,2078,34248.0,36293.0,37200.0,2024.0,60.0,109825.0
YX,2020,4,12100,4885,7,7208,6927,281,-129362.0,19442.0,-34638.0,852839.0,758115.0,234075.10000000265,11980,1418824.0,281,2986.0,11882.0,1766.0,1088.0,0.0,17722.0
YX,2020,5,5977,191,4,5782,5594,188,-89898.0,16174.0,-22214.0,640299.0,572615.0,112326.30000000015,5895,654868.0,188,5760.0,6395.0,2024.0,370.0,0.0,14549.0
YX,2020,6,8925,6,8,8911,8484,427,-113400.0,26418.0,-30176.0,1002891.0,919667.0,152599.69999999952,8907,1002562.0,427,4808.0,8167.0,7201.0,3014.0,18.0,23208.0
YX,2020,7,16849,172,42,16635,15437,1198,-157147.0,89798.0,-27697.0,1797085.0,1667635.0,283050.8999999983,16736,1811789.0,1198,17610.0,25720.0,26444.0,11944.0,614.0,82332.0
YX,2020,8,16743,227,32,16484,15461,1023,-182867.0,67575.0,-48307.0,1760563.0,1626003.0,287103.6999999987,16557,1766799.0,1023,11395.0,15934.0,23447.0,8474.0,95.0,59345.0
YX,2020,9,15378,15,21,15342,14728,614,-206636.0,41176.0,-52373.0,1735585.0,1581322.0,290004.29999999865,15254,1725252.0,614,7426.0,17214.0,8716.0,1198.0,177.0,34731.0
YX,2020,10,17370,18,23,17329,16227,1102,-160908.0,63470.0,-47777.0,1976989.0,1863903.0,307906.6000000003,17338,1977316.0,1102,12129.0,15176.0,19450.0,3659.0,167.0,50581.0
YX,2020,11,18501,59,26,18416,17178,1238,-164440.0,82501.0,-36083.0,2147029.0,2018672.0,346703.4000000001,18359,2137981.0,1238,18355.0,28297.0,20265.0,2958.0,156.0,70031.0
YX,2020,12,21257,311,13,20933,19042,1891,-126821.0,128993.0,8524.0,2497891.0,2362491.0,393592.5999999981,21094,2515411.0,1891,26760.0,51931.0,26857.0,7736.0,392.0,113676.0
YX,2021,1,21720,271,28,21421,19582,1839,-183058.0,134482.0,3003.0,2567039.0,2381139.0,467507.99999999715,21628,2592003.0,1839,28896.0,41704.0,39195.0,11711.0,395.0,121901.0
YX,2021,2,20379,1121,47,19211,16450,2761,-37461.0,189295.0,68265.0,2296046.0,2189992.0,433325.2999999997,20272,2437084.0,2761,44418.0,63215.0,51472.0,14527.0,400.0,174032.0
YX,2021,3,25776,36,58,25682,23761,1921,-206754.0,137095.0,-325.0,3099885.0,2893366.0,541690.6000000037,25625,3088695.0,1921,37368.0,51261.0,27394.0,5637.0,415.0,122075.0
YX,2021,4,26509,95,40,26374,24226,2148,-187655.0,165100.0,39364.0,3163868.0,2937038.0,554753.9999999956,26417,3168749.0,2148,40804.0,70782.0,30435.0,6461.0,344.0,148826.0
YX,2021,5,29189,70,54,29065,26690,2375,-192923.0,170775.0,46928.0,3452921.0,3213296.0,593139.0000000003,28867,3428072.0,2375,44061.0,74298.0,28795.0,4495.0,164.0,151813.0
YX,2021,6,30951,614,105,30232,24085,6147,228731.0,513121.0,388044.0,3575635.0,3416510.0,595156.1,30656,3621915.0,6147,173670.0,160019.0,117423.0,35481.0,612.0,487205.0
YX,2021,7,32700,1285,133,31282,24115,7167,339013.0,574277.0,423531.0,3642083.0,3557954.0,569661.9000000018,32502,3784815.0,7167,194727.0,186767.0,119806.0,38052.0,1304.0,540656.0
YX,2021,8,31830,1356,117,30357,23474,6883,316900.0,548701.0,370223.0,3503270.0,3450350.0,523572.90000000026,31611,3653604.0,6883,172282.0,174543.0,131080.0,38108.0,529.0,516542.0
YX,2021,9,29780,710,49,29021,25788,3233,-77446.0,250783.0,97858.0,3404598.0,3229640.0,553993.6000000065,29538,3473418.0,3233,72826.0,85192.0,54692.0,17201.0,89.0,230000.0
YX,2021,10,29086,177,36,28873,25629,3244,-78329.0,215058.0,58402.0,3332746.0,3196130.0,526903.4000000034,28975,3339904.0,3244,59333.0,67962.0,55208.0,7682.0,527.0,190712.0
YX,2021,11,27548,49,29,27470,23637,3833,-25758.0,222388.0,66327.0,3259994.0,3167858.0,552861.0000000052,26918,3185428.0,3833,67820.0,60492.0,60443.0,2139.0,592.0,191486.0
YX,2021,12,27592,66,52,27474,23510,3964,-22044.0,241714.0,92210.0,3337755.0,3223550.0,576525.9000000026,27381,3324470.0,3964,53343.0,77840.0,63501.0,18831.0,423.0,213938.0
YX,2022,1,27260,2868,78,24314,19308,5006,80243.0,330023.0,166934.0,2989580.0,2903098.0,602646.5999999973,27143,3331720.0,5006,97233.0,111629.0,81730.0,16021.0,220.0,306833.0
YX,2022,2,24630,1471,52,23107,18213,4894,119314.0,355806.0,211967.0,2852219.0,2760011.0,554287.5999999988,24549,3032878.0,4894,131374.0,93378.0,96393.0,14098.0,345.0,335588.0
YX,2022,3,30092,855,131,29106,22879,6227,204736.0,468366.0,288248.0,3475564.0,3391823.0,646148.9000000034,29852,3568058.0,6227,162220.0,127820.0,130074.0,19462.0,558.0,440134.0
YX,2022,4,29963,638,61,29264,23740,5524,120353.0,387286.0,233332.0,3434474.0,3321495.0,631315.0000000037,29793,3492159.0,5524,146700.0,98272.0,99538.0,14191.0,158.0,358859.0
YX,2022,5,31089,1954,98,29037,21392,7645,358869.0,601438.0,448108.0,3385797.0,3296469.0,655016.499999996,30614,3573600.0,7645,233730.0,168503.0,143842.0,26306.0,158.0,572539.0
YX,2022,6,28130,2484,86,25560,19674,5886,256562.0,477455.0,337573.0,2962172.0,2881169.0,584974.8999999987,27757,3217869.0,5886,148174.0,144639.0,130615.0,29335.0,238.0,453001.0
YX,2022,7,26710,1195,97,25418,20029,5389,183312.0,423918.0,269751.0,2971919.0,2885480.0,562865.3999999976,26503,3094846.0,5389,157776.0,108035.0,106759.0,29254.0,119.0,401943.0
YX,2022,8,26685,1846,52,24787,20003,4784,113350.0,361489.0,212702.0,2888270.0,2788910.0,569843.099999998,26428,3078178.0,4784,106853.0,98763.0,107676.0,26715.0,222.0,340229.0
YX,2022,9,25332,370,24,24938,21707,3231,-53792.0,213604.0,52973.0,2816665.0,2709949.0,510534.9000000024,25006,2822245.0,3231,66245.0,48798.0,68564.0,9772.0,241.0,193620.0
YX,2022,10,23836,223,42,23571,20070,3501,-14571.0,229691.0,80905.0,2653219.0,2557743.0,495910.10000000504,23591,2655213.0,3501,75568.0,46324.0,80384.0,7561.0,157.0,209994.0
YX,2022,11,22021,346,47,21628,18286,3342,-20384.0,218388.0,80946.0,2480554.0,2379315.0,499799.30000000587,21651,2474095.0,3342,69371.0,45314.0,75007.0,10006.0,327.0,200025.0
YX,2022,12,20772,612,43,20117,16601,3516,5468.0,230108.0,105609.0,2383749.0,2283818.0,483607.6000000009,20001,2365125.0,3516,63596.0,53637.0,78414.0,15997.0,173.0,211817.0
YX,2023,1,24476,386,41,24049,20096,3953,-39000.0,264395.0,93900.0,2853479.0,2720424.0,584663.8999999927,23520,2790526.0,3953,82097.0,45812.0,103794.0,13079.0,61.0,244843.0
YX,2023,2,23728,388,35,23305,20021,3284,-97382.0,202783.0,50766.0,2717301.0,2568883.0,553331.2999999978,22664,2642637.0,3284,59476.0,43626.0,69039.0,13559.0,42.0,185742.0
YX,2023,3,27885,440,38,27407,23643,3764,-71186.0,229471.0,47939.0,3153642.0,3034587.0,614335.3999999933,26222,3020970.0,3764,58133.0,64436.0,73857.0,7838.0,227.0,204491.0
YX,2023,4,27104,689,85,26330,22466,3864,-13191.0,305213.0,149315.0,3039421.0,2876919.0,591440.5000000001,25593,2949156.0,3864,111660.0,67466.0,85590.0,20807.0,243.0,285766.0
YX,2023,5,26539,22,29,26488,24536,1952,-257768.0,117551.0,-33950.0,3036567.0,2812749.0,590212.9000000006,24753,2832399.0,1952,36877.0,34458.0,27730.0,1481.0,159.0,100705.0
YX,2023,6,23752,1393,70,22289,18280,4009,67001.0,309311.0,172682.0,2548809.0,2443191.0,509206.89999999496,22109,2515485.0,4009,88654.0,63437.0,111597.0,27949.0,256.0,291893.0
YX,2023,7,25385,2621,114,22650,17348,5302,224751.0,448229.0,303646.0,2595202.0,2516307.0,548556.1999999961,23647,2696613.0,5302,127921.0,101685.0,149431.0,49680.0,289.0,429006.0
YX,2023,8,24333,384,43,23906,20942,2964,-101458.0,206802.0,66525.0,2742416.0,2574650.0,529037.099999995,22662,2578931.0,2964,64936.0,49496.0,59377.0,15604.0,469.0,189882.0
YX,2023,9,24839,1707,64,23068,19584,3484,8306.0,278767.0,139177.0,2640156.0,2509285.0,521060.4000000047,23154,2626185.0,3484,74417.0,69263.0,95902.0,22140.0,367.0,262089.0
YX,2023,10,23589,0,28,23561,21843,1718,-228134.0,102960.0,-35573.0,2688323.0,2495762.0,497271.6999999991,22091,2491335.0,1718,35880.0,28116.0,23974.0,1127.0,191.0,89288.0
YX,2023,11,22002,2,14,21986,20675,1311,-245818.0,73747.0,-60689.0,2588354.0,2403414.0,499858.40000000247,20725,2417149.0,1311,19272.0,21647.0,19151.0,870.0,75.0,61015.0
YX,2023,12,21641,131,61,21449,19620,1829,-214376.0,119937.0,-1683.0,2569191.0,2356523.0,506066.10000000196,20365,2409402.0,1829,37857.0,31373.0,31294.0,6200.0,185.0,106909.0
YX,2024,1,22914,1061,48,21805,18091,3714,6992.0,291683.0,135614.0,2601549.0,2472708.0,528605.2000000012,21768,2561038.0,3714,98182.0,66426.0,80555.0,30771.0,116.0,276050.0
YX,2024,2,21602,304,24,21274,19621,1653,-237235.0,107232.0,-36382.0,2516097.0,2314309.0,490989.5000000011,20322,2374756.0,1653,35325.0,23022.0,31051.0,5810.0,170.0,95378.0
YX,2024,3,24348,60,35,24253,22131,2122,-208643.0,137868.0,-9536.0,2846224.0,2647163.0,545939.4000000008,22921,2659484.0,2122,38961.0,34289.0,41900.0,7276.0,242.0,122668.0
YX,2024,4,23863,220,51,23592,20730,2862,-85273.0,196824.0,48114.0,2749930.0,2616463.0,497861.0999999954,22483,2592093.0,2862,58213.0,51282.0,59307.0,10711.0,156.0,179669.0
YX,2024,5,25551,284,73,25194,21271,3923,21179.0,298561.0,144442.0,2888252.0,2765094.0,519419.70000000007,23881,2714237.0,3923,103353.0,65265.0,89066.0,21891.0,262.0,279837.0
YX,2024,6,24504,773,57,23674,19839,3835,60323.0,321930.0,175169.0,2673534.0,2558405.0,511343.9999999994,23173,2587757.0,3835,85170.0,81004.0,96895.0,40766.0,142.0,303977.0
YX,2024,7,25613,719,91,24803,19250,5553,224803.0,466780.0,310299.0,2808297.0,2723204.0,540618.5999999972,24146,2701099.0,5553,141523.0,126402.0,146148.0,32172.0,205.0,446450.0
YX,2024,8,25916,1841,79,23996,19182,4814,148566.0,384698.0,221428.0,2691098.0,2618274.0,538078.6999999991,24458,2719362.0,4814,108939.0,98864.0,117265.0,38567.0,351.0,363986.0
YX,2024,9,25425,85,28,25312,22758,2554,-153174.0,153333.0,-13990.0,2861243.0,2722159.0,531531.5000000049,24235,2716662.0,2554,41865.0,37698.0,49081.0,7153.0,102.0,135899.0
YX,2024,10,27159,34,22,27103,24904,2199,-225254.0,130552.0,-43103.0,3066362.0,2884232.0,573258.3000000025,26086,2922335.0,2199,32735.0,36719.0,41007.0,2116.0,163.0,112740.0
YX,2024,11,27291,26,21,27244,23893,3351,-119622.0,214643.0,48378.0,3139721.0,2971742.0,602685.5000000009,26219,2985849.0,3351,63458.0,50054.0,74346.0,7549.0,395.0,195802.0
YX,2024,12,27279,169,54,27056,22082,4974,37456.0,316422.0,164356.0,3210308.0,3083514.0,605603.4999999999,26001,3052126.0,4974,109936.0,75677.0,92464.0,13332.0,296.0,291705.0
YX,2025,1,27833,1119,31,26683,22409,4274,-61124.0,254792.0,69356.0,3191689.0,3061274.0,668377.1000000006,26835,3180232.0,4274,66936.0,69618.0,83863.0,11020.0,181.0,231618.0
YX,2025,2,25483,891,60,24532,19259,5273,118767.0,373869.0,189458.0,2893787.0,2823098.0,571108.5999999966,24559,2867623.0,5273,118298.0,90072.0,124245.0,18949.0,250.0,351814.0
YX,2025,3,28824,338,64,28422,24018,4404,6583.0,322082.0,133955.0,3311092.0,3183661.0,626558.7000000027,27672,3196210.0,4404,103567.0,79226.0,99373.0,16939.0,251.0,299356.0
YX,2025,4,28384,237,40,28107,23581,4526,10344.0,293624.0,117264.0,3207696.0,3100977.0,612287.5999999965,26982,3054720.0,4526,85593.0,72371.0,97648.0,11278.0,110.0,267000.0
YX,2025,5,28067,741,57,27269,20708,6561,286911.0,512276.0,314596.0,3073776.0,3046267.0,584173.6999999976,26507,2963575.0,6561,164554.0,91764.0,203295.0,25121.0,586.0,485320.0
YX,2025,6,28872,1268,96,27508,20307,7201,377706.0,621810.0,450016.0,3102919.0,3030550.0,618816.4,27148,3029773.0,7201,227697.0,143115.0,185903.0,41391.0,266.0,598372.0
YX,2025,7,30396,2727,106,27563,20048,7515,432553.0,681280.0,525754.0,3155231.0,3062895.0,688986.4999999997,28639,3252881.0,7515,224694.0,165380.0,209951.0,58408.0,177.0,658610.0
YX,2025,8,29958,522,52,29384,24496,4888,32708.0,369156.0,223126.0,3378446.0,3187032.0,685920.799999999,28367,3236699.0,4888,117965.0,99901.0,102435.0,26967.0,113.0,347381.0
YX,2025,9,28283,393,46,27844,23185,4659,29875.0,339635.0,172361.0,3229825.0,3087755.0,633193.0999999988,27030,3101616.0,4659,109532.0,68416.0,122160.0,18367.0,400.0,318875.0
YX,2025,10,30376,542,42,29792,22706,7086,225632.0,477890.0,265445.0,3443975.0,3404332.0,674898.3999999977,29061,3328113.0,7086,173654.0,80815.0,181058.0,11159.0,231.0,446917.0
YX,2025,11,29356,1568,46,27742,21231,6511,215670.0,500743.0,292490.0,3267819.0,3191000.0,730981.5999999993,28254,3288719.0,6511,185081.0,95861.0,181998.0,15260.0,202.0,478402.0
YX,2025,12,30203,952,54,29197,20238,8959,460210.0,708259.0,531380.0,3534524.0,3463490.0,741750.7999999999,28762,3433758.0,8959,312140.0,143384.0,182369.0,41266.0,519.0,679678.0
YX,2026,1,29572,2420,40,27112,21574,5538,68102.0,394244.0,228886.0,3369858.0,3209237.0,771873.2999999964,28379,3493303.0,5538,137407.0,118262.0,95150.0,21259.0,184.0,372262.0
YX,2026,2,27458,1895,52,25511,20377,5134,47047.0,332433.0,171266.0,3117406.0,2993187.0,669569.4999999998,26344,3183371.0,5134,134326.0,68536.0,88553.0,17670.0,185.0,309270.0
YX,2026,3,31734,1843,100,29791,21735,8056,353019.0,624522.0,453979.0,3596106.0,3495112.0,759960.1000000025,30524,3645452.0,8056,233618.0,154257.0,183929.0,24552.0,1357.0,597713.0
YX,2026,4,31013,333,64,30616,25038,5578,18280.0,394686.0,220013.0,3697540.0,3495807.0,775786.8000000058,29267,3494977.0,5578,163104.0,78090.0,115220.0,15532.0,118.0,372064.0
YX,2026,5,32203,445,82,31676,26737,4939,-44044.0,351318.0,187476.0,3773040.0,3541912.0,793718.8000000069,29998,3538775.0,4939,120873.0,87990.0,99630.0,20237.0,379.0,329109.0
YX,2026,6,30928,1105,93,29730,24194,5536,98929.0,468201.0,311874.0,3530853.0,3318082.0,783682.0999999943,28812,3383006.0,5536,162126.0,100154.0,148222.0,37126.0,621.0,448249.0
YX,2026,7,32082,2993,170,28919,21832,7087,339066.0,654564.0,512707.0,3425629.0,3252493.0,816017.5999999949,29698,3484886.0,7087,222746.0,157168.0,196545.0,56253.0,190.0,632902.0
